:020000040800F2
:10000000307F002019030008AF5E0008055000088B
:10001000AD5E000891210008E575000800000000B1
:100020000000000000000000000000008102000845
:100030006522000800000000C5020008696B000886
:1000400033030008330300083303000833030008B8
:1000500033030008330300083303000833030008A8
:100060003303000833030008330300083303000898
:10007000330300083303000833030008F9210008A4
:100080003303000833030008330300083303000878
:100090003303000833030008330300083303000868
:1000A000330300085D6D00083303000833030008C4
:1000B000696D0008330300083303000833030008A8
:1000C0003303000833030008330300083303000838
:1000D00033030008017300083303000833030008EA
:1000E0003303000833030008330300083303000818
:1000F0003303000833030008330300083303000808
:1001000033030008330300083303000833030008F7
:100110003303000833030008756D0008816D000883
:1001200033030008330300080522000833030008E6
:1001300000F002F800F094F80AA090E8000C824465
:100140008344AAF10107DA4501D100F089F8AFF242
:10015000090EBAE80F0013F0010F18BFFB1A43F0A5
:1001600001031847B0C40000D0C40000103A24BFF7
:1001700078C878C1FAD8520724BF30C830C144BF0C
:1001800004680C607047000000230024002500264E
:10019000103A28BF78C1FBD8520728BF30C148BFEA
:1001A0000B6070476E2900F00385702900F05B86B4
:1001B00066290BF0C98365290BF0C68367290BF00C
:1001C000C38361290BF0C28303681B0A28BF41F077
:1001D0008001692900F0E081642900F0DD81752942
:1001E00000F0DA816F2900F0E885782900F0278691
:1001F000E92900F08385E42900F08085F52900F0E5
:100200007D85EF2900F0E585F82900F02686036852
:10021000DB0928BF41F08001632900F004857329C0
:1002200000F00985E32901F07782F32901F07C824F
:10023000002070471FB59DE8030000F0F1FB01F0BE
:10024000CDFA0400002000210BF068FB401C606028
:10025000002000210BF04CFBE0601FBD10B510BD6D
:1002600001F08EFA1146FFF7E5FF08F08DFF01F06F
:100270006BFB03B4FFF7F2FF03BC01F09BFB000034
:10028000224B19680868B0E8F00F80F30988BFF3C3
:100290006F8F4FF0000080F311884EF00D0E704705
:1002A0000000000006480068006880F3088862B615
:1002B00061B6BFF34F8FBFF36F8F00DF00BF00BF8A
:1002C00008ED00E0EFF30980BFF36F8F0F4B1A6862
:1002D00020E9F00F106008B54FF0500080F311884E
:1002E000BFF34F8FBFF36F8F0AF0E6FB4FF00000B4
:1002F00080F31188BDE8084019680868B0E8F00F7D
:1003000080F30988BFF36F8F704700BF3000002073
:10031000EFF305807047000009488047094800470F
:10032000FEE7FEE7FEE7FEE7FEE7FEE7FEE7FEE7A5
:10033000FEE7FEE704480549054A064B7047000002
:10034000F16C00083101000830670020307F002088
:10035000306F0020306F002070B5064600F044FB7F
:10036000056806F10B0020F00704B4429CBF002092
:1003700070BD2B466A68BAB11068A04210D304F170
:10038000080188423CBF5068586007D35168101973
:1003900041601168091B016058601460101D70BD38
:1003A00013465268002AE7D12146284600F024FB74
:1003B0000028DED170BD70B50446051F00F014FBA7
:1003C0000068002C14BF446870BD002C18BFAC42FC
:1003D0003CBF20466468F8D301680A18AA4218BFD7
:1003E000456003D12A680546114401602868411917
:1003F000A1421CBF6C6070BD6168696021680844DF
:10040000286070BD53EA020C00F069802DE9F04BC2
:100410004FF00006002B1FBFB3FA83F503FA05F473
:1004200024FA05F65E4012BF1643B2FA82F502FACC
:1004300005F4C5F120051EBF22FA05FC44EA0C04B0
:10044000203556EA044C4FEA144418BF641C4FF0A0
:1004500000084FF00009904271EB030C39D30029DA
:1004600019BFB1FA81F701FA07F6B0FA80F700FA7E
:1004700007F6C7F120071EBF20FA07FC46EA0C0664
:100480002037B6FBF4FCA7EB0507103F07F01F0B66
:10049000CBF120060CFA0BFB2CFA06F644BFB34650
:1004A0000026202FA4BF5E464FF0000B5BEA060C2F
:1004B00008BF4FF0010B19EB0B09ABFB027C48EBBB
:1004C0000608C01B06FB02CC0BFB03CC71EB0C0136
:1004D000C1E70B46024641464846BDE8F08B13B5DE
:1004E0004FF000004FF00001AFF30080BDE81C406A
:1004F000704700001CB50C46064B7B4469460090D3
:10050000204600F06EFB04460020694600F07CFBAC
:1005100020461CBD0B0700000FB41CB5084B06AAF3
:100520007B4469460090059800F05BFB0446002080
:10053000694600F069FB20461CBC5DF814FB000016
:10054000E506000070B50C460546012A05D028785E
:10055000800600D5EA69002302E0012305E05B1C68
:10056000934202D2E05C0028F9D1A869E618C01ACB
:10057000A861286A18442862284600F087FA04E037
:10058000D5E9012114F8010B9047B442F8D328466D
:1005900000F092FA70BD00002DE9F04106460024FB
:1005A00010687529314616A510D000F096FA00287B
:1005B00002DA404213A507E031688A0701D512A587
:1005C00002E0490704D511A5012401E000F08EFAEC
:1005D00000210A2206F1240709E0B0FBF2FCB0FB7F
:1005E000F2F302FB1C00303078541846491C0028F6
:1005F000F3D123462A463046BDE8F04100F07FBAE9
:10060000000000002D0000002B0000002000000072
:100610002DE9F05F894604464FF0000ADFF874B117
:10062000FB44C0F820A02046E1688847002874D029
:10063000252806D0D4E901219047206A401C206279
:10064000F1E700265F462046E168884720280546F6
:1006500007DB312D05D2781910F8200C08B10643BC
:10066000F1E7B00701D526F00406C4F81CA0002766
:10067000C4F818A02A2D09D0284607F00FF938B37E
:1006800004EB8708303DC8F8185019E059F8041BEE
:10069000204604EB87029161E1688847012F0546F7
:1006A00018D1E069002820DA26F020061DE0D8F8ED
:1006B000180000EB800005EB40003038C8F8180047
:1006C0002046E1688847054607F0E8F80028EED1A3
:1006D000012F0AD02E2D08D12046E16888477F1CC3
:1006E0000546022F46F02006C4DBA069002803DA85
:1006F000404246F00106A061F00701D026F0100646
:100700006C2D0BD0682D09D04C2D39D06A2D35D0E9
:10071000742D35D07A2D33D016E038E0E1682F46BD
:1007200020468847B842054609D16C2F26D04FF4A1
:100730008060E168064320468847054604E06C2F48
:100740001AD04FF4807006430DB3A5F1410019286B
:1007500002D8203546F400664A46294620462660DF
:100760004E46FFF71FFD80B101280BD0F61D26F085
:10077000070000F1080956E74020E4E78020D8E7A9
:100780000020D6E706F104094DE7284652E7206A23
:10079000BDE8F09FE4BE000040EA010310B59B07EE
:1007A0000FD1042A0DD310C808C9121F9C42F8D0DB
:1007B00020BA19BA884201D9012010BD4FF0FF308C
:1007C00010BD1AB1D30703D0521C07E0002010BDA2
:1007D00010F8013B11F8014B1B1B07D110F8013B2E
:1007E00011F8014B1B1B01D1921EF1D1184610BD0F
:1007F00040EA0103024630B59B0710D14FF00134A7
:1008000000E008C208C91D1B9D4315EAC41FF8D0AB
:1008100013F0FF0102F8011B0DD01B0AF8E711F8D5
:10082000013B002B02F8013B05D011F8013B002BE6
:1008300002F8013BF3D130BD10B5431C02E010F8C3
:10084000011B71B18107FAD14FF0013202C88C1A35
:100850008C4314EAC211F9D0C01A0A0603D0C01E94
:1008600010BDC01A10BD0A0401D0801E10BD0902BF
:10087000FCD0401E10BD032A40F2308010F0030C63
:1008800000F0158011F8013BBCF1020F624498BFE3
:1008900011F801CB00F8013B38BF11F8013BA2F180
:1008A000040298BF00F801CB38BF00F8013B11F0FB
:1008B000030300F0E382083AC0F0088051F8043BDB
:1008C000083A51F804CBA0E80810F5E7121D5CBF08
:1008D00051F8043B40F8043BAFF30080D20724BF3B
:1008E00011F8013B11F801CB48BF11F8012B24BFCF
:1008F00000F8013B00F801CB48BF00F8012B70471E
:1009000002F0FF0343EA032242EA024200F0EABA9D
:100910004FF0000200B5134694469646203922BF98
:10092000A0E80C50A0E80C50B1F12001BFF4F7AFE3
:10093000090728BFA0E80C5048BF0CC05DF804EBC5
:10094000890028BF40F8042B08BF704748BF20F833
:10095000022B11F0804F18BF00F8012B70470000E8
:100960004FF0013C50F8042B51F8043B9A4221D13E
:10097000A2EB0C03934313EACC1317D150F8042BCA
:1009800051F8043B9A4215D1A2EB0C03934313EAAE
:10099000CC130BD150F8042B51F8043B9A4209D1E7
:1009A000A2EB0C03934313EACC13DBD04FF000000F
:1009B000704700BFD01A01BAB1FA81F101F01801F5
:1009C00022FA01F0CB40C1F12001DBB2C0B2C01A63
:1009D0002CFA01F3D11A914311EAC311E6D1704701
:1009E000704770477047000000487047D466002089
:1009F000704770477047704738B504460A46002074
:100A00006946AFF30080002808BF38BD0246009950
:100A1000204600F08BFA012038BD012000F0A8BE6E
:100A2000F8B5AFF30080054600200C46102000BF4B
:100A30000646A819A0420DD9324669460020AFF3F8
:100A40000080070008BF00F093FE0098A04218BF86
:100A50000546C419FFF7C8FF05600746F01D20F0E2
:100A600007004619284600F00AF8B44208BFF8BD4E
:100A7000A21B31463868BDE8F84000F057BA0021A3
:100A80000160C0E9011070471020704770B504463E
:100A900085690068C10601D5302600E02026C00720
:100AA00007D070BDD4E9012130469047206A401C30
:100AB00020626D1EF6D570BD70B50446856900785C
:100AC000C00707D170BDD4E9012120209047206ADA
:100AD000401C20626D1EF6D570BD09684A0501D51F
:100AE00040B27047C905FCD500B2704709684A0595
:100AF00001D5C0B27047C905FCD580B270472DE959
:100B0000F0470D4699469246044600F124080168D4
:100B1000880604D5E06921F01001216000E0012081
:100B2000A84201DD471B00E00027A1697A1902EB0A
:100B30000900081AA0612078C00602D42046FFF7F9
:100B4000A5FF002608E0D4E901211AF80600904725
:100B5000206A401C761C20624E45F4DB2078C006DB
:100B60000AD52046FFF792FF06E0D4E901213020A4
:100B70009047206A401C2062381EA7F10107F4DC70
:100B800007E0D4E9012118F805009047206A401CCD
:100B90002062281EA5F10105F3DC2046FFF78CFF3B
:100BA0002078000602D50220BDE8F0870120FBE78F
:100BB00011680268006A530501D508700AE0D30580
:100BC00001D5088006E0130603D5C217C1E900026B
:100BD00000E008600120704701694A1C0261087842
:100BE000704700B58FB0CDE901310021059105496D
:100BF0007944CDE9031011466846FFF709FD0FB0AF
:100C000000BD0000E5FFFFFF0A6802F8010B0A6063
:100C1000704710B5436913B1AFF3008001E0FFF7EF
:100C200091FC012010BD127800F124010A7000220D
:100C30004A700122EDE711684FF0FF32E9E700004A
:100C40002DE9FF5F15468A460446DFF8AC80F8447C
:100C50000027D8E900103E46CDE9001010E03AF830
:100C600016106A4602A800F063FD411C07D02178E7
:100C7000890603D5E269391891420DD80744761CDC
:100C80002078800602D5E069B84205DDAE42E6DB99
:100C90003AF816000028E2D1A069C01BA0612046E6
:100CA000FFF7F4FED8E90010CDE90010002017E0AE
:100CB0003AF818106A4602A800F03AFDB0F1FF3F7A
:100CC00081460BD000250DF1080B05E0D4E9012188
:100CD0001BF8050090476D1C4D45F7D308F1010046
:100CE000B0428046E4DB206A384420622046FFF7A9
:100CF000E3FEBDE8FF9F0000CAB800002DE9F04107
:100D00008046D21D22F007020025D2E90002F52913
:100D100015A614D0011E72F1000106DA0023D0EBF3
:100D2000030063EB020211A608E0D8F800108B075D
:100D300001D50FA602E0490701D50EA601251146EF
:100D4000002408F1240704E000F00AF930323A5593
:100D5000641C50EA0102F7D12B4632462146404638
:100D6000BDE8F041FFF7CBBE000000002D00000001
:100D70002B0000002000000030B4002100F124040A
:100D800008E002F00705D208303542EA4372DB087A
:100D90006554491C52EA0305F3D10468002310A2EC
:100DA000250707D5A40600D421B1C46901230DA2EB
:100DB000641EC46130BCFFF7A2BE10B504462146D4
:100DC0001068FFF793FE02462046BDE8104000235E
:100DD000D2E7D21D22F00701D1E90023CCE70000C1
:100DE0000000000030000000F0B40D460188090545
:100DF00002D5214C7C4402E01F4C7C440E3400217F
:100E000000F1240608E002F00F071209E75D42EA4C
:100E100003721B097754491C52EA0307F3D1027885
:100E20000023120704D5702D06D009B10223113416
:100E30002246F0BCFFF763BE01231034F8E770B51B
:100E400004460D4621461068FFF750FE024629462B
:100E50002046BDE870400023C6E7D21D22F00703FC
:100E6000D3E90023C0E70368126843F0200303605E
:100E70000823C3610023B7E72CB7000010B5203A60
:100E8000C0F00B80B1E81850203AA0E81850B1E843
:100E90001850A0E81850BFF4F5AF5FEA027C24BFF9
:100EA000B1E81850A0E8185044BF18C918C0BDE8F0
:100EB00010405FEA827C24BF51F8043B40F8043BB9
:100EC00008BF7047D20728BF31F8023B48BF11F86E
:100ED000012B28BF20F8023B48BF00F8012B7047C8
:100EE0004FF000020429C0F0128010F0030C3FF410
:100EF00011ADCCF1040CBCF1020F18BF00F8012BAE
:100F0000A8BF20F8022BA1EB0C01FFF703BD5FEA9D
:100F1000C17C24BF00F8012B00F8012B48BF00F86A
:100F2000012B704700487047CC660020034640689C
:100F30008C46002818BF88423CBF03464068F8D35F
:100F400018681844884207D00CF1030020F007000D
:100F5000001D411A521A0146081D0A60FFF72BBAFC
:100F600030B5B0F10A024FEA900E71F100034EEA7B
:100F7000817EB0EB0E0061EB91014FEA101E4EEA4C
:100F8000017E10EB0E0041EB11114FEA102E4EEADC
:100F9000016E10EB0E0041EB11214FEA104E4EEAAC
:100FA000014E10EB0E0041EB1141401841F10001E0
:100FB0004FEAD00040EA41704FEAD10110EB8005C2
:100FC0004FEA810444EA907444EB01046D1944EB48
:100FD0000404521BA3414FF0000348BF0A3200D55E
:100FE00030BD401C41F1000130BD70472DE9FF4F7D
:100FF0000C461E464FF0FF378BB0D2E90001DDF8FA
:1010000060800A908A46C1F30A5505B93D46002121
:1010100008464FF00000BAF1000F00F4400005DA76
:1010200000EB80004FF4400101EA50004FEA905974
:10103000B9F1010F00DDB9460A9850EA4A000ED016
:1010400044F61050A5F2FF3545432F14B8F1000FB8
:101050001ED07542291E1EDDC9F100021CE0B8F148
:10106000010F4FF0000001D0302103E0F24305E012
:101070002154401CB042FBDB3046002200212154A9
:101080000B99C1F80880C1E900200FB0BDE8F08FCE
:10109000BD1B6D1CDEE74A4600DA694206A800F077
:1010A000E1FB06AB93E8070003AB83E8070050467B
:1010B0000A9900F0A5FC8DE80700A0F500501F3844
:1010C00000900398002D0ADD42F21F014A460844B1
:1010D000002303A90390684600F00EFF09E0A0F585
:1010E00000504A461F38002303A90390684600F0C9
:1010F00018FF8DE807000004000C03D04FF0FF300C
:10110000410800E01046B8F1000F03D00022009221
:1011100015461EE0751E05D4FFF722FF30326255DA
:101120006D1EF9D5B3460122084302D000227F1C70
:1011300004E02078302801D100227F1E002A099780
:1011400084D01DE0112D07DAFFF70AFF3032625517
:101150006D1C50EA0102F5D1084302D00098C8B1D5
:101160000EE00021681E05E0235C625C635422549B
:10117000401E491C8142F7DBAB46A81B401E09906C
:10118000002004F80B000B98099AC0F80880C0E909
:10119000002B7AE711264FF0000857E72DE9F04FB2
:1011A00088460446D21D22F0070191B0D1E9000122
:1011B000CDE90A0106F04EFB02460B98C00F01D0A4
:1011C0002D2007E02068810701D52B2002E0202197
:1011D00001EAC000032A099001D0072A05DB034673
:1011E0004146204600F0FEFA0BE12078800601D54A
:1011F000E06900E00620B8F1650F814606D0B8F13D
:10120000660F18D0B8F1670F70D131E00020B9F146
:10121000110F009001DB112301E009F101030AAA7B
:1012200001A90CA8FFF7E2FEDDE90C70002609F128
:101230000105834647E001204B4600904FF00047F0
:101240000AAA01A90CA8FFF7D1FEDDE90DB00C999F
:101250005D46002610B909F101000D18B9EB050033
:1012600003D4C0F1FF3609F10105A5EB09002BE01D
:10127000B9F1010F01DA4FF001090020B9F1110FA6
:101280000090484601DD112300E003460AAA01A9A7
:101290000CA8FFF7ABFEDDE90C704D460026834637
:1012A000207800070AD4AB4500DA5D4601A8012D7D
:1012B00004DD411911F8011C302907D04F4502DA2D
:1012C00017F1040F04DA012082460FE06D1EEEE7ED
:1012D000002F02DCED1B3E4403E0781CA84200DD39
:1012E0007D1CB81B00F1010A4FF000472078000771
:1012F00003D4AA4501DB4FF0FF3A0021B7F1004FBC
:101300000DF143088DF8431024D002202B23002F29
:1013100001DA7F422D230A21021EA0F1010000DC28
:101320005FB197FBF1FC97FBF1F201FB1C7C1746C8
:101330000CF1300C08F801CDEEE7A8F101000370C4
:101340002188090501D5452100E06521A0F10108AA
:1013500000F8011C09980FA9A1EB0807FF1D00B1B7
:101360000120411901EBEA70A1693844081A401EB6
:10137000A0612078C00602D42046FFF787FB0998B9
:1013800028B1D4E901219047206A401C20622078CE
:10139000C00622D52046FFF779FB1EE0002E04DBB5
:1013A000B34502DD01A8805D00E03020D4E90121D1
:1013B0009047206A401C2062761CAAF101005FEA77
:1013C000000A0AD100F00AFAC0680168405CD4E95A
:1013D00001219047206A401C2062281EA5F10105CA
:1013E000DCDC07E0D4E9012118F8010B9047206A02
:1013F000401C2062381EA7F10107F3DC2046FFF7EE
:101400005BFB032011B041E62DE9F04F04460D4689
:10141000D21D22F0070089B0D0E90097484639462E
:1014200006F018FA0246F80F01D02D2307E02068D5
:10143000810701D52B2302E0202101EAC0038DF8AA
:1014400020300BB1012000E00020032A824601D0A9
:10145000072A04DB2946204600F0C4F93FE1207842
:10146000800601D40D2500E0E569C7F30A560D2D6D
:1014700049DA00214FEA175B08464FF00000002FC1
:1014800000F4400007DA00EB80004FF4400100EB6D
:10149000D07001EA60008115012901DD4FF0FF31B4
:1014A00000224FEA850CBCF1180F06D31346ACF1AD
:1014B00018004FF08052C24003E04FF4801323FA2B
:1014C0000CF30CF10C0CBCF1200F04D3ACF1200C8C
:1014D00009FA0CF001E007FA0CF000294FF000487F
:1014E00001DD18B90FE00ED140450CD319EB02090C
:1014F0005F4121B9404502D19F4329EA0209BBEB74
:10150000175F00D0761C2088000502D57B48784400
:1015100002E07A487844193808AA302302F80A30E1
:10152000037C0AF10101002E0AF1020A53546A46B3
:1015300002DC4FF0300101E04FF031014FF00108C3
:101540008DF8001002D0A6F2FF3603E059EA4701F9
:1015500000D06B4E002D02DC2178090704D54FF036
:1015600002082E218DF80110C44600210BE0C7F3BC
:1015700003433F01C35C491C6D1E02F80830052976
:1015800008F1010801DA002DF1DC00210CE000EB8C
:101590001973491C1B786D1E082902F808304FEAA0
:1015A000091908F1010801DA002DF0DC21688B0629
:1015B00002D516E0A8F10108E04505DD02EB0803BD
:1015C00013F8013C302BF5D0B8F1000F09DD02EB28
:1015D000080313F8013C2E2B03D1090701D4A8F10D
:1015E0000108002D05DD3E2102F808106D1E08F1EE
:1015F0000108407C002E02F8080008F1010804DA16
:101600002D20764202F8080002E02B2002F80800A4
:101610000A214FF47A70864208F101080BDB96FB31
:10162000F0F3303302F8083096FBF0F308F10108CC
:1016300000FB136601E0642E0CDB642096FBF0F3E4
:10164000303302F8083096FBF0F308F1010800FB94
:10165000136601E00A2E06DB96FBF1F0303002F84B
:10166000080008F1010896FBF1F001FB1060303032
:1016700002F80800A16908F1010808EB050202EB75
:101680000A00081AA0612078C00602D42046FFF79D
:10169000FDF9216A08AE01EB0A00206204E0D4E9FA
:1016A000012116F8010B9047BAF1010AF7D2207810
:1016B000C00602D52046FFF7E9F96E4609E016F8A4
:1016C000010B3E280FD0D4E901219047206A401C2D
:1016D0002062B8F10108F2D22046FFF7EDF909B017
:1016E0000320BDE8F08F206A2844206203E0D4E99B
:1016F0000121302090476D1EEBD3F8E74DB000007C
:1017000002FCFFFF10B5436913B1AFF3008001E0A5
:10171000FFF796FA012010BD128800F1240182849F
:101720000022C2840122EDE711684FF0FF32E9E7A1
:1017300070B516460C46054600F048F8036893F865
:101740000101012806D0FF2C0FD8185D68B10120D7
:101750002C7070BDD3F807013246214603F20713FF
:1017600003442846BDE8704018474FF0FF3070BD75
:1017700010B500F0F7F8BDE8104000F0EEB8704783
:101780007546FFF7CFFBAE4605006946534620F08D
:101790000700854618B020B5FEF7CCFDBDE8204017
:1017A0004FF000064FF000074FF000084FF0000B1D
:1017B00021F00701AC46ACE8C009ACE8C009ACE8D0
:1017C000C009ACE8C0098D467047000010B500F0B4
:1017D00005F8001D10BD00BF45A10000004870477E
:1017E000EC6600202DE9F0411F46044603260168FF
:1017F000072A01F4006004DB08B116A505E016A570
:1018000003E008B115A500E015A521F01000206047
:10181000A069C01EA0610FB1401EA0612046FFF765
:1018200035F94FB1D4E9012138469047206A401C70
:101830002062C01C206206E0206AFAE7D4E9012198
:1018400015F8010B9047761EF8D22046FFF734F9C1
:10185000BDE8F0814E414E006E616E00494E46007B
:10186000696E66002DE9F047814616468AB0354814
:1018700078440DC88DE80D0032487844801C03ACD4
:101880000DC884E80D0041F69B300844372190FBD9
:10189000F1F290FBF1F5A5F1800501FB12041B3C70
:1018A00002D56442012000E00020DFF898A08046C5
:1018B0000027FA44AAF1BE0A0EE0E0070AD0324639
:1018C000684607EB470101230AEB810100F029FB81
:1018D0008DE8070064107F1C002CEED1194F7F4467
:1018E000AE3F19E0E80715D007EB04100DF1180A18
:1018F00090E80E008AE80E00C068F04201D1981905
:1019000008903246012306A903A800F00AFB03ABA6
:1019100083E807006D10641C002DE3D14FF0010334
:1019200032466946B8F1000F03A802D000F0E4FA8D
:1019300001E000F0F6FAC9E90001C9F808200AB090
:10194000BDE8F0877CAD000010B50446AFF3008021
:101950002046BDE81040FEF78CBC002801D000F006
:1019600029B8704710B5012805D0002103A000F068
:1019700027F8012010BD09A1F8E70000534947529C
:10198000544D454D3A204F7574206F66206865614F
:1019900070206D656D6F7279000000003A20486517
:1019A0006170206D656D6F727920636F72727570F2
:1019B0007465640001491820ABBEFEE726000200F2
:1019C00070B505460C460A2000E06D1C00F011F8C9
:1019D00035B128780028F8D102E0641C00F009F83D
:1019E00014B120780028F8D1BDE870400A20AFF388
:1019F000008008B569468DF800000320ABBE08BD25
:101A00005FEA400C08BF91F0000F4FEA8C234FEAC9
:101A1000C12243EA51514FEA1C5018BF00F5F04073
:101A20004FEA300018BF41F000415FEA6C5C00F003
:101A30002980BCF1FF3F08BF40F080407047130C85
:101A400006BF12044FF0100C4FF0000C130E04BF31
:101A500012020CF1080C130F04BF12010CF1040C5C
:101A6000930F04BF92000CF1020CD30F04BF52007D
:101A70000CF1010C11464FF00002A0F11F00A0EB89
:101A80000C00704711F0004F08BF704731F0004163
:101A90003FF4D5AF0B0C06BF09044FF0100C4FF00C
:101AA000000C0B0E04BF09020CF1080C0B0F04BF55
:101AB00009010CF1040C8B0F04BF89000CF1020C1E
:101AC000CB0F04BF49000CF1010CCCF12003A0EBBB
:101AD0000C0022FA03F302FA0CF241EA030100F1CE
:101AE0000100704720F07F4C80EA030023F07F471D
:101AF000ACEB070303F57C5300F0004003F1FF0358
:101B00002DE980494FEA154B09B44FEA144325EA01
:101B10000B4E24EA03480FF2042606EB132749086C
:101B20003E785FEA320203FB0667C7F5000707FB52
:101B300006F64FEA54374FEAD64606F1020607FB8F
:101B4000066CCCF1005C4FEA1C472CEA074C07FB03
:101B500006F40CFB06F504EB15464FEA961634BF67
:101B600000204FF000404FEAD13706FB07FC4FEA58
:101B70001C4C0CFB0BF7D21B03FB0CF761EB0701B2
:101B80000CFB0EF7B0EB074072EB17420CFB08F7AB
:101B900034BFA2EB0742B2EB074261EB17414FEAB9
:101BA0000C444FEA910706FB07FC4FEA1C4C0CFB68
:101BB0000BF7B0EBC74072EB573203FB0CF734BFA7
:101BC000A2EBC742B2EBC74261EB57310CFB0EF7F9
:101BD000B0EBC70072EB57720CFB08F734BFA2EBF7
:101BE000C702B2EBC70261EB5771039F4FEA8161F5
:101BF00041EA921104EBCC044FEAD1374FEA8262FA
:101C000006FB07FC42EA90124FEA80604FEA1C4C48
:101C10000CFB0BF7D21B03FB0CF761EB07010CFB72
:101C20000EF7B0EB074072EB17420CFB08F734BF1E
:101C3000A2EB0742B2EB074261EB17414FEA8C552A
:101C40004FEA910704EB9C2406FB07FC4FEA1C4C6F
:101C50000CFB0BF7B0EBC74072EB573203FB0CF7F2
:101C600034BFA2EBC742B2EBC74261EB57310CFB6A
:101C70000EF7B0EBC70072EB57720CFB08F734BFDE
:101C8000A2EBC702B2EBC70261EB577115EB4C2513
:101C90004FEA816141EA92114FEA82624FEAD137FD
:101CA00042EA901206FB07FC44F100044FEA806010
:101CB0004FEA1C4C0CFB0BF7D21B03FB0CF761EB40
:101CC00007010CFB0EF7B0EB074072EB17420CFB61
:101CD00008F734BFA2EB0742B2EB074261EB1741B2
:101CE00015EB1C154FEA813141EA92414FEA8232ED
:101CF00042EA90424FEA80304FEA0C7644F1000409
:101D000048EA03434EEA0B484FF0000EB2EB080CD2
:101D100071EB030724BF624639464EEB0E0E4FF0BF
:101D2000000B0018524149414BEB0B0BB2EB080C76
:101D300071EB03077BF1000B24BF624639464EEB83
:101D40000E0E4FF0000B0018524149414BEB0B0BAC
:101D5000B2EB080C71EB03077BF1000B24BF62466A
:101D600039464EEB0E0E51EA020718BF46F0010647
:101D700016EB0E7655F1000254F1000103D5BDE8D3
:101D80008901BDE80088BDE88901BDE80048B619B1
:101D9000524141EB0101A3F10103704780807F7E36
:101DA0007D7C7B7A797877767675747372717170D1
:101DB0006F6E6E6D6C6C6B6A6A6968686766666583
:101DC0006464636362616160605F5F5E5E5D5D5C11
:101DD0005C5B5B5A5A595958585757565655555582
:101DE0005454535352525251515050504F4F4F4EE2
:101DF0004E4D4D4D4C4C4C4B4B4B4A4A4A49494930
:101E00004848484747474746464645454544444471
:101E1000444343434342424242414141002B9C469A
:101E200030D477002BD01CB54FEA370703B44FF0FE
:101E300010004FF01001BAF1000F06D0BCF1000FF6
:101E4000DCBF40F0080040F008014FF000000FBC7C
:101E5000BDE810400BF1010BBBF1010F08BF5FEAB9
:101E6000170722BF12F1010211F101014FF00041E9
:101E700043F1000300F0004043EA00007047F9D34B
:101E80005708D0E746EA064613F1400F4FEA1646D8
:101E90001FDD13F1200FDFBF16430A460021203358
:101EA0005B42BED0C3F1200746EA064602FA07F7B6
:101EB0004FEA164646EA0706C3F1200722FA03F264
:101EC00001FA07F721FA03F14FF0000342EA070293
:101ED000A7E746EA020646EA06464FEA164646EAFB
:101EE0000106BCBF46EA0646360C4FF000034FF031
:101EF00000024FF0000194E72DE9804C9A4693468A
:101F000070B491E8380007C831EA400C48BF34EAA1
:101F1000430C03D5FFF7E6FDFFF780FFF0BCBDE8FB
:101F2000008C2DE9804C9A46934670B491E83800B5
:101F300007C810F0804F08BF13F0804F03D100F0A6
:101F400005F8FFF76BFFF0BCBDE8008C20F07F4781
:101F500080EA030023F07F4C07EB0C03A3F57C53CE
:101F600000F00040A3F1FE0392F0000F00F0B380F8
:101F700095F0000F00F077802DE901494FEA1140FC
:101F80004FEA144621EA004800FB06FC24EA064713
:101F900008FB06F607FB08F800FB07F718EB0648F6
:101FA0004CEB164C4FEA124B18EB07484FEA15461C
:101FB0004CEB174022EA0B4E0BFB06FC25EA0647CA
:101FC0000EFB06F607FB0EFE0BFB07F71EEB064E9D
:101FD0004CEB164C4FF000061EEB074E4CEB174B2C
:101FE00018EB0B0840F1000018EB0E0B58EB000843
:101FF00040F100008F1A4FF000013CBFC943661B3F
:1020000014BFB5EB040C00213CBFC943F61B4FEADB
:1020100017444EEA8E0E27EA04454FEA1C4704FB9C
:1020200007622CEA074C05FB07F70CFB05F604FBDF
:102030000CFC16EB074642EB174216EB0C4642EB44
:102040001C421BEB060658EB0202414146EA9E0683
:1020500001D5BDE80189B619524141EB0101A3F157
:102060000103BDE801894FEA14454FEA114724EA0C
:10207000054621EA074C05FB07F406FB07F70CFBB6
:1020800006F105FB0CFC11EB074144EB17444FEA4A
:10209000124711EB0C4144EB1C4422EA074C05FBB0
:1020A00007F206FB07F70CFB06F605FB0CFC16EB2C
:1020B000074642EB174216EB0C4642EB1C456A18EA
:1020C00054F1000148BF7047B619524141EB01017C
:1020D000A3F10103704795F0000F37D04FEA11428A
:1020E0004FEA144721EA024624EA074C02FB07F1B3
:1020F00006FB07F70CFB06F402FB0CFC14EB074491
:1021000041EB17414FEA154714EB0C4441EB1C41DE
:1021100025EA074C02FB07F506FB07F70CFB06F662
:1021200002FB0CFC16EB074645EB174516EB0C467D
:1021300045EB1C42121951F1000148BF7047B61916
:10214000524141EB0101A3F1010370474FEA1445ED
:102150004FEA114724EA054621EA074C05FB07F13F
:1021600006FB07F70CFB06F24FF0000605FB0CFC24
:1021700012EB074241EB174112EB0C4251EB1C41B1
:1021800048BF7047921841EB0101A3F1010370476A
:10219000FEE710B5446A204600F094F90120207152
:1021A00010BD10B5446A204600F018F901202071D6
:1021B00010BD10B5446A206940F00400206120463B
:1021C00000F0B0F90120207110BD10B5446A2069FB
:1021D00040F004002061204600F002F90120207147
:1021E00010BD10B5406A00F085F910BD10B5406A09
:1021F00000F0F5F810BD0000014800F009BC000037
:1022000028030020014800F003BC00002401002046
:1022100030B590F840500124AC40C56B6C60046848
:1022200063604368102B036803D099600068C26044
:1022300030BD9A600068C16030BD10B510B109B101
:1022400000230BE04FF0FF3010BD31F8134004F5D0
:10225000004444F30B1420F813405B1C9342F4DB5E
:10226000104610BD7047000072B602A1054805F087
:1022700053F8FAE74572726F722048616E646C65BC
:1022800072000000E0020020002200F001B800000F
:1022900030B50E4B054601205C7A012C15D8587AD2
:1022A00000241C54587A03EB800045605D7A03F1EA
:1022B00008002A54587A421C5A72303008703A206A
:1022C00048702F208870CC70002030BDC066002080
:1022D000002100F001B800000B4910B502464B7A0E
:1022E0000120002B0FD01278303AD2B201EB8203DA
:1022F0005C68002C07D000200A4458601072487AAD
:10230000401E4872002010BDC0660020F0B52E4867
:1023100085B0816941F480518161816901F4805106
:102320000491816941F004018161816901F0040136
:102330000491816941F0400181618069012600F0CA
:1023400040000490032020240227CDE902601F4DA5
:10235000CDE900476946284600F0BCFD802000908A
:102360006946284600F0B6FD69462846009400F00C
:10237000B1FDE00000906946284600F0ABFD002565
:10238000CDE900656946124800F0A4FD124C1148E1
:1023900020600820A560E0610720C4E90A50C4E974
:1023A0000357256270026562C4E905604FF48270CC
:1023B0006060204601F000FD2068016841F04001A6
:1023C000016005B0F0BD00000010024000080140AF
:1023D0000018014000300140285A00207047704723
:1023E000704700002DE9F04116460D46040049D023
:1023F000002D47D02868A0B1042812D00C2810D096
:1024000014280ED01C280CD024280AD02C2808D040
:10241000342806D03C2804D040F2F1311BA005F04E
:1024200045FA686830B1022804D040F2F23117A0B2
:1024300005F03CFA36B1102E04D040F2F33113A06F
:1024400005F034FA607901281ED001276771022057
:1024500020712368186806F0100240F6FE71914062
:102460008843D5E90015294391400143196020684C
:102470000168C02393409943016027710020607177
:10248000BDE8F0810120FBE70220F9E72E2E2F4462
:102490007269766572732F53544D333246317878B2
:1024A0005F48414C5F4472697665722F5372632FA7
:1024B00073746D3332663178785F68616C5F646124
:1024C000632E630008B50020009008486946006844
:1024D00008F05CF90098012806D10549000708605A
:1024E000BFF34F8FBFF36F8F08BD000018000020AF
:1024F00004ED00E008B50020009008486946006837
:1025000008F044F90098012806D105490007086041
:10251000BFF34F8FBFF36F8F08BD0000180000207E
:1025200004ED00E00421014800F0A6BE00100140C7
:1025300070B504000CD00D492068884204D040F2E8
:102540002B110BA005F0B2F92079002510B105E0A0
:10255000012070BD6571204600F026F80220207130
:10256000256101202071002070BD00000074004032
:102570002E2E2F447269766572732F53544D333269
:10258000463178785F48414C5F4472697665722FB6
:102590005372632F73746D3332663178785F68617C
:1025A0006C5F6461632E6300F0B585B0002605465C
:1025B000009601960296039600681A4988422ED129
:1025C0001949C86940F00050C861C86900F000505E
:1025D0000490886940F0040088618869102700F041
:1025E000040004900320CDE9007069460F4800F014
:1025F00071FC104C0E48C4E900078020C4E9026059
:1026000040002061800060612020C4E90606204669
:1026100000F022FB08B1FFF727FEAC60656205B051
:10262000F0BD0000007400400010024000080140AE
:10263000300402402401002070B50D46040027D06C
:1026400035B1102D04D04FF4E87118A005F02EF923
:10265000607901281ED0012060710221217121685A
:102660000E6805F0100200FA02F31E430E602168A6
:1026700095B10B6803F470153C2393409D4203D140
:102680004A6842F002024A6020710020607170BD09
:10269000012070BD022070BD0A68C2F383020F2AB8
:1026A000F2D14A6842F00102EDE700002E2E2F44DD
:1026B0007269766572732F53544D33324631787890
:1026C0005F48414C5F4472697665722F5372632F85
:1026D00073746D3332663178785F68616C5F646102
:1026E000632E63002DE9F0479946089F90460D46FA
:1026F00004002DD035B1102D04D040F2372130A088
:1027000005F0D4F847B1042F06D0082F04D04FF4B9
:102710000E712BA005F0CAF8607901281BD00126A4
:10272000667102202071C5B1E16833488862E168B2
:102730003248C862E168324808632068016841F0A5
:10274000805101601FB32268042F23D01C3222E085
:102750000120BDE8F0870220FBE7A16829488862D4
:10276000A1682948C862A1682848086320680168F0
:1027700041F48051016027B12268042F04D0103247
:1027800003E02268083200E00C32A06804E022680E
:10279000143200E01832E0684B46414600F034FB4A
:1027A0000021617120B1216941F004012161D0E76C
:1027B00021680A6805F010039E4032430A60C8E7AA
:1027C0002E2E2F447269766572732F53544D333217
:1027D000463178785F48414C5F4472697665722F64
:1027E0005372632F73746D3332663178785F68612A
:1027F0006C5F6461632E6300A3210008ED21000873
:10280000CB21000893210008E3210008B321000830
:1028100070B50D4604001ED035B1102D04D040F225
:10282000BB210FA005F042F82068026805F01001F6
:102830004FF480538B409A4302602068026801265F
:1028400006FA01F18A4302603DB1E06800F024F825
:102850002671002070BD012070BDA068F6E7000061
:102860002E2E2F447269766572732F53544D333276
:10287000463178785F48414C5F4472697665722FC3
:102880005372632F73746D3332663178785F686189
:102890006C5F6461632E630010B590F82110002214
:1028A000022905D00421816380F82020012010BD79
:1028B00001680B6823F00E030B6001680B6823F0BE
:1028C00001030B6090F84030C46B012101FA03F35F
:1028D000636080F8211080F82020104610BD0000B1
:1028E0002DE9F05F90F821100024022903D0042183
:1028F0008163012485E001680A6822F00E020A6003
:1029000001680A6822F001020A603F4E3E4FB2158C
:10291000DFF8F4C0DFF8F090DFF8ECA0DFF8E8B003
:10292000DFF8E4E00168783F13011502ACF1640CB4
:10293000A9F15009AAF13C0AABF1280BAEF1140E33
:102940004FF48018B14227D9B9420ED0614512D058
:1029500049451DD0514518D0594518D0714501D170
:10296000424615E0294EB14201D1012210E0274E26
:102970001436B14201D110220AE0244E2836B14269
:1029800006D0224A3C32914201D11A4600E02A4642
:102990001E49091F0A602BE0B94213D0614517D0C8
:1029A000494522D051451DD059451DD0714501D111
:1029B00042461AE0B14202D14FF0807215E0134E48
:1029C000B14201D1012210E0104E1436B14201D1C2
:1029D00010220AE00D4E2836B14206D00B4A3C3296
:1029E000914201D11A4600E02A46074980394A60DF
:1029F000012180F82110002180F82010416B01B1E5
:102A000088472046BDE8F09F80000240080402404D
:102A10002DE9F05FC16B0A6801680B68046C4FF028
:102A2000040808FA04F8844D844E854FDFF814C278
:102A3000DFF81492DFF814A2DFF814B2DFF814E222
:102A400018EA020F65D05FEA437862D50A689206F9
:102A500003D40A6822F004020A60DFF8F0814FF420
:102A60008062016808F1140813011402414524D959
:102A7000A9420DD0B1420FD0B9421AD0614515D04C
:102A8000494515D0514501D1120312E0594501D1F4
:102A900004220EE0714501D140220AE06D4D14354B
:102AA000A94206D06B4A2832914201D11A4600E071
:102AB00022466749091F0A6029E0A94213D0B142A2
:102AC00015D0B94220D061451BD049451BD0514596
:102AD00002D14FF4800217E0414502D14FF08062ED
:102AE00012E0594501D104220EE0714501D1402286
:102AF0000AE0584D1435A94206D0564A2832914270
:102B000001D11A4600E022464B4908394A60C16AA1
:102B100071E04FF0020808FA04F818EA020F70D0CA
:102B20005FEA83786DD50A68920606D40A6822F0B7
:102B30000A020A60012180F82110DFF810814FF4A9
:102B40000072016808F1140813011402414524D9E8
:102B5000A9420DD0B1420FD0B9421AD0614515D06B
:102B6000494515D0514501D1120312E0594501D113
:102B700002220EE0714501D120220AE0354D1435C4
:102B8000A94206D0334A2832914201D11A4600E0C8
:102B900022462F49091F0A6029E0A94213D0B142F9
:102BA00015D0B94220D061451BD049451BD05145B5
:102BB00002D14FF4001217E0414502D14FF00072EC
:102BC00012E0594501D102220EE0714501D12022C7
:102BD0000AE0204D1435A94206D01E4A28329142FF
:102BE00001D11A4600E02246134908394A60002103
:102BF00080F82010816A00291CD0BDE8F05F0847EA
:102C0000FFE70825A540154214D01A0712D50A6817
:102C100022F00E020A6090F84020C36B012101FAF5
:102C200002F25A60816380F82110002180F82010A0
:102C3000016BE0E7BDE8F09F080002401C00024085
:102C40003000024044000240580002406C00024044
:102C5000080402401C04024070B504007ED05A49AA
:102C600020685A4D88422DD057491431884229D0C6
:102C700055492831884225D053493C31884221D0DA
:102C80005149503188421DD04F496431884219D092
:102C90004D497831884215D0A84213D04B491431A0
:102CA00088420FD04949283188420BD047493C31EE
:102CB000884207D045495031884203D0992144A029
:102CC00004F0F4FD606840B1102806D0B0F5804FE4
:102CD00003D09A213EA004F0E9FDA068402804D06A
:102CE00018B19B213AA004F0E1FDE068802804D0EF
:102CF00018B19C2136A004F0D9FD206948B1B0F587
:102D0000807F06D0B0F5007F03D09D2130A004F075
:102D1000CDFD606948B1B0F5806F06D0B0F5006FA9
:102D200003D09E212AA004F0C1FDA06928B120286B
:102D300003D09F2126A004F0B9FDE06960B1B0F591
:102D4000805F09D0B0F5005F06D0B0F5405F03D0DA
:102D5000A0211FA004F0AAFD142000E00CE02168CF
:102D6000A9420BD2184A52420A44B2FBF0F080004A
:102D70002064154808380AE0012070BD134A524209
:102D80000A44B2FBF0F08000206410480838E06389
:102D9000022084F821000A6843F6F0708243F4E9C7
:102DA00001031843D4E902352B4318432369184320
:102DB00063691843A36918431043086000206063E7
:102DC00001216177207770BD0800024008040240AD
:102DD0002E2E2F447269766572732F53544D333201
:102DE000463178785F48414C5F4472697665722F4E
:102DF0005372632F73746D3332663178785F686114
:102E00006C5F646D612E63002DE9F04188460446D5
:102E10000025581E4FF6FF711E461746884204D300
:102E20004FF4B7711DA004F041FD94F82000012873
:102E30000DD0012084F8200094F8211000200129F1
:102E400007D084F8200002252846BDE8F081022042
:102E5000FBE7022184F82110A0632068016821F0BB
:102E60000101016033463A4641462046FFF7D0F95A
:102E7000E06A00282068016802D041F00E0106E0F7
:102E800021F0040101602068016841F00A0101603D
:102E90002068016841F001010160D5E72E2E2F4422
:102EA0007269766572732F53544D33324631787898
:102EB0005F48414C5F4472697665722F5372632F8D
:102EC00073746D3332663178785F68616C5F646DFE
:102ED000612E63002DE9F84F0027DFF8BCA2DFF870
:102EE000BCB20D460446B946504514D05C4512D0DC
:102EF000AB4884420FD0AB4884420CD0AA488442ED
:102F000009D0AA48844206D0A948844203D0BD21F2
:102F1000A8A004F0CBFC28680104090C01D0000C27
:102F200003D0BE21A3A004F0C1FC686800281FD014
:102F30000128FCD01128FAD00228F8D01228F6D0A7
:102F4000AB498842F3D0AB498842F0D0AA498842C5
:102F5000EDD0AA498842EAD0A9498842E7D0A949D8
:102F60008842E4D00328E2D0BF2192A004F09EFC66
:102F70000BE1012000FA07F801EA0806464574D182
:102F8000544514D05C4512D0854884420FD0854802
:102F900084420CD08448844209D08448844206D0BC
:102FA0008348844203D0CD2182A004F07FFC904866
:102FB00069680A1A814259D00EDC032975D006DCF3
:102FC000002953D0012919D0022969D131E01129F2
:102FD00021D0122964D13AE0B2F5881F46D006DC30
:102FE000B2F5803F42D0B2F5801F59D13EE0B2F534
:102FF000001F3BD0B2F5041F52D137E0E868022829
:1030000007D0012805D0032803D0D52169A004F0FA
:103010004DFCE8683EE0E868022807D0012805D0AA
:10302000032803D0DC2163A004F040FCE868001D05
:1030300030E0E868022807D0012805D0032803D033
:10304000E3215CA004F032FCE868083022E0E86884
:10305000022807D0012805D0032803D0EA2155A073
:1030600004F024FCE8680C3014E08DE0A86880B11E
:10307000012811D0022807D0F7214EA004F016FC39
:10308000A86830B1012807D04FF00809C4F81480AF
:1030900006E00420814603E04FF00809C4F81080E0
:1030A000FF2E05D8224605E0FFE74FF00000F1E7CC
:1030B00004F104024FEA870001D9A0F1200013684F
:1030C0004FF00F0101FA00FC23EA0C0309FA00FC9F
:1030D00043EA0C0313606868C00055D54A4882690A
:1030E00042F001028261806927F0030200F00100D2
:1030F0000090464813189868BA07120F9140884309
:10310000544501D1002118E05C4501D1012114E0B2
:1031100023498C4201D102210FE022498C4201D186
:1031200003210AE020498C4201D1042105E01F4916
:103130008C4201D1052100E00621914001439960B4
:103140006868C0023248016801D5314300E0B143EC
:103150000160686880022F48016801D5314300E0B2
:10316000B1430160686880032B48016801D5314391
:1031700000E0B14301606868C0032848016801D5D8
:10318000314300E0B14301607F1C2E683146FE40B0
:103190007FF4EFAEBDE8F88F00080140000C01405D
:1031A000001001400014014000180140001C0140C3
:1031B000002001402E2E2F447269766572732F53C2
:1031C000544D3332463178785F48414C5F447269E0
:1031D0007665722F5372632F73746D333266317854
:1031E000785F68616C5F6770696F2E630000000034
:1031F000000011100000211000003110000012101A
:1032000000002210000032100010024000000140B7
:10321000080401400C040140040401400004014082
:1032200070B50C00054604D14FF4DA7103A004F028
:103230003DFBA868204000D0012070BD2E2E2F44F9
:103240007269766572732F53544D333246317878F4
:103250005F48414C5F4472697665722F5372632FE9
:1032600073746D3332663178785F68616C5F677054
:10327000696F2E630000000070B50C00054604D194
:103280004FF4F67105A004F011FBE96824EA01008F
:10329000214040EA0140286170BD00002E2E2F44DD
:1032A0007269766572732F53544D33324631787894
:1032B0005F48414C5F4472697665722F5372632F89
:1032C00073746D3332663178785F68616C5F6770F4
:1032D000696F2E630000000070B515460C000646AD
:1032E00004D14FF4EA7108A004F0E0FA45B1012DD1
:1032F00004D040F2D51104A004F0D8FA346170BDB6
:103300002004306170BD00002E2E2F447269766556
:1033100072732F53544D3332463178785F48414CA5
:103320005F4472697665722F5372632F73746D33C5
:1033300032663178785F68616C5F6770696F2E63A1
:103340000000000001488068704700002000002055
:103350000248816802781144816070472000002093
:10336000074810B5016841F010010160032000F02A
:10337000F5F80F2000F006F800F04AF8002010BD24
:103380000020024030B505461C4887B0816941F4F1
:1033900000618161806906A900F40060009001A8C5
:1033A00000F032FA00F08AFA1549164AB0FBF1F142
:1033B0001548491E0260416040F2E7320021C0E931
:1033C00003218160816100F0EDFE040012D10E48FE
:1033D00001F04EF804000DD1192000F03DF8102D39
:1033E00007D200222946192000F068F80748056036
:1033F00000E0012407B0204630BD0000001002406C
:1034000040420F00002C01406C03002024000020EB
:103410000F4808B5816941F001018161816901F0BE
:1034200001010091C16941F08051C161C069002270
:1034300000F0805000900F21901E00F03FF80548EA
:10344000416821F0E06141F00071416008BD000079
:10345000001002400000014010B5040003D5BD215A
:1034600007A004F023FA002C09DB04F01F0101205F
:1034700088406109890001F1E021C1F8000110BD17
:103480002E2E2F447269766572732F53544D33324A
:10349000463178785F48414C5F4472697665722F97
:1034A0005372632F73746D3332663178785F68615D
:1034B0006C5F636F727465782E63000070B515469B
:1034C0000C460646102A03D3A92114A004F0EEF9F5
:1034D000102C03D3AA2111A004F0E8F91E480068BB
:1034E000C0F30223C3F107022046042A00D90422B4
:1034F000191D072901D2002300E0DB1E012404FA74
:1035000002F1491E014099409C40641E2C40214319
:103510003046BDE8704004F0B1B900002E2E2F44B3
:103520007269766572732F53544D33324631787811
:103530005F48414C5F4472697665722F5372632F06
:1035400073746D3332663178785F68616C5F636F76
:10355000727465782E6300000CED00E010B504462F
:1035600007280BD0062C09D0052C07D0042C05D039
:10357000032C03D0912108A004F098F9154904F018
:10358000070208684FF6FF03184040EA0220124A7B
:103590001043086010BD00002E2E2F44726976651E
:1035A00072732F53544D3332463178785F48414C13
:1035B0005F4472697665722F5372632F73746D3333
:1035C00032663178785F68616C5F636F72746578BA
:1035D0002E6300000CED00E00000FA052DE9F04735
:1035E0000F46050078D02868C1070AD1810708D4A2
:1035F000410706D4000704D440F236316FA004F02E
:1036000055F947B1012F06D0022F04D040F23731CF
:103610006AA004F04BF9774E306800F00700B8421A
:1036200009D2306820F0070038433060306800F07D
:103630000700B84277D128686F4C810729D5400729
:1036400003D5606840F4E06060602878000703D527
:10365000606840F460506060A868A0B1802812D013
:10366000902810D0A0280ED0B0280CD0C0280AD0A6
:10367000D02808D0E02806D0F02804D040F25D31F0
:103680004EA004F013F96068A96820F0F000084328
:1036900060602878C00737D0686868B101281CD0FE
:1036A00002281DD04FF4597144A004F0FFF8686857
:1036B000012812D0022813D020688007002832DAAF
:1036C0006068696820F0030008436060FFF73AFE15
:1036D000804641F2883910E025E020688003EDE75C
:1036E00020688001EAE700BFFFF72CFEA0EB08018D
:1036F000494502D90320BDE8F0876068696800F099
:103700000C00B0EB810FEFD1306800F00700B84239
:103710000BD9306820F0070038433060306800F083
:103720000700B84201D00120E5E728784FF4806611
:1037300040074FF4A0674FF4C0684FF4E06914D518
:10374000E86860B1B0420AD0B84208D0404506D01F
:10375000484504D040F2A23118A004F0A7F86068F0
:10376000E96820F4E060084360602878000715D518
:10377000286960B1B0420AD0B84208D0404506D0AE
:10378000484504D040F2A9310CA004F08FF86068DD
:10379000296920F4605040EAC100606000F09EF8A2
:1037A0006168164AC1F30311515CC84014490860AE
:1037B00014480068FFF7E6FD00209CE72E2E2F44FA
:1037C0007269766572732F53544D3332463178786F
:1037D0005F48414C5F4472697665722F5372632F64
:1037E00073746D3332663178785F68616C5F7263D1
:1037F000632E6300002002400010024086B90008DA
:103800002C0000202400002070B50D46040004D1D7
:1038100040F2215111A004F049F825B940F222519B
:103820000EA004F043F80F2020601A48416801F010
:1038300003016160416801F0F001A160416801F499
:10384000E061E16040684FF4E06101EAD00020618E
:103850001148006800F00700286070BD2E2E2F442C
:103860007269766572732F53544D333246317878CE
:103870005F48414C5F4472697665722F5372632FC3
:1038800073746D3332663178785F68616C5F726330
:10389000632E6300001002400020024004480549E6
:1038A00000684968044AC1F30221515CC84070476E
:1038B0002C0000200010024096B900080448054979
:1038C00000684968044AC1F3C221515CC84070478E
:1038D0002C0000200010024096B900080E4A5168E2
:1038E0000E4801F00C03042B11D0082B0FD10C480B
:1038F000C1F38343C903C05C0AD55168084AC1F3C8
:103900004041921E515C054A5043B0FBF1F07047B4
:1039100004494843704700000010024000127A003A
:1039200076B9000800093D002DE9F84F04007DD06C
:10393000FA4EFB4D20684FF0010A4FF000084FF49B
:10394000803960B1C1070DD1810762D401076ED4FF
:1039500040076DD440F26511F2A003F0A7FF207874
:10396000C00753D060684FF4A02740B1484506D047
:10397000B84204D040F26B11EAA003F097FF6868E8
:10398000C0F38100012807D06868C0F381000228D5
:1039900009D16868C00306D52868800336D56068F9
:1039A0000028C4D032E06068484503D1286840F45C
:1039B000803009E008B1B8420DD0286820F480308A
:1039C0002860286820F480202860606888B1FFF7AC
:1039D000B9FC074609E0286840F480202860E5E744
:1039E000FFF7B0FCC01B642877D828688003F7D5A0
:1039F0000CE0FFF7A7FC074605E000BFFFF7A2FCBD
:103A0000C01B6428F0D828688003F7D4207880078A
:103A10004ED5206930B1012804D040F29F11C1A0D9
:103A200003F044FF60691F2808D902E096E042E0F5
:103A30007BE04FF4D071BBA003F038FF686810F052
:103A40000C0F07D06868C0F38100022809D16868AC
:103A5000C00306D42868800714D5206901287DD1C9
:103A600010E02069B0B1C6F800A0FFF76BFC074674
:103A700005E000BFFFF766FCC01B0228B4D8286829
:103A80008007F7D52868616920F0F80040EAC10096
:103A900028600DE0C6F80080FFF754FC074604E0FC
:103AA000FFF750FCC01B02289ED828688007F7D477
:103AB0002078000736D5A94FA06920B3012806D089
:103AC0004FF4F07197A003F0F1FEA069D8B1C7F8E8
:103AD00000A0FFF737FC074605E054E1FFF732FC92
:103AE000C01B02288ED8686A8007F7D59C484FF41F
:103AF000FA510068B0FBF1F0009000BF0098411E41
:103B00000091FAD20EE0C7F80080FFF71BFC0746D1
:103B100005E000BFFFF716FCC01B0228AED8686A9C
:103B20008007F7D4207840076ED5E068002740B1C1
:103B3000012806D0052804D040F20F2179A003F017
:103B4000B5FEE869C00008D4E86940F08050E8613B
:103B5000E869012700F08050009000E027E18148EB
:103B60000168C90512D4016841F480710160FFF752
:103B7000E9FB834606E000BFFFF7E4FBA0EB0B0088
:103B8000642891D877480068C005F5D5E068012819
:103B90000AD008B1052811D0286A20F00100286257
:103BA000286A20F0040002E0286A40F00100286240
:103BB000E068A8B1FFF7C6FB83460DE0286A40F035
:103BC00004002862F0E700BFFFF7BCFBA0EB0B018D
:103BD00041F28830814285D8286A8007F4D50EE00A
:103BE000FFF7B0FB834607E0FFF7ACFBA0EB0B0150
:103BF00041F28830814291D8286A8007F4D41FB1FD
:103C0000E86920F08050E861E06900287ED0012852
:103C100009D0022807D040F2AD2142A003F046FEB1
:103C2000E069002872D06868C0F381000228E0696A
:103C30006DD0022805D0C6F86080FFF783FB0446EC
:103C4000A4E0206A30B1484504D040F2B62135A046
:103C500003F02CFE606A70B3B0F5802F2BD0B0F566
:103C6000002F28D0B0F5402F25D0B0F5801F22D0EE
:103C7000B0F5A01F1FD0B0F5C01F1CD0B0F5E01FDD
:103C800019D0B0F5001F16D0B0F5101F13D0B0F545
:103C9000201F10D0B0F5301F0DD0B0F5401F0AD056
:103CA000B0F5501F07D0B0F5601F04D040F2B72127
:103CB0001CA003F0FBFDC6F86080FFF743FB07463E
:103CC00005E000BFFFF73EFBC01B02285BD8286859
:103CD0008001F7D4206A48450FD1A06838B1B0F50B
:103CE000003F04D040F2CD210EA003F0DFFD686854
:103CF000A16820F4003008436860D4E90801084353
:103D0000696821F474110843686001E051E041E002
:103D1000C6F860A0FFF716FB04462AE00000424206
:103D2000001002402E2E2F447269766572732F5355
:103D3000544D3332463178785F48414C5F44726964
:103D40007665722F5372632F73746D3332663178D8
:103D5000785F68616C5F7263632E63008004424227
:103D60002C00002000700040FFF7ECFA001B022836
:103D700009D828688001F7D51BE000BFFFF7E2FAF9
:103D8000001B022802D90320BDE8F88F28688001B3
:103D9000F4D40EE00128F7D06868226A00F480317C
:103DA000914204D1616A00F47010884201D0012070
:103DB000EAE70020E8E7000070B504007ED07C4907
:103DC000206888420AD07B49884207D07A498842D5
:103DD00004D04FF4AB7179A003F068FD60684FF434
:103DE000827630B1B04204D040F2571173A003F094
:103DF0005DFDA06850B1B0F5806F07D0B0F5004F01
:103E000004D04FF4AC716DA003F050FDE068B0F544
:103E1000006F05D020B140F2591168A003F046FDB3
:103E2000A069B0F5007F08D038B1B0F5802F04D07C
:103E30004FF4AD7161A003F039FDE06990B108283D
:103E400010D010280ED018280CD020280AD02828EE
:103E500008D0302806D0382804D040F25B1157A093
:103E600003F024FD206A30B1802804D04FF4AE71F5
:103E700052A003F01BFD606A002538B340F25F11C9
:103E80004EA003F013FD606A00B3E06990B108280A
:103E900010D010280ED018280CD020280AD028289E
:103EA00008D0302806D0382804D040F2711143A041
:103EB00003F0FCFC25616561A56200E004E094F874
:103EC0005100002830D034E0012070BD206930B1AD
:103ED000022804D04FF4B17138A003F0E7FC606908
:103EE00030B1012804D040F2631134A003F0DEFCAD
:103EF0006068B04216D1E0690028DDD00828DBD028
:103F00001028D9D01828D7D02028D5D02828D3D009
:103F10003028D1D03828CFD040F2671127A003F045
:103F2000C5FCC9E7E561C7E784F85050204600F0BA
:103F300061F8022084F851002068016821F04001F6
:103F40000160A088218900F4827001F404410843D3
:103F5000A18901F400610843217C01F002010843BA
:103F6000217D01F001010843218B01F40071084318
:103F7000217F01F03801084394F8201001F08001FE
:103F80000843218D01F40051084321680860A069AD
:103F9000042101EA1040216848602068C16921F4C9
:103FA0000061C1616565012084F85100002070BD89
:103FB0000030014000380040003C00402E2E2F44CD
:103FC0007269766572732F53544D33324631787867
:103FD0005F48414C5F4472697665722F5372632F5C
:103FE00073746D3332663178785F68616C5F7370BB
:103FF000692E630030B585B00024009401940294CA
:10400000039400681449884223D11448816941F41B
:1040100080518161816901F480510491816941F08D
:104020000401816180690E4D00F004000490A0201D
:104030000090022001900320039069462846FEF775
:1040400049FF4020CDE90004694628460294FEF766
:1040500041FF05B030BD00000030014000100240BB
:1040600000080140704770472DE9F05F0446006882
:10407000364E374FDFF8DC80DFF8DC90DFF8DCA06D
:104080000D464FF0804BB04214D0B84212D0584584
:1040900010D040450ED048450CD050450AD030498C
:1040A000884207D02F49884204D040F2B4712EA034
:1040B00003F0FCFB286890B1102810D020280ED007
:1040C00030280CD040280AD0502808D0602806D0CC
:1040D000702804D040F2B57123A003F0E7FB6868B4
:1040E000802805D020B140F2B6711FA003F0DEFB9E
:1040F00094F83C00012827D0012284F83C200220BB
:1041000084F83D00216848688B6820F0700C2868AE
:1041100040EA0C0048602068B04209D0B84207D09D
:10412000584505D0404503D0484501D0504504D1FD
:10413000696823F080031943816084F83D200020E2
:1041400084F83C00BDE8F09F0220FBE7002C014012
:10415000003401400004004000080040000C004012
:1041600000100040001400402E2E2F447269766526
:1041700072732F53544D3332463178785F48414C37
:104180005F4472697665722F5372632F73746D3357
:1041900032663178785F68616C5F74696D5F6578ED
:1041A0002E63000010B5040051D03C4920688842BD
:1041B00019D03B49884216D0B0F1804F13D039490D
:1041C000884210D0384988420DD0384988420AD0F8
:1041D0003749884207D03749884204D040F213114A
:1041E00035A003F063FBA06860B110280AD0202836
:1041F00008D0402806D0602804D04FF48A712EA041
:1042000003F054FB206950B1B0F5807F07D0B0F5C2
:10421000007F04D040F2151127A003F047FBE068AF
:104220004FF6FE71401E884204D94FF48B7122A0D4
:1042300003F03CFBA06930B1802804D040F2171194
:104240001DA003F033FB94F83D0010B107E00120FE
:1042500010BD002084F83C00204600F049F8022000
:1042600084F83D00211D206802F090FD012084F8B3
:10427000460084F83E0084F83F0084F8400084F84B
:10428000410084F8420084F8430084F8440084F834
:10429000450084F83D00002010BD0000002C0140C6
:1042A000003401400004004000080040000C0040C1
:1042B00000100040001400402E2E2F4472697665D5
:1042C00072732F53544D3332463178785F48414CE6
:1042D0005F4472697665722F5372632F73746D3306
:1042E00032663178785F68616C5F74696D2E630047
:1042F00008B501682248B1F1804F0BD0214A9142A4
:1043000017D1C16941F00401C161C06900F0040026
:10431000009008BDC16941F00101C161C06900227E
:1043200000F00100009005211C20FFF7C7F81C20B9
:1043300022E0154A91420ED1C16941F01001C161DC
:10434000C069002200F01000009005213620FFF720
:10435000B5F8362010E00D4A9142DAD1C16941F03A
:104360002001C161C069002200F0200000900521F9
:104370003720FFF7A3F83720BDE80840FFF76CB8F7
:1043800000100240000800400010004000140040EF
:104390002DE9F04707460068204C214D214EDFF8FB
:1043A0008880DFF888904FF0804AA04214D0A8425D
:1043B00012D0504510D0B0420ED040450CD04845E8
:1043C0000AD01B49884207D01A49884204D040F2DB
:1043D000951119A003F06AFA97F83D00012802D060
:1043E0000120BDE8F087022087F83D003868A04230
:1043F00009D0A84207D0504505D0B04203D040456F
:1044000001D0484504D1816801F00701062903D095
:10441000016841F0010101600020E2E7002C014049
:10442000003401400004004000080040000C00403F
:1044300000100040001400402E2E2F447269766553
:1044400072732F53544D3332463178785F48414C64
:104450005F4472697665722F5372632F73746D3384
:1044600032663178785F68616C5F74696D2E6300C5
:104470002DE9F04707460068234C244D244EDFF811
:104480009480DFF894904FF0804AA04214D0A84264
:1044900012D0504510D0B0420ED040450CD0484507
:1044A0000AD01E49884207D01D49884204D04FF4E3
:1044B000E8711CA003F0FAF997F83D00012802D03A
:1044C0000120BDE8F087022087F83D003868C16808
:1044D00041F00101C1603868A04209D0A84207D06C
:1044E000504505D0B04203D0404501D0484504D1E5
:1044F000816801F00701062903D0016841F001013C
:1045000001600020DDE70000002C01400034014084
:104510000004004000080040000C00400010004073
:10452000001400402E2E2F447269766572732F534B
:10453000544D3332463178785F48414C5F4472695C
:104540007665722F5372632F73746D3332663178D0
:10455000785F68616C5F74696D2E63002DE9F05FB0
:10456000054690F83C000C464FF0000B01283ED069
:10457000012085F83C00022085F83D0020684FF4BA
:1045800080594FF4005A484515D0702813D0504533
:1045900011D040280FD050280DD060280BD050B13A
:1045A000102808D0202806D0302804D041F2BE417F
:1045B000BDA003F07BF92968886820F0770020F41B
:1045C0007F4088602068C649C64AC74BC74EC84F5F
:1045D0004FF0804C4FF40048502872D00FDC202858
:1045E00004D007DC0028FBD010286BD13CE102206E
:1045F000BDE8F09F3028F9D04028F6D105E16028C9
:104600007DD070285FD0484542D05045EDD1286814
:1046100088420ED090420CD060450AD0984208D013
:10462000B04206D0B84204D041F2E9419EA003F066
:104630003DF9A06858B1484509D0504507D0B0F5BC
:10464000405F04D041F2EC4197A003F02FF960687D
:10465000404509D040B1022806D00A2804D041F2D2
:10466000ED4191A003F022F9E0680F2804D941F24E
:10467000EE418DA003F01AF9D4E90121E36828681E
:1046800002F0CAFB2868816841F48041816002E140
:1046900028688842FBD09042F9D06045F7D0984214
:1046A000F5D0B042F3D0B842F1D092498842EED072
:1046B00091498842EBD041F2CA417BA003F0F6F861
:1046C000E9E042E0E5E0286888420ED090420CD054
:1046D00060450AD0984208D0B04206D0B84204D013
:1046E00041F2D14170A003F0E1F8A06868B14845FB
:1046F0000BD0504509D0B0F5405F06D000E053E044
:1047000041F2D44168A003F0D1F86068404509D077
:1047100040B1022806D00A2804D041F2D54162A057
:1047200003F0C4F8E0680F2804D941F2D6415EA036
:1047300003F0BCF8D4E90121E368286802F06CFBBF
:104740002868816841F07701A0E7286888420ED088
:1047500090420CD060450AD0984208D0B04206D0B2
:10476000B84204D041F2FD414FA003F09FF86068C9
:10477000404509D040B1022806D00A2804D04FF4A1
:10478000A85149A003F092F8E0680F2804D941F23B
:10479000015145A003F08AF8E2686168286802F0D8
:1047A0004DFB502128682DE0286888420ED09042A9
:1047B0000CD060450AD0984208D0B04206D0B8422A
:1047C00004D041F20D5138A003F070F86068404504
:1047D00009D040B1022806D00A2804D041F2105175
:1047E00031A003F063F8E0680F2804D941F21151B9
:1047F0002DA003F05BF8E2686168286802F02FFBE7
:104800006021286802F012FB45E0286888420ED03B
:1048100090420CD060450AD0984208D0B04206D0F1
:10482000B84204D041F21D511FA003F03FF8606868
:10483000404509D040B1022806D00A2804D04FF4E0
:10484000A95119A003F032F8E0680F2804D941F209
:10485000215115A003F02AF8E2686168286802F087
:10486000EDFA40212868CDE7286888420ED09042B2
:104870000CD060450AD0984208D0B04206D0B84269
:1048800004D041F2305108A003F010F821682868E4
:10489000B8E74FF0010B012085F83D00002085F8B6
:1048A0003C005846A4E600002E2E2F44726976651F
:1048B00072732F53544D3332463178785F48414CF0
:1048C0005F4472697665722F5372632F73746D3310
:1048D00032663178785F68616C5F74696D2E630051
:1048E000002C01400034014000040040000800405A
:1048F000000C00400010004000140040704770B5EC
:104900000446006801694FF00005C943890715D4C2
:10491000C168C943890711D4E91E016101202077CC
:10492000206880698007204602D0FFF7E7FF04E097
:1049300000F098F8204600F096F825772068016985
:10494000C943490717D4C168C943490713D46FF055
:1049500004010161022020772068806910F4407F03
:10496000204602D0FFF7CAFF04E000F07BF82046A3
:1049700000F079F8257720680169C943090716D442
:10498000C168C943090712D46FF00801016104200E
:1049900020772068C0698007204602D0FFF7AEFF6D
:1049A00004E000F05FF8204600F05DF8257720680D
:1049B0000169C943C90617D4C168C943C90613D4DC
:1049C0006FF010010161082020772068C06910F4A1
:1049D000407F204602D0FFF791FF04E000F042F84C
:1049E000204600F040F8257720680169C943C907CF
:1049F00008D1C168C943C90704D1891E0161204695
:104A000000F032F820680169C943090609D4C16879
:104A1000C943090605D46FF0800101612046FFF704
:104A200021FB20680169C943490609D4C168C9430B
:104A3000490605D46FF040010161204600F024F8DA
:104A400020680169C94389060BD4C168C943890636
:104A500007D46FF0200101612046BDE87040FFF7E8
:104A600002BB70BD7047704710B504460068054929
:104A7000884201D1FEF76CFC2046BDE8104002F0F0
:104A800067BC0000002C01407047704710B5044619
:104A90000068406994F84110C0F3C010212911D179
:104AA00080B12068143050E8001F21F0800140E8F8
:104AB0000012002AF5D1A06B08B1FDF7EDFE2046EB
:104AC00002F085FA2068406994F84210C0F3801023
:104AD000222911D180B12068143050E8001F21F044
:104AE000400140E80012002AF5D1E06B08B1FDF763
:104AF000D3FE204602F044FA002010BD70470000AB
:104B0000F8B5016804460868CA684B6910F00F0FD1
:104B10004FF0000559D003F0010602F490773743B7
:104B200065D0C10705D0D10503D5616C41F0010105
:104B30006164410705D5D90703D0616C41F00201DA
:104B40006164810705D5D90703D0616C41F0040188
:104B50006164010707D502F02001314303D0616C85
:104B600041F008016164616C00293AD0800604D5E7
:104B7000900602D5204602F038FA20684069616C40
:104B8000C0F38010090700D460B3204602F0F8F9A2
:104B900020684069400621D52068143050E8001F85
:104BA00021F0400140E80012002AF5D1E06BA8B1E5
:104BB0006D494163E06BFDF793FE002811D0E06B77
:104BC000416B01B0BDE8F040084783060FD593065E
:104BD0000DD52046BDE8F84002F007BA2046FFF7A1
:104BE0008DFFF8BD2046FFF789FF6564F8BD266B91
:104BF0002023012E7CD1C6067AD5D60678D5086842
:104C00004868009048694FF00206400640D5E16BC5
:104C1000086840680004000CE8D0A28D8242E5D903
:104C2000E085886920282DD020680C3050E8001FCE
:104C300021F4807140E80012002AF5D12068143078
:104C400050E8001F21F0010140E80012002AF5D1D0
:104C50002068143050E8001F21F0400140E80012A5
:104C6000002AF5D184F84230256320680C3050E8E2
:104C7000001F21F0100140E80012002AF5D1E06B7E
:104C8000FDF70AFE6663A08DE18D401A81B22AE02D
:104C9000A08DE18D401A81B2E08D0028A6D00029B8
:104CA000A4D022680C3252E8000F20F4907042E841
:104CB0000007002FF5D12068143050E8002F22F0B3
:104CC000010240E80027002FF5D184F84230256327
:104CD00020680C3050E8002F22F0100240E800233A
:104CE000002BF5D166632046FFF7CFFEF8BDFFE746
:104CF00005062BD5150629D594F841002128F5D1B4
:104D0000A068B0F5805F01D12069B0B1206A411C74
:104D10002162216800784860E08C401E0004000C8D
:104D2000E084E3D12068C16821F08001C16020687F
:104D3000C16841F04001C160D8E7206A0088C0F333
:104D400008004860206A801C2062E5E74006CDD557
:104D50005006CBD5CA68204622F04002CA6084F8CB
:104D6000413000F04EF9C1E7836E000870B50400D1
:104D700020D0A06934490028344A354B20681BD024
:104D800088420AD0904208D0984206D04FF4B771BA
:104D900030A002F08BFDA069F8B1A069B0F5807F6A
:104DA0001BD0B0F5007F18D0B0F5407F15D040F291
:104DB0006F110FE0012070BD88420ED090420CD0E0
:104DC00098420AD03249884207D03249884204D0FA
:104DD00040F273111FA002F069FDA06838B1B0F570
:104DE000805F04D040F275111AA002F05FFD94F8C4
:104DF0004100002520B984F84050204600F04CF8CE
:104E0000242084F841002068C16821F40051C16069
:104E1000204602F04BF92068016921F490410161BC
:104E20002068416921F02A0141612068C16841F48C
:104E30000051C1606564202084F8410084F842007C
:104E40006563002070BD0000003801400044004050
:104E5000004800402E2E2F447269766572732F53DE
:104E6000544D3332463178785F48414C5F44726923
:104E70007665722F5372632F73746D333266317897
:104E8000785F68616C5F756172742E63000000006A
:104E9000004C00400050004070B586B0002506462A
:104EA00000950195029503950068224988423ED1FC
:104EB0002149886940F480408861886900F4804015
:104EC0000490886940F00400886188691B4C00F0F8
:104ED00004000490481500900220019003200390E4
:104EE00069462046FDF7F6FF2015CDE90005694625
:104EF00020460295FDF7EEFF124C1148C4E900056B
:104F00008020C4E9025025616561A5612046E56104
:104F1000FDF7A2FE08B1FDF7A7F9F4630022052111
:104F200025206662FEF7CAFA2520FEF795FA06B03C
:104F300070BD000000380140001002400008014030
:104F4000580002402803002090F84230202B01D066
:104F50000220704721B11AB10023036302F04CB95B
:104F600001207047704770472DE9F843044690F8D8
:104F700041001F4616460D46202802D00220BDE8FB
:104F8000F8837DB176B100206064212084F841006F
:104F9000FEF7D8F9A6848046E684A068B0F5805F65
:104FA00002D003E00120EAE7206910B12E46002577
:104FB0000EE000260CE08021204602F065F9A0B941
:104FC000AEB116F8010B21684860E08C401EE08409
:104FD000E08C43464FF0000200970028EBD14FF0E1
:104FE0004001204602F050F930B10320C7E735F800
:104FF000020BC0F30800E6E7202084F841000020FF
:10500000BDE77047FEE70000034910B14FF4802070
:1050100000E00420086070471014014070B51C4681
:10502000154600F049F9044905FB04F04989BDE83B
:10503000704000F069B80000D000002001B5009871
:1050400001E0401E00900028FBD108BD2DE9F0478B
:10505000184C203A1FFA82FCE768BA88FB8802FBEA
:1050600003F5EE1705EB5675C5F3C7063D680CFB57
:10507000065700F021F92C2000F018FC00254FF015
:105080008008A14612E00024795D28FA04F001426C
:1050900002D0B9F8080001E0B9F80A0000F018FCE5
:1050A000641CE4B2082CEFD36D1CEDB2B542EAD318
:1050B000BDE8F087D00000202DE9F0410F460646FC
:1050C0000025104C19E0E0686388818829449942E2
:1050D00003D9C188002531448EB2C088A1883044EC
:1050E000884201D900252E4631462846FFF7AEFFFB
:1050F000E0687F1C8088284485B23A78002AE2D193
:10510000BDE8F081D000002070B505460E460024B1
:105110002C2000F0CBFB03E0304600F0D9FB641CF0
:10512000AC42F9D370BD00002B4810B5816986B040
:1051300041F010018161816901F0100104918169E0
:1051400041F020018161816901F0200104918169B0
:1051500041F008018161816901F0080104918169D0
:1051600041F001018161806900F0010004901B4859
:10517000416821F0E06141F000714160012001903F
:105180000290032003904FF6FF7000906946144888
:10519000FDF7A0FE2020134C009069462046FDF745
:1051A00099FE4020009069462046FDF793FE1020AE
:1051B000009069462046FDF78DFE802000906946EC
:1051C0002046FDF787FE0420009069460648FDF75B
:1051D00081FE06B010BD000000100240000001403A
:1051E000000C0140001001400014014070B505465C
:1051F00007284DD8274CEA074FF0F00025704FF4F0
:10520000A07112D06180A080362000F04FFBE088B2
:10521000A0F51341413904D0A0F50541523907D01A
:1052200009E0082040EA451003E06080A180EBE738
:10523000680100F04DFB2A2000F038FB002000F050
:1052400047FB002000F044FB6088401EC0F30720AD
:1052500000F03EFBA078401EC0B200F039FB2B20CE
:1052600000F024FB002000F033FB002000F030FBB6
:10527000A088401EC0F3072000F02AFB2079401EC2
:10528000C0B200F025FBBDE870402C2000F00EBB42
:1052900070BD0000D000002010B5FFF745FF0120D1
:1052A000FFF7B2FE00F034F802480078BDE8104085
:1052B000FFF79CBFD00000202DE9F04105461E46B7
:1052C00017460C462A2000F0F1FA280A00F000FBED
:1052D000E8B200F0FDFA3D446D1EC5F30F2000F06A
:1052E000F7FAE8B200F0F4FA2B2000F0DFFA200A17
:1052F00000F0EEFAE0B200F0EBFA3444641EC4F3BE
:105300000F2000F0E5FAE0B2BDE8F04100F0E0BAAD
:1053100070B500F07BFAFE49FE4D4FF6FF74C88071
:10532000A0F5134141397DD0A0F5054152397AD11C
:105330002046FFF783FECF2000F0B8FA002000F0EF
:10534000C7FAC12000F0C4FA302000F0C1FA2046AC
:10535000FFF774FEED2000F0A9FA642000F0B8FA1F
:10536000032000F0B5FA122000F0B2FA812000F01C
:10537000AFFA2046FFF762FEE82000F097FA85209A
:1053800000F0A6FA102000F0A3FA782000F0A0FAAE
:105390002046FFF753FECB2000F088FA392000F0BA
:1053A00097FA2C2000F094FA002000F091FA3420B3
:1053B00000F08EFA022000F08BFA2046FFF73EFE46
:1053C000F72000F073FA202000F082FA2046FFF761
:1053D00035FEEA2000F06AFA002000F079FA002099
:1053E00000F076FA2046FFF729FEC02000F05EFAB2
:1053F000212000F06DFA2046FFF720FEC12000F0CA
:1054000055FA112000F064FAC52000F04FFA2D2063
:1054100000F05EFA332000F05BFA2046FFF70EFE44
:10542000362001E0A9E0F0E100F040FA002000F0B1
:105430004FFA2046FFF702FE3A2000F037FA5520D7
:1054400000F046FA2046FFF7F9FDB12000F02EFAF1
:10545000002000F03DFA172000F03AFA2046FFF74E
:10546000EDFDB62000F022FA0A2000F031FAA22069
:1054700000F02EFAF62000F019FA012000F028FAC8
:10548000302000F025FAF22000F010FA002000F0A1
:105490001FFA262000F00AFA012000F019FA20462F
:1054A000FFF7CCFDE02000F001FAD02000F010FA68
:1054B000002000F00DFA022000F00AFA072000F0A8
:1054C00007FA0B2000F004FA1A2000F001FA31204C
:1054D00000F0FEF9542000F0FBF9402000F0F8F94C
:1054E000292000F0F5F9122000F0F2F9122000F066
:1054F000EFF9122000F0ECF9172000F0E9F9E120B3
:1055000000F0D4F9D02000F0E3F9002000F0E0F939
:10551000022000F0DDF9072000F0DAF9052000F0A4
:10552000D7F9252000F0D4F92D2000F0D1F944203E
:1055300000F0CEF9452000F0CBF91C2000F0C8F9AE
:10554000182000F0C5F9162000F0C2F91C2000F068
:10555000BFF91D2000F0BCF9112000F0A7F9284682
:10556000FFF76CFD2046FFF769FD292000F09EF94A
:105570002C20BDE8704000F099B92046FFF75EFD91
:10558000CF2000F093F9002000F0A2F9812000F074
:105590009FF9302000F09CF92046FFF74FFDED20E9
:1055A00000F084F9642000F093F9032000F090F9F2
:1055B000122000F08DF9812000F08AF92046FFF7D3
:1055C0003DFDE82000F072F9852000F081F91020FF
:1055D00000F07EF9782000F07BF92046FFF72EFDE1
:1055E000CB2000F063F9392000F072F92C2000F094
:1055F0006FF9002000F06CF9342000F069F9062002
:1056000000F066F92046FFF719FDF72000F04EF98B
:10561000202000F05DF92046FFF710FDEA2000F0A1
:1056200045F9002000F054F9002000F051F920461F
:10563000FFF704FDB12000F039F9002000F048F92F
:105640001B2000F045F92046FFF7F8FCB62000F0DB
:105650002DF90A2000F03CF9A22000F039F920468B
:10566000FFF7ECFCC02000F021F9352000F030F904
:105670002046FFF7E3FCC12000F018F9112000F0EC
:1056800027F9C52000F012F9452000F021F9452046
:1056900000F01EF9C72000F009F9A22000F018F967
:1056A000F22000F003F9002000F012F9262000F0AB
:1056B000FDF8012000F00CF92046FFF7BFFCE020C8
:1056C00000F0F4F80F2000F003F9262000F000F9B4
:1056D000242000F0FDF80B2000F0FAF80E2000F076
:1056E000F7F8092000F0F4F8542000F0F1F8A820B1
:1056F00000F0EEF8462000F0EBF80C2000F0E8F89F
:10570000172000F0E5F8092000F0E2F80F2003E090
:10571000D0000020FCBF020000F0DAF8072000F003
:10572000D7F8002000F0D4F8E12000F0BFF8002006
:1057300000F0CEF8192000F0CBF81B2000F0C8F8DC
:10574000042000F0C5F8102000F0C2F8072000F097
:10575000BFF82A2000F0BCF8472000F0B9F8392043
:1057600000F0B6F8032000F0B3F8062000F0B0F81F
:10577000062000F0ADF8302000F0AAF8382000F044
:10578000A7F80F2000F0A4F82046FFF757FC3620BA
:1057900000F08CF8C82000F09BF82046FFF74EFC84
:1057A0002A2000F083F8002000F092F8002000F09A
:1057B0008FF8002000F08CF8EF2000F089F82046E8
:1057C000FFF73CFC2B2000F071F8002000F080F87F
:1057D000002000F07DF8012000F07AF83F2000F072
:1057E00077F82046FFF72AFC3A2000F05FF85520B2
:1057F00000F06EF8112000F059F82846FFF71EFC63
:105800002046FFF71BFC2920B3E670BD70B50420CD
:1058100000F04CF800F024F800F022F800F020F836
:105820004FF6FF7404EA002500F01AF82843A0F5AB
:105830000541523912D0D32000F038F800F010F8AA
:1058400000F00EF800F00CF804EA002400F008F86C
:105850002043A0F51341413900D0002070BD000065
:1058600070B5104A4FF088301060131D18600D4C51
:1058700000200C3420600C49802008614020086121
:1058800010254D6120264E61181D00680E6180B202
:105890000D614FF03331116019604FF6FF712160D7
:1058A00070BD0000000C01400010014006491022AC
:1058B0004A6180234B6120230B61044B1860402018
:1058C000486108610A617047001001400C0C0140FA
:1058D000064910224A6180230B6120230B61044B8F
:1058E00018604020486108610A617047001001405B
:1058F0000C0C014008B50B4D0B4E4FF0FF340094DB
:10590000002301220321686805F088F9012806D0E8
:105910000228F4D108213046FDF7AEFCEFE7042160
:10592000F9E70000C8000020001001401F4D204F83
:10593000204C6E1401212846FDF772FC50B92078E6
:10594000C00707D10121606805F022F9207840F0F6
:105950000100207031463846FDF762FC50B92078CE
:10596000800707D40221606805F012F9207840F022
:105970000200207001212846FDF752FC012805D1C4
:105980002078C10702D020F001002070314638464F
:10599000FDF746FC012805D12078810702D520F0CB
:1059A00002002070142004F07FFDC3E700080140CE
:1059B00000100140C80000200148C0687047000086
:1059C000D000002010B50020FFF710FCFFF764FCAA
:1059D000114800F039F84FF6FF7421461F2000F0FF
:1059E0002DF80E48002103880D4802880846FFF76D
:1059F00015FBFFF7E1FFC0880AA104EA4000FFF7AA
:105A00005BFBFFF7D9FFC088BDE8104000EB40000A
:105A100080B207A1FFF750BBE0000020D4000020B7
:105A2000D200002048656C6C6F20576F726C640068
:105A30005468616E6B7320796F750000014A1081A4
:105A400051817047D00000200149C86070470000B4
:105A5000D0000020192004F027FDFBE74FF47A74F2
:105A6000204604F021FDFBE71CB500240C490094FE
:105A70000A48019408600846FCF75AFD08B1FCF793
:105A8000F3FB2C20CDE90004002269460448FCF712
:105A9000A9FC002801D0FCF7E7FB1CBD0074004006
:105AA00010010020114808B5416941F00101416130
:105AB000416901F001010091416941F00201416138
:105AC0004069002200F00200009005210F20FDF740
:105AD000F5FC0F20FDF7C0FC002205213A20FDF760
:105AE000EDFCBDE808403A20FDF7B6BC00100240CE
:105AF00010B515491548FCF7C7FB1349491E087036
:105B000020B1BDE81040481CFCF7E2BB01220E4961
:105B10000F4802F08DFD044600F028FA0DA116484A
:105B200001F0FAFB4CB1224614A1134801F0F4FB3A
:105B30002046BDE8104000F019BABDE8104018A199
:105B40000D4801F0E9BB000001010020EC0000203D
:105B5000746400200D0D0A2A2A2A2A2A2A20B9D282
:105B6000D4D8CEC4BCFECFB5CDB3202A2A2A2A2A47
:105B70002A0D0D0A00000000E0020020A3A1A3A14D
:105B80005344BFA8B9D2D4D8CEC4BCFECFB5CDB390
:105B9000CAA7B0DCA1A3282564290D0A00000000D3
:105BA000A1B7CEC4BCFECFB5CDB3B9D2D4D8B3C99A
:105BB000B9A6A3ACBFC9D2D4BDF8D0D0B6C1D0B4B9
:105BC000B2E2CAD40D0A000010B501F093F80A4AF7
:105BD00000210A4803F084FB0949C86104F0CAFFA8
:105BE00008490028086005D1BDE81040AE2106A094
:105BF00001F05CBE10BD000050B90008956B0008B4
:105C000000000020CC0000202E2E2F436F72652F45
:105C10005372632F6672656572746F732E63000032
:105C20002DE9F04385B000242848009401940294A3
:105C30000394816941F010018161816901F01001D3
:105C40000491816941F020018161816901F02001A5
:105C50000491816941F0040181618069DFF87080FD
:105C600000F00400049000220C214046FDF734FBB4
:105C7000DFF860904FF48077002239464846FDF700
:105C80002BFB7801CDE90004694640460294FDF7FC
:105C900021F90C2001250226CDE90005CDE90246B7
:105CA00069464046FDF716F9CDE900546946484675
:105CB0000294FDF70FF900970396CDE90154694668
:105CC0004846FDF707F905B0BDE8F0830010024033
:105CD0000010014000080140104810B50E49016055
:105CE0004FF48271416000218160C1604FF4007205
:105CF0000161C0E905120822C0E907214162816201
:105D00000A21C162FEF758F8002803D0BDE8104010
:105D1000FCF7AABA10BD0000003001406801002065
:105D200010B586B0002416480094019402940394A0
:105D300004944FF08041059401604721C0E90114AB
:105D40000921C0E903148461FEF72CFA08B1FCF7BD
:105D50008BFA4FF48050009069460948FEF7FEFB2D
:105D600008B1FCF781FA049404A905480594FEF7EC
:105D70007BF9002801D0FCF777FA06B010BD0000CF
:105D8000C001002010B586B000241748009401948B
:105D900002940394049413490594C0E900144FF449
:105DA000CC61C0E90241802104618161FEF7FAF90A
:105DB00008B1FCF759FA4FF48050009069460A4840
:105DC000FEF7CCFB08B1FCF74FFA2020CDE9040424
:105DD00004A90548FEF748F9002801D0FCF744FA69
:105DE00006B010BD00080040080200201CB50024C9
:105DF0000E4800940C49019401604721C0E9011448
:105E00007C218461C160FEF7CDF908B1FCF72CFA62
:105E10000094694605480194FEF726F9002801D050
:105E2000FCF722FA1CBD00000010004050020020C8
:105E30001CB500240E4800940C49019401604721D0
:105E4000C0E9011463218461C160FEF7ABF908B1B8
:105E5000FCF70AFA0094694605480194FEF704F934
:105E6000002801D0FCF700FA1CBD0000001400401F
:105E7000980200200C4810B50A4901604FF4E13146
:105E80004160002181600C22C160C0E9041281617F
:105E9000C161FEF76BFF002803D0BDE81040FCF79E
:105EA000E3B910BD00380140E0020020FEE7FEE744
:105EB0001D4808B5816941F004018161816901F0E3
:105EC00004010091816941F008018161816901F05B
:105ED00008010091816941F010018161816901F03F
:105EE00010010091816941F020018161816901F017
:105EF00020010091816941F040018161816901F0D7
:105F000040010091816941F080018161816901F066
:105F100080010091816941F480718161806900F4A0
:105F20008070009008BD0000001002400E4881699A
:105F300021F004018161816921F008018161816999
:105F400021F010018161816921F020018161816965
:105F500021F040018161816921F0800181618169C5
:105F600021F480718161704700100240142833D2FF
:105F7000DFE800F00A0C0E1012141618181A1C1E76
:105F800020222426282A2C2E14A122E017A120E06A
:105F90001EA11EE022A11CE028A11AE02DA118E0FC
:105FA00032A116E037A114E03BA112E041A110E0BC
:105FB00046A10EE04BA10CE050A10AE055A108E07B
:105FC00060A106E064A104E068A102E070A100E025
:105FD00075A17A4801F0A0B970470000A1B7B2D905
:105FE000D7F7B3C9B9A6A1A30D0A0000A3A1A3A125
:105FF000D3B2BCFECAE4C8EBCAE4B3F6C7FDB6AF81
:10600000B3F6B4EDA1A30D0A00000000A3A1A3A163
:10601000B6CFD1D4B4EDCEF3A1A30D0A0000000099
:10602000A3A1A3A1CEEFC0EDC9E8B1B8CEDEB7A859
:10603000B9A4D7F7A1A30D0A00000000A3A1A3A152
:10604000CEDEB7A8D5D2B5BDCEC4BCFEA1A30D0A85
:1060500000000000A3A1A3A1CEDEB7A8D5D2B5BD94
:10606000C2B7BEB6A1A30D0A00000000A3A1A3A160
:10607000CEDED0A7B5C4C2B7BEB6C3FBA1A30D0A7E
:1060800000000000A3A1A3A1BEDCBEF8B7C3CECA26
:10609000A1A30D0A00000000A3A1A3A1CEDED0A7FA
:1060A000B5C4CEC4BCFEBBF2C2B7BEB6A1A30D0A36
:1060B00000000000A3A1A3A1C2DFBCADC9E8B1B834
:1060C000D0B4B1A3BBA4A1A30D0A0000A3A1A3A1B6
:1060D000CEDED0A7B5C4C2DFBCADC9E8B1B8A1A3BC
:1060E0000D0A0000A3A1A3A1CEDED0A7B5C4B9A418
:1060F000D7F7C7F8A1A30D0A00000000A3A1A3A130
:10610000CEDED0A7B5C4CEC4BCFECFB5CDB3A1A35F
:106110000D0A0000A3A1A3A1D2F2BAAFCAFDB2CE6C
:10612000CAFDCECACCE2B5BCD6C2665F6D6B6673E3
:10613000BAAFCAFDB2D9D7F7CAA7B0DCA1A30D0A7E
:1061400000000000A3A1A3A1B2D9D7F7B3ACCAB194
:10615000A1A30D0A00000000A3A1A3A1CEC4BCFE10
:10616000B1BBB1A3BBA4A1A30D0A0000A3A1A3A12D
:10617000B3A4CEC4BCFEC3FBD6A7B3D6BBF1C8A1A3
:10618000B6D1BFD5BCE4CAA7B0DCA1A30D0A0000FC
:10619000A3A1A3A1B4F2BFAACCABB6E0CEC4BCFE0F
:1061A000A1A30D0A00000000A3A1A3A1B2CECAFDC5
:1061B000CEDED0A7A1A30D0A00000000E00200205F
:1061C000F0B5ADF5297D5CA1634801F0A5F863A3A6
:1061D000684A69A18CA8FAF79FF901228CA901A845
:1061E00002F068FA020008D065A15B4801F094F85B
:1061F00066A1594801F090F820E06AA1564801F0E4
:106200008BF89BAB4FF480726B4901A802F048FBFE
:10621000020001D069A10DE06FA14F489B9A01F0E7
:106220007BF89B9850B164499CA801F0DDF90446C5
:10623000024672A1484801F06FF802E0002004F025
:1062400059F9214601A802F09DF802004FF0FF37EE
:1062500006D06DA1404801F05FF8384604F024F9FB
:1062600070A13D4801F058F8724E00244FF40075BB
:106270009BAB2A46704901A802F012FB02003AD0FB
:106280004EA1354801F048F8641C022CF0DB0020D8
:10629000014600902B46674A6848FCF723FA68A13C
:1062A0002D4801F039F8694C3946012003F076FE9B
:1062B000012803D966A1284801F02EF89BAB2A4695
:1062C0005D4901A802F0ECFA020021D03BA122486E
:1062D00001F022F801A802F039F866A11E4801F089
:1062E0001BF800215548FCF793FA002004F002F94E
:1062F0000DF5297DF0BD38A117489B9A01F00CF8E7
:106300009B984D49420806EB4420FBF796FFBBE7FC
:106310009B9860B142082078474900F0010006EBE5
:106320004020FBF78AFF2078401C2070BCE754A176
:10633000094800F0F1FFCDE70D0A2A2A2A2A2A2A65
:1063400020576176CEC4BCFEB6C1C8A1202A2A2A35
:106350002A2A2A0D0A000000E002002042614A6950
:10636000616F4E696768745261696E5F522E776122
:106370007600000001010020257325730000000055
:10638000665F7265733A25640D0A0000A3A1A3A19C
:10639000B4F2BFAACEC4BCFECAA7B0DCA1A30D0A4A
:1063A00000000000A1B7B4F2BFAACEC4BCFEB3C9BE
:1063B000B9A6A1A30D0A0000745D0020A3A1A3A1AA
:1063C000CEC4BCFEB6C1C8A1CAA7B0DCA3BA2825FA
:1063D00064290D0A00000000A1B7CEC4BCFEB6C1FE
:1063E000C8A1B3C9B9A62CB6C1B5BDD7D6BDDACA46
:1063F000FDBEDDA3BA25640D0A0000007761765F5B
:106400006C656E3A25640A00D6B8D5EBD2C6B6AF35
:10641000CAA7B0DCA3AC665F7265733A282564290D
:106420000D0A0000D6B8D5EBD2C6B6AFB3C9B9A62F
:106430000D0A000074600020745E0020100100202E
:10644000D1ADBBB7BFAACABC0D0A0000E80000204E
:106450005B4552524F525D205561727431206F621C
:106460006C69746572617465642044617461212192
:1064700000000000B9D8B1D5CEC4BCFE0D0A0000A2
:10648000CEC4BCFEB6C1C8A1CDEAB1CF0D0A000092
:10649000FFB53D4F044600254FF08070FF26386061
:1064A000324629460A2000F0DBFA002000F03BFAD1
:1064B00088B9FE2000F037FA30B96B4600F0BEFA1A
:1064C00058556D1C102DF9D3FF2000F027FBFF203D
:1064D00000F024FB00264FF480703860FF2000F0AD
:1064E0001DFB9DF8000020709DF8010000026080F7
:1064F00060889DF80210084360809DF80300000644
:10650000606060689DF8041040EA01406060606867
:106510009DF8051040EA0120606060689DF8061053
:10652000084360609DF8070020729DF808006072C3
:106530009DF809000006E060E0689DF80A1040EA56
:106540000140E060E0689DF80B1040EA0120E06047
:10655000E0689DF80C100843E060217C9DF80D0078
:1065600041EA101121740007000D6082608A9DF8D5
:106570000E10084360829DF80F004008207501202E
:10658000607504B03046F0BD10080140FFB56F4F94
:10659000044600264FF08070FF2538602A463146B9
:1065A000092000F05DFA002000F0BDF988B9FE2056
:1065B00000F0B9F930B96B4600F040FA9855761CF6
:1065C000102EF9D3FF2000F0A9FAFF2000F0A6FA60
:1065D00000254FF480703860FF2000F09FFA9DF88E
:1065E000000081092170C0F38301617000F0030095
:1065F000A0709DF80100E0709DF8020020719DF8E8
:10660000030060719DF804000001E080E1889DF8BE
:10661000050041EA1011E18000F00F0020729DF8A2
:106620000600C1096172C0F38011A172C0F340116C
:10663000E172C0F300112173002161738007000D26
:10664000206143480078012804D0022802D00428A1
:1066500023D032E020699DF8072040EA82002061C3
:1066600022699DF8080042EA90122261C0F3C2023A
:10667000227500F0070060759DF809004209A275B7
:10668000C0F38202E2758007400F2076207E9DF8DD
:106690000A2040EAD21020760FE09DF8070080061D
:1066A000800A206120699DF8082040EA02202061CC
:1066B00020699DF80920104320619DF80A00C0F36D
:1066C000801204F8192F8006400E607062789DF8E1
:1066D0000B0042EAD012627000F07F00A0709DF8BB
:1066E0000C00C209E270C0F341122271C0F38202B1
:1066F00062718007000FA071A2799DF80D0042EA37
:106700009012A271C0F34012E271217200F00100F8
:1067100060729DF80E00C109A172C0F38011E17290
:10672000C0F340112173C0F300116173C0F3810104
:10673000A17300F00300E0739DF80F00400820747F
:106740000120607404B02846F0BD0000100801402C
:10675000BC000020F0B50446FFF718FF04F12C0040
:10676000FFF796FE0546184801780020012904D05D
:10677000022902D004291AD024E02369227E0121B3
:10678000921C01FA02F2D6175B1CA3FB027C00FBF1
:1067900002C203FB0622237A9940A7FB013621653A
:1067A00002FB016107FB0010C4E912300AE0216915
:1067B000C004491C40EA5130C904C4E912104FF426
:1067C000007020652846F0BDBC0000202DE9F84788
:1067D000464C4FF4807540F6FF762560FF2000F0B0
:1067E0009DF92F04276087224FF4D571082000F00F
:1067F00037F900E0761E00F021F9FF2807D0EEB34C
:10680000DFF8EC80052805D0012814D067E0002EC1
:10681000F0D13CE02560FF2000F080F92760FF22E6
:106820000021012000F01CF9002000F07CF8002875
:10683000F0D1012151E000234FEA0D0600F0FEF8EF
:10684000F0545B1C042BF9D32560FF2000F066F99F
:10685000B94627609DF80200012840D19DF8030049
:10686000AA283CD1C8274FF0804AFF2200213720B8
:1068700000F0F6F8002000F056F800E007E030B134
:10688000FF225146292000F0EBF87F1E02D2FF20A4
:10689000BDE8F887002000F046F80028E5D14F4613
:1068A0002560FF2000F03AF92760FF2200213A20FE
:1068B00000F0D6F8002000F036F80028F0D10023D0
:1068C00000F0BCF8F0545B1C042BF9D39DF80000D9
:1068D000400601D5042100E0022188F8001025605F
:1068E000FF2000F01BF90020D2E700001008014053
:1068F000BC00002010B5002300F0A0F800F01F0439
:10690000052C06D00B2C0AD00D2C0AD05B1C402B7A
:10691000F2D900F093F80028FBD0204610BD0B20E0
:1069200010BD0D2010BD10B5044640F6FF7300E009
:106930005B1E00F083F8A04202D0002BF8D102E0E9
:106940000BB1002010BDFF2010BD000010B50B4C96
:106950004FF08070206000219522084600F080F8FA
:106960000120FFF7E0FF08B1FF2010BD4FF4807059
:106970002060FF2000F0D2F8002010BD1008014078
:1069800010B50024FBF7C2FC0B494FF4807008607F
:10699000FF2000F0C3F8641C092CF9D9FFF7D6FFDB
:1069A000FFF714FF0548007820B1BDE81040044807
:1069B000FFF7D0BEFF2010BD10080140BC00002032
:1069C000D05900202DE9F04105461A480024FF2641
:1069D0000078069F1146042803D1C701510A41EAF5
:1069E000C351DFF854804FF08072C8F80020FF22B6
:1069F000112000F035F80020FFF795FF80B9FE2048
:106A0000FFF791FF28B10BE000F018F805F8010B33
:106A1000641CBC42F8D300F011F800F00FF8002617
:106A20004FF48071C8F80010FF2000F077F830466E
:106A3000BDE8F081BC000020100801400748016853
:106A40008A68D2439207FBD4FF22CA60006881683B
:106A5000C943C907FBD1C068C0B27047285A00209B
:106A60003CB540F040008DF80000080E8DF80100A4
:106A7000080C00248DF80200080A8DF804108DF827
:106A800003008DF805206D46285D00F047F8641C72
:106A9000062CF9D33CBD00002DE9F04105461D4808
:106AA0000024FF260078069F1146042803D1C70161
:106AB000510A41EAC351DFF860804FF08072C8F894
:106AC0000020FF221820FFF7CBFF0020FFF72BFF4D
:106AD000B0B9FF2000F022F8FE2000F01FF804E01B
:106AE000287800F01BF8641C6D1CBC42F8D3FFF73B
:106AF000A5FFFFF7A3FFFFF7FDFE052800D1002645
:106B00004FF48071C8F80010FF2000F007F83046FD
:106B1000BDE8F081BC00002010080140074A116860
:106B20008B68DB439B07FBD4C86010688168C9434E
:106B3000C907FBD1C068C0B270470000285A0020C6
:106B4000012080F31388BFF34F8F05480168054A81
:106B500001F4E06111430160BFF34F8F00BFFDE717
:106B60000CED00E00400FA0510B5502080F3118808
:106B7000BFF34F8FBFF36F8F04F0DAFC18B10449F5
:106B80004FF080500860002080F3118810BD000095
:106B900004ED00E01CB503F0FFFA22480224CDE921
:106BA00000400023402220A1234804F055FC1D484A
:106BB0000023001DCDE90040402220A1234804F01D
:106BC0004BFC184800230830CDE90040402220A1AA
:106BD000234804F041FC134800230C30CDE9004069
:106BE000802220A1234804F037FC0E4805241030F1
:106BF000CDE90040002380221FA1234804F02CFC93
:106C0000084800231430CDE900404FF400621FA172
:106C1000204804F021FC03F0DFFABDE81C4000200E
:106C200003F068BC040000204C65645F4374725F2D
:106C30005461736B00000000555A00084C65645F96
:106C4000546573745F5461736B0000005D5A0008F3
:106C50004B65795F5363616E5F5461736B00000035
:106C60002D5900084B65795F52756E5F5461736BE7
:106C700000000000F558000855617274315F5363DD
:106C8000616E5F5461736B00E97400085265616462
:106C900057617600C161000830B58FB02821684681
:106CA000F9F736FE14210AA8F9F732FE012108048B
:106CB000CDE900100024029402250491CDE907508B
:106CC0004FF4E01009906846FCF72EFE60B90F20E3
:106CD000CDE90A056802CDE90C4002210AA80E940C
:106CE000FCF77CFC002801D0FBF7BEFA0FB030BDEA
:106CF0007047000010B500F0A3FB0F48FDF7B8FB8C
:106D0000FEF760FE00210D48FBF796FC0C48016879
:106D10000A6842F002020A6001680A6842F008024A
:106D20000A600068016841F004010160BDE810409C
:106D300004A1094800F0F0BAC001002010010020B1
:106D400024010020B3CCD0F2B3F5CABCBBAFCDEA6E
:106D5000B1CF0D0A00000000E00200200148FDF75D
:106D6000CEBD00006C0300200148FDF7C8BD000047
:106D7000C00100200148FDF7C2BD00005002002004
:106D80000148FDF7BCBD000098020020F0B5026884
:106D90001C4B1D4D1D4E1E4F1E4C4FF0804C9842FB
:106DA00009D0A04207D0604505D0A84203D0B04228
:106DB00001D0B84204D122F0700E4A6842EA0E02B5
:106DC000984209D0A04207D0604505D0A84203D020
:106DD000B04201D0B84203D122F44075CA682A43B8
:106DE0004D6922F080022A4302608A68C2620A6802
:106DF0008262984201D0A04201D109690163012158
:106E00004161F0BD002C014000040040000800403A
:106E1000000C00400034014010B5846842EA0322AF
:106E200024F47F440A432243826010BD826822F02A
:106E300070020A4342F007018160704710B5036A8F
:106E4000046A24F001040462846924F0F00444EA32
:106E5000021423F00A020A438461026210BD10B5D5
:106E6000036A046A24F010040462846923F0A00316
:106E700024F4704444EA023243EA0111826101625F
:106E800010BD10B5406A0021C185C184FDF736FEF2
:106E900010BD70B5446A2068406994F84110C0F391
:106EA000C0100025212904D118B1E584204600F046
:106EB0008EF82068406994F84210C0F380102229AF
:106EC00004D118B1E585204600F05AF8606C40F016
:106ED000100060642046FDF711FE70BD10B501463C
:106EE000406A096809684FF0000289062ED4C285FD
:106EF00001680C3151E8003F23F4807341E800340D
:106F0000002CF5D10168143151E8003F23F0010352
:106F100041E80034002CF5D10168143151E8003FFC
:106F200023F0400341E80034002CF5D1202180F803
:106F30004210016B012909D101680C3151E8003F71
:106F400023F0100341E80034002CF5D14263016BBB
:106F5000012902D0FEF706F810BD818DFDF795FDE1
:106F600010BD10B5406A01214163016B012902D0B7
:106F7000FDF7F9FF10BD818D4908FDF786FD10BDB5
:106F800001680C3151E8002F22F4907241E800238F
:106F9000002BF5D10168143151E8002F22F00102D5
:106FA00041E80023002BF5D1016B012909D10168CB
:106FB0000C3151E8002F22F0100241E80023002B91
:106FC000F5D1202180F8421000210163704701684B
:106FD0000C3151E8002F22F0C00241E80023002BC1
:106FE000F5D1202180F84110704708B590F8421083
:106FF000222901D0022008BD82684FF480539A42B2
:1070000001D1016921B1816A9A421BD04AB10AE0DB
:107010000268816A5268C2F308020A80816A891C88
:1070200008E0026972B10268526802F07F020A70D9
:10703000816A491C8162C18D491E0904090CC18500
:1070400003D01BE002685268F1E70168CA6822F0C9
:107050002002CA600168CA6822F48072CA600168AE
:107060004A6922F001024A61202180F84210002181
:107070004163026B012A03D0FDF774FF002008BDB5
:10708000016301680C3151E8002F22F0100241E841
:107090000023002BF5D101680A68D20602D50A68E0
:1070A00049680091818DFDF7F0FCE7E770B5044673
:1070B00040684049884204D940F666613EA000F02D
:1070C000F5FBE06838B1B0F5005F04D040F66761C9
:1070D00039A000F0EBFB206950B1B0F5806F07D00C
:1070E000B0F5C06F04D040F6686133A000F0DEFB5D
:1070F00060694FF6F371084200D120B940F669612A
:107100002DA000F0D3FB20680169E26821F4405112
:10711000114301612169A06808436169084321683E
:10712000CA6841F20C639A430243CA60206841690D
:10713000A26921F44071114341612E4920688842BF
:1071400002D1FCF7BBFB01E0FCF7A8FB00EBC001A0
:1071500001EB0012606864218000B2FBF0F3B3FB26
:10716000F1F36FF018067343B2FBF0F5B2FBF0F6E3
:1071700005EB8305322303EB0515B5FBF1F5B6FBF3
:10718000F1F605F0F00505EB0615B2FBF0F6B2FBE3
:10719000F0F0B0FBF1F06FF01802504306EB800006
:1071A00003EB0010B0FBF1F0216800F00F00284461
:1071B000886070BD20AA44002E2E2F447269766527
:1071C00072732F53544D3332463178785F48414CB7
:1071D0005F4472697665722F5372632F73746D33D7
:1071E00032663178785F68616C5F756172742E63A6
:1071F000000000000038014038B5816204468285F5
:10720000002013466064222284F84220E56B1B4A6A
:10721000AA62E56B1A4AEA62E56B1A4A2A63E26BD4
:1072200050630A462168E06B091DFBF7EDFD2068FD
:10723000016840680090206948B120680C3050E82F
:10724000001F41F4807140E80012002AF5D1206847
:10725000143050E8001F41F0010140E80012002AFC
:10726000F5D12068143050E8001F41F0400140E89B
:107270000012002AF5D1002038BD0000DD6E0008A4
:10728000636F0008936E00082DE9F0419846174699
:107290000E460446069D27E0681C25D02DB1FCF75C
:1072A00051F8A0EB0800A8421ED920680C3050E825
:1072B000001F21F4D07140E80012002AF5D12068A7
:1072C000143050E8001F21F0010140E80012002AAC
:1072D000F5D1202084F8410084F84200002084F891
:1072E00040000320BDE8F0812068006836EA000015
:1072F00004D00020B842CFD00020F3E70120F9E706
:1073000010B50448FDF7FCFBBDE81040014800F053
:10731000A7B80000E00200200FB40B4810B504AA83
:107320000399F9F7E7F80848F9F786FA044602F0F6
:1073300033FFA2B2142304490448FDF715FE02F0FE
:107340004BFF10BC5DF814FB805A0020E0020020C7
:1073500000680549884206D00449884203D10448A0
:107360000168491C01607047001000400014004093
:107370000000002010B5084C0120207002F00CFF26
:10738000FFF7FEFA18B9207820F00100207002F013
:1073900023FF207810BD0000E900002070B51446DE
:1073A0000D4602F0F9FE95B1012D0AD0022D02D052
:1073B000032D0CD103E04FF40070208007E0012082
:1073C00004E00549002307C9F9F71CF820600024F0
:1073D00002F002FF204670BD185A0020F8B514468E
:1073E0000E46012502F0D8FE68020090E30D62020D
:1073F0003046FFF7E7FA044602F0EEFE04B9002536
:107400002846F8BD0348017821F001010170007899
:1074100070470000E9000020F8B514460E4601252B
:1074200002F0BAFE68020090E30D62023046FFF7F8
:1074300033FB044602F0D0FE04B900252846F8BD0F
:1074400005480068C16841F01001C160802203490D
:107450000148FDF779BD0000E0020020005B00203C
:107460007CB5194A016891422DD10968C943C90602
:1074700029D40024009401680A6849680191FDF745
:1074800005FB124800684068114DC0F18000802261
:10749000286010491048FDF757FD0E4829684454EC
:1074A0000E4901202C6008700D486946006803F001
:1074B0006DF90098012806D10A4900070860BFF35A
:1074C0004F8FBFF36F8F7CBD003801402803002031
:1074D000C0000020005B0020E0020020C40000206B
:1074E0001400002004ED00E04FF0FF34214601209D
:1074F00002F054FD012803D918A12148FFF70CFF21
:10750000204A21A11E48FFF707FF23A11D4800F0D4
:1075100061F80028EAD122A11A4800F05BF818B1FE
:10752000234803F06BF807E022A1164800F052F858
:1075300038B11F4803F0C4F81D491148FFF7ECFEAD
:10754000D4E721A10F4800F045F80028CED01EA1B5
:107550000B48FFF7E1FEFFF7F3FA00005B455252DC
:107560004F525D205561727431206F626C69746591
:10757000726174656420446174612121000000001F
:10758000E0020020005B00205B44454255475D203F
:1075900025730D0A0000000054657374000000009C
:1075A0005175657279207461736B2074696D650023
:1075B000805B00205175657279207461736B207255
:1075C00065736F7572636500736F6674207265739F
:1075D0006574000010B5F9F7C3F908B1002010BDBB
:1075E000012010BDFEE700002DE9F04104460868C7
:1075F0000E4620600D1D042258A12046F9F7CCF854
:1076000018B14FF0FF30BDE8F0812A68626055A1E3
:107610005848FFF781FE6868A060042256A104F173
:1076200008000835F9F7B8F810B16FF00100EAE783
:1076300053A15048FFF770FE55F8040BE06004F1C9
:107640000C02174651A14B48FFF766FE042251A1D8
:107650003846F9F7A1F830B150A14648FFF75CFE73
:107660006FF00200CFE72A6822614FA14148FFF77F
:1076700053FEA888A08280B2AD1D01280CD003283B
:107680000AD0062808D0072806D0A0F57F41FE3989
:1076900002D06FF00300B6E735F8020BE08282B249
:1076A00045A13448FFF738FE2A68A2616868E061A6
:1076B00045A13048FFF730FE48A12E48E269FFF7A8
:1076C0002BFE4CA12B48A269FFF726FE4EA12948AC
:1076D000E269FFF721FE288920846889608450A12F
:1076E00024480C35FFF718FEC82250A1284601F0A7
:1076F0009AFD50F8041B6162054604224BA104F177
:107700002400F9F749F810B16FF004007BE755F851
:10771000042BA26247A11748FFF7FEFD49A11548B7
:10772000A26AFFF7F9FDE562E08A628C01465043E8
:10773000238CC71700EB5770B3EBE00F02D06FF04C
:10774000050060E7A0694843E1695043B1EBD00F01
:1077500002D06FF0060056E7A81B54E75249464690
:1077600000000000776176655F73697A653A256489
:107770000D0A0000E00200205741564500000000BD
:10778000776176655F706173730D0A0025730D0A6A
:1077900000000000666D742000000000666D745FDC
:1077A0006572726F720D0A00666D745F73697A6537
:1077B0003A25640D0A0000006E4368616E6E656CC8
:1077C000733A25640D0A00006E53616D706C657329
:1077D0005065725365633A25640D0A006E41766701
:1077E00042797465735065725365633A25640D0A76
:1077F000000000006E53616D706C657350657253CC
:1078000065633A25780D0A006E41766742797465A2
:10781000735065725365633A25780D0A00000000C5
:10782000666D745F706173730D0A0000646174614A
:1078300000000000646174612073697A653A256410
:107840000D0A0000646174612073697A653A2578D5
:107850000D0A0000490050EAC12018BF04204A0D5B
:1078600018BF40F0010040F2FF72B2EB515F08BF59
:1078700040F00200012808BF052070470907090EE3
:10788000002804DB00F1E02080F80014704700F0CD
:107890000F0000F1E02080F8141D704730380A28EE
:1078A00001D2012070470020704700000B460246BD
:1078B00001A10D48FFF730BD57726F6E67207061F0
:1078C00072616D65746572732076616C75653A20BE
:1078D00066696C65202573206F6E206C696E65206B
:1078E00025640D0A00000000E002002010B50446E7
:1078F000002084F80402401EC4F83002204601F043
:1079000077FC08B1032010BDB4F8FE01A0F52A41B0
:10791000553901D0022010BD94F8360094F8391082
:1079200094F8372040EA016194F83800000440EAF6
:10793000022001430A48B0EB012F0DD014F8521F6A
:10794000E278637841EA0261A278120442EA0322F3
:107950001143B0EB012F01D1002010BD012010BD5B
:107960000046415400E0401C02780AB18A42FAD134
:10797000D0B27047F0B50022184B144602EB420615
:1079800053F8265085B1D0F80072BD420DD103EBFB
:107990008605D0F808626F68B74206D12D89B0F825
:1079A0000662B54204D000E00124521C022AE5D34D
:1079B000022A01D079B904E05CB9022909D0122069
:1079C000F0BD02EB420003EB80004089B0F5807F00
:1079D00001D00020F0BD1020F0BD0000A8660020FE
:1079E00030B50021064A0C4601EB410352F8235002
:1079F000854201D142F82340491C0229F4D330BD0D
:107A0000A8660020D0F82422D0F80002490A90F895
:107A10000202B1FBF0F0121D02CA19B1884203D371
:107A2000401AF8E700207047116808447047D0F802
:107A30001822891E921E8A4201D800207047D0F871
:107A40002C2290F8020201FB0020704710B5034879
:107A5000FCF70EFD02490020086010BD98020020CE
:107A6000000000202DE9F0410F00054606D001F08E
:107A7000A7FA02280BD20120BDE8F081D5F81062E8
:107A80001EB1D5F81802B04208D8012606E0411C04
:107A9000F2D0D5F818128142EED83E463446D5F8D9
:107AA0001802641CA04202D80224022E0AD32146E6
:107AB000284601F085FA38B1411CDDD00128DBD021
:107AC000B442ECD10020D7E76FF07042214628463F
:107AD00002F086F830B957B122463946284602F0FE
:107AE0007FF820B1012812D001242046C4E7C5F850
:107AF0001042D5F81402411CF7D0401EC5F81402FC
:107B000095F8050240F0010085F80502EDE74FF019
:107B1000FF34EAE72DE9F84F884682460D6800E019
:107B20006D1C28782F28FBD05C28F9D00024DAF8C7
:107B300020722646A85D761C202817D32F2815D042
:107B40005C2813D0FF2C32D2012100F0FBFF5FEA4A
:107B500000092CD0B9F1800F04D2014668A0FFF7CC
:107B600001FF20BB27F81490641CE3E7AA19C8F8AA
:107B70000020202801D2042517E0002515E000BFD1
:107B800007EB440030F8020C20280DD02E280BD033
:107B90006CB1002027F814000B222021DAF818021B
:107BA00001F01FFB002606E0641E002CE8D1062031
:107BB000BDE8F88F761C37F816002028FAD02E285A
:107BC000F8D01EB145F0030500E0641E2CB107EBB0
:107BD000440030F8020C2E28F7D1002081464FF0E7
:107BE000080B009037F8160006F101065FEA00085E
:107BF00024D0B8F1200F04D0B8F12E0F04D1A64242
:107C000002D045F00305EDE70098584501D2A642A1
:107C10001AD1BBF10B0F0FD0A64201D045F00305DE
:107C20000CD84FF0080000904FEA896026464FF0CC
:107C30000B0B4FEA1069D5E745F00305DAF8180297
:107C40000178E52938D039E04046B8F1800F10D3EB
:107C5000002100F077FF5FEA000805D02B4901EB17
:107C6000080010F8800C804645F00205B8F1000FBE
:107C700004D0014626A0FFF775FE20B14FF05F0843
:107C800045F003050FE0A8F14100192802D849F09A
:107C9000020908E0A8F16100192804D8413049F030
:107CA00001091FFA80F8DAF81822009902F8018019
:107CB0000098401C009095E705210170BBF1080F6A
:107CC00003D14FEA89604FEA1069C9F381000328A4
:107CD00003D06FEA0901890701D145F00205A90720
:107CE00009D409F00301012901D145F0100501284B
:107CF00001D145F00805DAF81802C572002057E7EF
:107D0000222A3A3C3E3F7C7F000000008EBF0008E4
:107D10002B2C3B3D5B5D0000401E022815D20C4B16
:107D200000EB400203EB82014889B0F5807F05D06B
:107D300008B1401E80B2488110B104E00020FAE78B
:107D4000002043F822000020704702207047000006
:107D5000A86600202DE9FC5F0546002100F014FA1A
:107D600000286ED1FF204FF6FF7A00908146A5F8DB
:107D700024A200BFD5F81012D5F8000201F038FA9D
:107D800006000ED1D5F81442207848B1E17AE528F2
:107D900001F03F0170D00A0704D50F296CD107E02C
:107DA000042674E00F2903D0B9F1000F4DD052E042
:107DB000D5F8201291B3420608D5627B009220F0DC
:107DC0004000B5F806228146A5F82422484534D162
:107DD000627B0098824230D101912078A04620F049
:107DE0004000401E00EB80010027DFF8A8B001EB47
:107DF000C00601241BF8071001EB0800008874B1CD
:107E000000F0DEFE0446FF2E17D2019830F816006F
:107E1000761C00F0D5FEA0420FD102E030E05045C4
:107E20000BD17F1C0D2FE5D398F80000400609D533
:107E300044B1019830F8160020B1FF2000F0FF098E
:107E40001EE025E0A9F10100F8E7204602F00DF858
:107E5000009988421BD0D5F81802C17AC9070BD106
:107E60000A2101E0491E06D314F8012B10F8013B4A
:107E7000D21AF7D000E052B14FF0FF09A5F824A2C2
:107E80000021284600F008F806003FF473AF3046A2
:107E9000BDE8FC9F0EC000082DE9F041B0F8066275
:107EA0000446761C30040F46000C37D0D4F810027C
:107EB00098B3310773D1401CC4F81002D4F80C12E7
:107EC000D4F8000231B190F80222521E12EA161FB5
:107ED00005D064E0B0F80802B0421FD95FE001F0BD
:107EE0006FF8054601281ED9681C3AD0D4F8000264
:107EF000D0F81812A94249D87FB1D4F80C12FFF774
:107F0000B1FD05000DD0012D0DD0681C29D0D4F88D
:107F1000000202F012F820BB07E0FFE70420BDE8F2
:107F2000F0810720FBE70220F9E74FF400720021FF
:107F3000D4F8000201F055F92946D4F80002FFF701
:107F400076FDD4F8001200274FF00108C1F8300286
:107F500011E000BF80F80482D4F8000201F0EDFFC8
:107F600008B10120DBE7D4F80002D0F83012491C38
:107F70007F1CC0F83012D4F8000290F80212B94207
:107F8000E8D8D0F83012C91BC0F83012C4F80C522F
:107F90002946D4F80002FFF74AFDC4F81002A4F8FD
:107FA0000662D4F8000206F00F0100EB4110C4F89D
:107FB00014020020B3E700002DE9FF5FD0F818722B
:107FC0000446D0F820620C223946684601F000F9D8
:107FD0009DF80B00C0071AD00020F8720125C4F8E4
:107FE00020022B4632466946384600F0A3FF204661
:107FF000FFF7B0FE10B96D1C642DF2D3642D0CD0C8
:1080000004280BD19DF80B00F872C4F820629DF88B
:108010000B0080070FD5002004E0072004B0BDE866
:10802000F09F401C36F810100029FAD10D211930AC
:10803000B0FBF1F600E001260021204600F0A4F894
:10804000A0B90027D4F81012D4F8000201F0D0F83B
:1080500060B9D4F814020078E5280AD048B10027A6
:1080600001212046FFF718FF0028EBD0042812D08A
:1080700012E07F1C3046B742F2D1461E5FEA060A84
:108080005FD0B4F806122046A1EB0A0100F07CF89C
:10809000050003D074E00720054671E0D4F818020B
:1080A00001F0E3FECDF80C00D4F81012D4F8000271
:1080B00001F09EF8050063D1D4F81412D4F8209290
:1080C000039848730F20C8720020087388760AF05E
:1080D000FF0BC876ABF1010000EB800202EBC0059C
:1080E00000234FF6FF7E274E4A1C01E0604503D077
:1080F00039F81500F4466D1CF75CC85516F8038076
:10810000070A08F8027000B960465B1C0D2BEDD31E
:10811000704502D039F8150008B94BF0400B81F8D2
:1081200000B0D4F80012012081F80402002120469A
:10813000FFF7B2FE050023D1AAF101005FEA000AB1
:10814000B2D1D4F81012D4F8000201F051F80500B1
:1081500016D1D4F814022022002104F5007401F095
:1081600040F8D4E905010B2201F032F8A0696169F9
:10817000C07A00F0180008732168012081F8040219
:1081800028464BE70EC0000870B5A0F80612D0F8DC
:1081900008320D460446012B40D0D4F80002D0F836
:1081A000181299423AD933B990F80012032906D12E
:1081B000D0F828321BB190F80202060114E0B0F8A2
:1081C0000812A9422AD9D0F8280214E000F0F8FEDB
:1081D0000346401C20D0022B20D3D4F80002D0F854
:1081E000180298421AD9AD1BD4F80002B5421946BC
:1081F000ECD2FFF71CFCC4F80C3278B100EB151080
:10820000C4F81002D4F8000205F00F0100EB411091
:10821000C4F81402002070BD012070BD022070BDA2
:10822000084910B50B5C002253B901220A540A1800
:1082300001EB8000127A40680168104688470246C8
:10824000104610BDC066002030B4054C231804EB66
:1082500080001B7A406804691846A44630BC604719
:10826000C066002030B4054D2C1805EB8000247A40
:10827000406885682046AC4630BC6047C066002038
:10828000044A111802EB8000097A406842680846E7
:1082900010470000C066002030B4054D2C1805EBD7
:1082A0008000247A4068C5682046AC4630BC6047F0
:1082B000C066002009490120096809B10020704703
:1082C00007494A6A002AF9D1044A28321268096922
:1082D000491E8A42F3D1022070470000BC040020EE
:1082E0003000002070B5040005D0164E306884427E
:1082F00009D1002070BD502080F31188BFF34F8F4B
:10830000BFF36F8FFEE701F047FF656901F064FF7F
:108310007068854202D0B068854201D1022070BDEC
:108320000948854204D1A06A0028F7D1032070BD16
:1083300005481438854202D00DB1012070BD0420DB
:1083400070BD000030000020E404002070B5054638
:1083500000F08FFB040012D1284602F0EBFB040072
:108360000DD1D5F80062D5F82802FFF7D5FC04003E
:1083700001D1C5F800020021304601F043FE20463D
:1083800070BD00002DE9FC5F0D46044602F0D2FBF3
:108390005FEA000979D194F8071239B1D4F80002E4
:1083A00001F030FE94F80702BDE8FC9FD4F82402E7
:1083B00001274FF0020A00287DD0691C33D0D4F881
:1083C0000C02A84200D20546C4F80852002D5CD029
:1083D0002046691EFFF716FB0146C4F81402D4F8C4
:1083E0000002FFF724FB002866D0D4F800126D1EAF
:1083F00091F80222521E02EA55221518B4F808021A
:10840000C005E4D0D4F81822AA42E0D094F80602BD
:10841000400644D591F8010201232146FFF73CFFB5
:10842000002873D135E002C80091D4F810128346B9
:10843000022509B30026AD1C01918846761CD4F8AC
:10844000000200F0BDFD0146012835D9481C5DD071
:1084500008F101008142F0D00098854206D8CBF89F
:1084600000600BF10400019A04C08346D4F80002B6
:10847000D0F818028842DDD8D4F8240205600098AC
:10848000854203D80021CBF80010CAE04FF0110953
:10849000C7E094F8060220F0400084F80602D4F801
:1084A000000201232A4690F801022146FFF7DAFE76
:1084B00000282BD101E003E083E0C4F81852B0E0BB
:1084C000D4F80C02A84204D294F80612890700D40A
:1084D00005464FF00008D4F80802C4F808823DB3FE
:1084E000D4F8002292F802124E0280B1691E401E9A
:1084F000B1FBF6F1B0FBF6F3994208D3711E884345
:10850000C4F808022D1AD4F8141210E072E0D4F85E
:10851000101251B900211046FFF7A4FA01460128B4
:108520004FD0481C66D0C4F81012C4F8141211BB06
:1085300031E000BF94F806028007D4F8000205D5A8
:10854000FFF790FA010004D1354616E000F038FD3F
:108550000146481C4ED0012933D9D4F80002D0F886
:10856000180288422DD9C4F81412D4F80802AD1BA1
:108570003044C4F80802B542DCD8D4F808022844D4
:10858000C4F80802E80506D0D4F80002FFF74FFA55
:10859000B8B100EB5528B4F80802C00535D0D4F8BE
:1085A0001822424531D094F80602400618D5D4F876
:1085B00000020123214690F80102FFF76DFEC8B9C1
:1085C00008E084F807A20221D4F8000201F01AFDA5
:1085D0000220E9E694F8060220F0400084F8060242
:1085E000D4F800020123424690F801022146FFF729
:1085F00039FE40B184F807720121D4F8000201F07D
:1086000001FD0120D0E6C4F81882D4E98201884235
:1086100007D9C4F80C0294F8060240F0200084F850
:1086200006024946D4F8000201F0ECFC4846BBE6DD
:108630002DE9F74181B0904602980090684600F01D
:1086400027FD040003D50B2004B0BDE8F081184ECF
:10865000002756F824504DB12846FFF7C1F9D5F848
:108660000C0200F095FAA0B185F80072019939B1B9
:1086700081F80072E0B201F5037100F07FFA40B1B9
:10868000019846F8240010B1B8F1010F03D0002082
:10869000DAE70220D8E7002202A901A800F0A2FA36
:1086A00004460146019801F0ADFC2046CCE70000ED
:1086B0000C0100202DE9F74FADF50E7D06000ED020
:1086C0004FF0000902F01F0727F001028FA980A8D0
:1086D000C6F8009200F086FA040005D0D2E0092026
:1086E0000DF5117DBDE8F08F4FF4007000F055FAE4
:1086F0005FEA00080BD08AA88690CDF820826846F1
:108700008F9900F0DDFB859D040006D011E011215A
:10871000809801F077FC1120E2E71DB1780803D0C2
:10872000012102E0062404E000216846FFF722F957
:10873000044617F01C0F5FD04FF0010BD4B1042C8E
:1087400013D10020554902E0401C022805D200EB5D
:10875000400251F82220002AF6D1022804D06846AF
:10876000FFF72AFC044600E01224859D47F0080725
:1087700054B146E0E87A10F0110F01D0072440E030
:10878000780701D508243CE0380749D500F07EFC85
:10879000A873010AE973010C2974000E687485F846
:1087A0000B9085F81C9085F81D9085F81E9085F833
:1087B0001F902946809800F0D9FC82460021284667
:1087C00001F04BFB8099BAF1000F81F804B225D07B
:1087D00080985146D0F830B201F008FB040010D167
:1087E0008099AAF10100C1F810025946809800F062
:1087F000FFFC040010D004E01CB9E87AC10605D5DE
:108800000424404600F0CBF9ECB13BE0B90703D5B6
:10881000C00701D007243CE0380701D547F0200706
:108820008098D0F83002C6E98705780801D0012188
:1088300000E00021684600F049FCC6F8280238B381
:10884000404600F0ACF986F8067286F807924F466B
:10885000294606F50076809800F088FC3061287F74
:10886000E97F6A7F40EA0160A97F090441EA0221A9
:108870000843C6E90270B761776280983060B0F84B
:108880000602B0802146809801F0BCFB204627E715
:108890000224404600F083F9F4E70000A8660020B7
:1088A0002DE9F84F8846002199461546044619607F
:1088B00002F040F9060007D03146D4F8000201F07A
:1088C000A1FB3046BDE8F88F94F8071231B1D4F817
:1088D000000201F097FB94F80702F3E794F8060210
:1088E000C00709D0D4E98210401A01274FF0020ACC
:1088F000854200D90546B2E00721D4F8000201F014
:1089000081FB0720DEE700BFD4F80812C8057CD140
:10891000D4F8000290F80222521E02EA512212F00C
:10892000FF0614D131B1D4F8242232B12046FFF72A
:1089300069F806E0D4F8100203E0D4F8141200F04D
:108940003FFB022823D3411C63D0C4F81402D4F89F
:108950001412D4F80002FFF76AF8C0B13044009056
:10896000680A5FEA000B2FD0D4F8001206EB0B0266
:1089700091F80202824201D9A0EB060B91F80102A4
:108980005B464146009AFFF76DFCE8BB08E084F8BF
:1089900007A20221D4F8000201F034FB022091E783
:1089A00094F8060240060CD5D4F818120098081A5C
:1089B000584506D208EB40204FF40072214600F0E3
:1089C00007FC4FEA4B263EE0D4F81822009882427A
:1089D00028D094F8060240060ED5D4F800020123F0
:1089E000214690F80102FFF757FC68B994F8060297
:1089F00020F0400084F80602D4F80002012321464A
:108A000090F80102009A01E003E00EE0FFF72AFC73
:108A100040B184F807720121D4F8000201F0F2FAA3
:108A200001204FE70098C4F81802B4F80802C0F318
:108A30000800C0F50076AE4200D92E460119324634
:108A4000404600F0C5FBD4F80802B0443044C4F8F6
:108A50000802D9F800008119AD1BC9F80010002DDB
:108A60007FF452AF0021D4F8000201F0CBFA0020CD
:108A700028E770B5044602F05DF805005BD194F874
:108A80000602810657D5400617D5D4F80002012307
:108A9000214690F80102D4F81822FFF7FDFB30B10F
:108AA0000121D4F8000201F0ADFA012070BD94F864
:108AB000060220F0400084F80602D4F81C12D4F814
:108AC000000200F095FB050035D1D4F82052E87A79
:108AD00040F02000E87294F80C022877B4F80C02F9
:108AE000000A6877D4F80C02000CA877D4F80C02BE
:108AF000000EE877D4F81012284604F5007401F04F
:108B0000ACF900F0C3FAA875010AE975010C2976E1
:108B1000000E68760020A874E874A07920F0200088
:108B2000A0712168012081F804022068A4F5007476
:108B300001F0A8F905462946D4F8000201F062FACE
:108B4000284670BD802804D30B4A51B1FF2801D9B3
:108B50000020704702EB4000A0F58050B0F8000FF5
:108B6000704732F81130834203D0491C89B2802902
:108B7000F7D38031C8B2704748C0000810B50C4622
:108B8000012002F023F92060002800D0012010BD50
:108B900010B501F03BFC012010BDF7F7DDBBF7F786
:108BA0000ABC00231A46194602F0B6B910B54FF4B4
:108BB0007A7102F05BFB012800D0002010BD00009C
:108BC0000021064B00E0491C33F81120002A04D094
:108BD0008242F8D1024830F81100704748C10008BD
:108BE00028C300082DE9FF474FF000090746C0F8E9
:108BF00000901646084600F04BFA050003D50B20FE
:108C000004B0BDE8F087AB4850F82540C4B1204619
:108C100000F0B6FAB0B13C6094F8000228B194F8C4
:108C20000102FFF72DFBC1070ED084F80092E8B2D5
:108C300084F80102FFF7F4FAC1070AD00320DFE746
:108C40000C20DDE70F20DBE70EB1400704D4002045
:108C5000D6E71EB1400701D50A20D1E700252946F5
:108C60002046FEF743FE012827D100214FEA0D07D9
:108C700004EB011090F8C22100F5DF704AB1027ACE
:108C8000C37A42EA0362837A407A1B0443EA0020F3
:108C9000024347F82120491C0429E9D35FF000066C
:108CA00057F826502DB129462046FEF71FFE08B979
:108CB00009E00220761C042EF2D3032801D0E8BB81
:108CC00001E001209CE7B4F80B00B0F5007F70D103
:108CD000E28A6AB994F8240094F8271040EA016205
:108CE00094F8260094F82510000440EA012002437D
:108CF000C4F81C22217C84F80312012901D0022926
:108D000057D1607B514384F80202B8B1431E184228
:108D10004FD1B4F81130A4F808321E0749D1B4F885
:108D200013607EB994F8206094F8237094F821C001
:108D300046EA076694F822703F0400E039E047EA0B
:108D40000C273E43B4F80EC0BCF1000F31D00CEB41
:108D5000010707EB1317BE422BD3F61BB6FBF0F04F
:108D600038B3012640F6F678404500D302264FF688
:108D7000F678404500D30326801C2F44C4F82C729B
:108D8000AC44C4F81802C4E9885C032E13D083B144
:108D90006144C4F82812022E21D000F0010100EB3A
:108DA000400001EB500000BF00F2FF10B2EB502F6B
:108DB00017D20D2024E7002BFBD194F82C1094F847
:108DC0002F3094F82D7041EA036194F82E301B0483
:108DD00043EA072319438000C4F82812E4E740005F
:108DE000E2E74FF0FF30C4F81402C4F8100280200C
:108DF00084F80502032E4FD1208E01284CD1204645
:108E0000691C00F0F5F9E0BB84F80592B4F8FE01A6
:108E1000A0F52A4155393FD12078E178627840EABF
:108E20000160A178090441EA0221084322498842ED
:108E300032D194F8E40194F8E71194F8E52140EA7E
:108E4000016094F8E611090441EA022108431B4934
:108E5000884221D194F8E80194F8EB1194F8E921C3
:108E600040EA016094F8EA11090441EA022108434A
:108E7000C4F8140294F8EC0194F8EF1140EA016090
:108E800000E009E094F8EE1194F8ED21090441EABC
:108E900002210843C4F81002064984F80062091F41
:108EA0000888401C0880A4F806022046FEF798FDBA
:108EB000CDE600000C010020525261417272416106
:108EC00073B50446019801782F2901D05C2901D19E
:108ED000401C01900025C4F8085201980078202811
:108EE00006D200212046FFF74FF9C4F814527CBD8A
:108EF00001A92046FEF70EFE0028F8D12046FEF715
:108F000029FFD4F81812C97A28B10428EFD14907EB
:108F1000EDD405207CBD4907FCD4D4F81412C87ADE
:108F2000C006F6D5D4F8000200F020F9C4F8080213
:108F3000DEE700007CB516461C4605460B2200F015
:108F400047F9052C11D91A4A0CE00021B61C23461A
:108F5000044663F35F044008E30300D55440491C12
:108F60001029F4D330880028EFD107214FEA0D02F1
:108F700004F00F003030392800D9C01D5054491E6C
:108F80002409F5D17E205054002000E0401C884286
:108F900002D22B5C202BF9D1082902D2535C491C48
:108FA00000E020232B54401C0828F5D37CBD000092
:108FB00021100100014800687047000000000020F7
:108FC0002DE9F0410D46044602290DD3D4F81802CC
:108FD000A84209D994F800024FF0FF36012807D0C3
:108FE00002282AD0032836D001263046BDE8F08179
:108FF000D4F8240205EB550700EB5721204600F07A
:10900000F7F80028F1D1C7F308007F1C14F800809E
:10901000D4F8240200EB5721204600F0E9F800289C
:10902000E3D1C7F30800215C48EA0120E90701D039
:109030000609DAE7C0F30B06D7E7D4F8240200EB01
:109040001521204600F0D4F80028CED1E8B204EB78
:1090500040000688C9E7D4F8240200EBD511204669
:1090600000F0C6F80028C0D140F2FF1000EA8500E9
:1090700020440178C27841EA026182784078120483
:1090800042EA0020014321F07046AEE7002070471D
:1090900010B504464FF0FF302268002A13D0114665
:1090A00000E0491C0B78202B0ED33A2BF9D112F893
:1090B000013B303B0A2B06D28A4204D1002B02D15D
:1090C000491C1846216010BD002010BDF0B50346B4
:1090D000254AD3F80042002000EB400552F82560F5
:1090E000A6420BD102EB8505D3F808626F68B74240
:1090F00004D12D89B3F80662B54202D0401C022883
:10910000EAD302281AD1002002E0401C022805D22E
:1091100000EB400552F82550002DF6D1022815D05D
:1091200000EB400542F8254002EB8504D3F80862C5
:109130006660B3F80632238100236381002900EBC7
:10914000400102EB8101498902D019B10020F0BD34
:10915000491C01E04FF4807100EB400302EB8302F5
:10916000401C5181F0BD0000A86600200246488BDB
:1091700092F80022032A02D1898A40EA014070470E
:10918000D0F80C02FFF712BDFAF7EAF8FDF784FDFC
:10919000FCF746FDFCF786FCFCF76CFEFCF726FEB0
:1091A000FCF746FEFCF760FCFCF7BAFDFCF7EAFDB5
:1091B000FCF792FDFCF79CFC0448FBF7E9F800F093
:1091C00053F8FCF701FD00F06BF8FEE70802002001
:1091D00004E000BF11F8013B00F8013B521EF9D238
:1091E0007047C9B201E000F8011B521EFBD2704764
:1091F00070B50546D0F830020C460026A04210D0CB
:10920000284600F09AFE06000BD195F801020123D2
:1092100022462946FFF726F808B1741E0126C5F834
:109220003042304670BD2DE9F04117460D46C8B1B9
:10923000C5B1BFB1297800290ED004462E4630466C
:10924000F7F7FAFA0CE0317829B122788A4205D191
:10925000641C761C04E0201ABDE8F0812E46641CD4
:109260007F1EF0D20020F7E7EFF3058058B9EFF347
:10927000108040B909490868022801D030B109E0DE
:10928000EFF3118030B16FF00500704701200860E6
:10929000002070474FF0FF3070470000880000202A
:1092A00010B5EFF3058060B9EFF3108048B90B49B2
:1092B0000868022802D0012806D00BE0EFF31180E5
:1092C00040B16FF0050010BD0220086001F092FB74
:1092D000002010BD4FF0FF3010BD000088000020BE
:1092E000F0B585B04FEA01034FF00004EFF30581BC
:1092F0000394A1BBEFF3108189BB214909680229BE
:1093000002D1EFF3118151BB48B3402618218DF8EB
:10931000104004AD42B3176807B13D4697691FB1CD
:1093200039467F1E382F02D21779FF0702D000205E
:1093300005B0F0BD576907B1BE08D2F808C0BCF14E
:10934000000F0DD0D468602C18D312693AB137B130
:109350008DE806103246294602F0ABF803900DE086
:10936000D7685FB912694AB903AACDE90012B2B24F
:10937000294602F071F8012800D003940398D7E73A
:10938000880000202DE9F041134C0F460546666920
:109390002068001D00F045FE681C07D137B1216828
:1093A000BDE8F0410D48091D00F0EABE20683544D3
:1093B000B5424560216805D2A068BDE8F041091DAD
:1093C00000F0C6BE6068091D00F0C2FE206B854239
:1093D00000D22563BDE8F08130000020E4040020C5
:1093E0002DE9F041054600F0D7FE2E4C2069401CC7
:1093F000206120682C4F10B1E06940B32DE025605A
:109400002069012829D1002606EB860007EB8000A1
:1094100000F090FE761C082EF6D32348A03000F012
:1094200089FE2148B43000F085FE1F48C83000F0A6
:1094300081FE1D48DC3000F07DFE1B48F03000F05E
:1094400079FE1948A03060601430A06005E0206803
:10945000E96AC06A884200D82560E06A401CE06280
:109460006864E86AA169884200D9A06100EB8000C5
:1094700007EB8000291D00F083FE00F0ADFEE069DF
:1094800000280CD02068E96AC06A884207D20749E0
:109490004FF080500860BFF34F8FBFF36F8FBDE870
:1094A000F081000030000020F403002004ED00E013
:1094B00038B500F071FE104CA068C8B90F4800F034
:1094C00039FE0E48143000F035FE0C482060143090
:1094D00060600A4B00202833009003F150021021F5
:1094E0000A2001F0A2FCA06010B105A100F07AFFF3
:1094F000BDE8384000F070BE74000020F804002081
:10950000546D72510000000030B4026C0B46002A0A
:109510000BD0C1681144C1604468A14201D3016805
:10952000C16030BC1846F7F7A6B930BC70472DE9CA
:10953000F041856B174604460026026C82B1C7B124
:10954000E068F7F798F9E168206C091AE160226891
:10955000914202D26168081AE060022F16D017E02B
:109560002068A8B9606802F047F8064600206060ED
:109570000EE0A068F7F77FF9216CA0680844A060AE
:109580006168884204D32068A06001E005B16D1EC7
:109590006D1CA5633046BDE8F08110B5044690F817
:1095A0005D0058B101280CD002280FD0502080F364
:1095B0001188BFF34F8FBFF36F8FFEE7206B00F072
:1095C0001FFE2046BDE8104000F01ABE10BD00008E
:1095D00009480021826902B101210268D26A0AB1F8
:1095E00000207047054A1268012AF9D80029F7D1EE
:1095F000016B4069081A704730000020F403002016
:1096000010484FF4A041420706D0C01D0D4920F07C
:109610000700411AC1F5A0410B4A00230144C2E9E9
:1096200000030839103A21F0070111604B600B600C
:109630000B1AC0E9001393604FF000405360D060F4
:1096400070470000D00900209C000020204C214ED3
:1096500012E000BF00F0A0FDF068C568281D00F012
:10966000E0FC2069401E2061E068401EE06000F0E0
:10967000B3FD2846FFF791FFE0680028EAD11548BE
:10968000DC380068012807D913494FF08050086082
:10969000BFF34F8FBFF36F8FFFF79AFF0228D6D328
:1096A00001F002FA206B6169884207D2502080F3F2
:1096B0001188BFF34F8FBFF36F8FFEE7FFF788FF6F
:1096C000022801D300F0EEFD02F04CF8BFE70000E5
:1096D00030000020D004002004ED00E0002807D076
:1096E0000021416001600B460A46C16001F014BCD4
:1096F0007047000070B51D46049C51B1C4F80020AD
:10970000C4E90F010121204601F0C2FB84F84C504E
:1097100070BD2460F4E72DE9F0470E46DDE90984C9
:109720001746824691009946089DA522206BF7F7BF
:10973000E7F86FF00301206B01EB8701084420F08C
:109740000707780707D0502080F31188BFF34F8FA9
:10975000BFF36F8FFEE72218315C82F83410315C62
:1097600011B1401C1028F6D3002684F84360082D60
:1097700000D30725E562C4E91356201D00F0E5FC7F
:1097800004F1180000F0E1FC2461C5F108006462F6
:10979000A0616665A66584F85C604A465146384615
:1097A00000F012FB2060B8F1000F01D0C8F80040B3
:1097B000BDE8F08730B5114900E011460A688242E1
:1097C000FBD34B685C18844203D14068184448605E
:1097D000084643681C18944209D1084C103C246880
:1097E000A24209D052681A4442600A6812680260B4
:1097F000814200D0086030BD0460F9E79C00002081
:1098000070B5002441600B4D0061914206D8D11A19
:109810008269914206D2011D686807E09A4203D22C
:10982000994201D3012403E0011D286800F090FC57
:10983000204670BD7400002010B5044600F0ACFC5A
:10984000A06B28B15FF0000400F0C6FC204610BDFC
:109850000124F9E72DE9F0478146086892460C4655
:10986000002600B3606804F1080540686060A84203
:1098700001D1416861606068D0F80C806068406820
:109880006060A84201D141686160606806EBC60172
:1098900009EB8101C76853460122384600F072FE89
:1098A000761C4745EAD13046BDE8F08730B589B02F
:1098B000304D55E00498002806DADDE90601059AE6
:1098C0009047049800284BDB069C606910B1201D6E
:1098D00000F0A7FB02A800F0B9F8024604980A2895
:1098E0003ED2DFE800F00505053D263705053D269B
:1098F0000598A169034601442046FFF781FF00B3A4
:10990000616A20468847E069012829D1002000903B
:109910000598A169002342181946204601F0B4FFBA
:1099200078B9502080F31188BFF34F8FBFF36F8F4A
:10993000FEE70598A06128B1811813462046FFF77D
:109940005FFF0DE0502080F31188BFF34F8FBFF30E
:109950006F8FFEE794F82C0010B9204600F050FC01
:10996000002204A9A86801F0E5FB0028A2D109B0F3
:1099700030BD0000740000202DE9FC410F46054673
:1099800001F092F801A800F061F80446019818B1BE
:1099900001F0E8FEBDE8FC81224EAFB170680068BE
:1099A000A8B30027291B3A46B06800F05BFD01F020
:1099B000D9FE0028EED11C494FF080500860BFF35B
:1099C0004F8FBFF36F8FE5E7A542EBD801F0CAFEDA
:1099D00030682746C068C468201D00F022FBE0699B
:1099E000012810D1A0692B4641193A462046FFF7BD
:1099F00007FF40B100200346014600902A4620465A
:109A000001F042FF20B1616A20468847C2E707E0C3
:109A1000502080F31188BFF34F8FBFF36F8FFEE7A5
:109A20000127BFE77400002004ED00E0064841680C
:109A3000096829B14168C968C96849680163704704
:109A40004FF0FF31FAE700003000002070B5054606
:109A500001F068FD064E04463069844203D200F0EE
:109A600009F8012000E0002028602046346170BD24
:109A700074000020F8B5194D1FE0C068C46806687E
:109A8000201D00F0CEFA616A20468847E06901286F
:109A900013D1A0693044B04206D924616060211D11
:109AA000286800F055FB08E00020034601460090BE
:109AB0003246204601F0E8FE38B1286801680029E6
:109AC000DBD16968C5E90010F8BD502080F311882A
:109AD000BFF34F8FBFF36F8FFEE7000074000020CD
:109AE000002101E0401C491C0278A52AFAD0C1F3EC
:109AF0008F00704708484068401C4FF0500080F3CA
:109B0000118804D0BFF34F8FBFF36F8FFEE7BFF311
:109B10004F8FBFF36F8FFEE7A400002003460020A5
:109B200012B1994302D070470B42FCD0012070471C
:109B3000074C2068016841B1C0680021D0F80000DE
:109B4000FFF71AFFFFF7B2FEF3E701210020F7E766
:109B5000740000202DE9F041044600F01DFB94F94B
:109B6000455004F1240609E0606A48B1304601F02E
:109B7000BFFD08B100F004FE6D1E6DB2002DF3DCD8
:109B80004FF0FF3684F8456000F026FB00F004FB40
:109B900094F9445004F1100709E0206948B13846AF
:109BA00001F0A6FD08B100F0EBFD6D1E6DB2002DB9
:109BB000F3DC84F84460BDE8F04100F00DBB10B563
:109BC0000446F6F715FE2046F6F736FE202101E0A2
:109BD0002154401C0F28FBD300212154204410BDE8
:109BE0002DE9F04717460D460446022903D3D4F861
:109BF0001802A84202D80220BDE8F08794F80012AB
:109C000007F0FF084FF0010901291FD002294FD0AA
:109C10000329F0D1D4F8240200EBD5112046FFF738
:109C2000E7FA0028E8D140F2FF1101EA85010A199C
:109C30004FF07043D17803EA0161394311700B0A88
:109C400053700B0C9370090ED17041E0D4F82402CC
:109C500005EB550600EB56212046FFF7C9FA002810
:109C6000CAD1C6F30800761C2044E90703D0017866
:109C700068F31F1100E03946017084F80492D4F8AB
:109C8000240200EB56212046FFF7B2FA0028B3D198
:109C9000C6F308012144EA0702D0C7F3071205E022
:109CA0000A78C7F3032302F0F0021A430A700FE0A8
:109CB000D4F8240200EB15212046FFF799FA00287A
:109CC0009AD1E9B204EB41013A0A81F800804A7066
:109CD00084F8049290E700002DE9F0410546002742
:109CE00000F0E2FE314E306808B9FFF789FCF068F9
:109CF00005424BD1C5B3083568070ED005F0070003
:109D0000C0F108000544680707D0502080F311888F
:109D1000BFF34F8FBFF36F8FFEE72DB3706885429F
:109D200034D82248103001460C6801E020460C4629
:109D30006168A94202D221680029F7D131688C42BA
:109D400024D007682168016060680837411B10292A
:109D50000FD96019420708D0502080F31188BFF353
:109D60004F8FBFF36F8FFEE710E041606560FFF734
:109D700021FD61687068401A7060B268904200D23C
:109D8000B060F06801430020C4E9000101F0EAFC82
:109D9000780707D0502080F31188BFF34F8FBFF3AF
:109DA0006F8FFEE73846BDE8F08100008C00002090
:109DB0000449086818B10868026D521C02650868F9
:109DC000704700003000002010B5031F4FF0807472
:109DD0001C601B1F21F001011960191F024B0B6051
:109DE000143940380A6010BDF59A00082DE9F04199
:109DF0000F460646022917D3D6F81802B84213D9DF
:109E0000002523E039463046FFF7DAF8040021D078
:109E1000012C09D0601C09D0002239463046FFF7DA
:109E2000DFFE050016D103E0022513E0012511E055
:109E3000D6F81402411C08D0401CC6F8140296F84B
:109E4000050240F0010086F805022746D6F8180200
:109E5000B842D7D82846BDE8F08181760A0AC27692
:109E60000A0C0275090E41757047014600200B224D
:109E7000430803EBC01011F8013B521E1844C0B256
:109E8000F6D1704770B5044600F057F8050052D17E
:109E900094F80002032846D194F80502012842D123
:109EA000420200212046FFF79CF9552084F8FE016C
:109EB000AA2084F8FF015220207060706120A070F9
:109EC0004121E170722284F8E42184F8E52184F8CC
:109ED000E61184F8E701D4F8140284F8E801010AD5
:109EE00084F8E911010C84F8EA11000E84F8EB0102
:109EF000D4F8100284F8EC01010A84F8ED11010C89
:109F000084F8EE11000E84F8EF01D4F8202201232A
:109F1000521CC4F8302294F801022146FEF7BCF925
:109F2000002084F80502002294F801021146FEF791
:109F30008BF900B10125284670BD2DE9F04104469A
:109F400090F80402002728B3D4F8305294F80102A4
:109F500001232A462146FEF79FF908B1012719E09F
:109F6000002084F80402D4F82402D4F81C12281A21
:109F700088420FD294F803620AE0D4F81C0201234D
:109F8000054494F801022A462146FEF785F9761E1B
:109F9000022EF2D23846BDE8F081000070B50C46C2
:109FA000064600F0F9F8154D2868806D80B92968DB
:109FB000012081F85C005CB101212046FFF7E2F945
:109FC0000F494FF080500860BFF34F8FBFF36F8F82
:109FD00000F002F900F0E0F82868846D002034B148
:109FE00016B12968886502E02A68611E91652968B2
:109FF00081F85C0000F0F0F8204670BD30000020D1
:10A0000004ED00E000280BD00C2909D00B2907D063
:10A01000092905D00F2903D0D0F80C02FEF7C1BDE5
:10A020007047D0E9013201699A60D0E901235A6092
:10A030004A68824201D182684A600022026108684F
:10A04000401E0860086870472DE9F04717460A4629
:10A0500005460024082600F027FDDFF89080D8F898
:10A06000100082423CD3DFF88890761E06EB860112
:10A0700004EBC40009EB810105EB80000122FFF72E
:10A08000E9FB0444002EF0D104EBC40005EB800092
:10A0900002224646D8F80410FFF7DCFB044404EB28
:10A0A000C40005EB80000222B168FFF7D3FB044433
:10A0B0000F4904EBC40005EB80000422DC31FFF7FC
:10A0C000C9FB04440A4904EBC40005EB80000322E9
:10A0D000F031FFF7BFFB044417B1FEF76BFF3860A8
:10A0E00001F040FB2046BDE8F08700003000002072
:10A0F000F4030020044908680A688069D26A096884
:10A10000C2F108028A61704730000020034B0360EF
:10A1100003F16000086040201060704710060020C6
:10A12000034B036003F160000860802010607047FB
:10A130007007002000F108014FF0FF32C0E9011262
:10A14000C160016100210160704700210161704719
:10A1500030B50B685A1C02D000F1080202E0026917
:10A1600004E02246546825689D42FAD953684B6042
:10A1700099608A60516008610168491C016030BDC6
:10A1800042684A6093688B60936859609160086187
:10A190000168491C01607047502080F31188BFF3AB
:10A1A0004F8FBFF36F8F0A494868401C48600128F1
:10A1B0000CD10848006810F0FF0F07D0502080F342
:10A1C0001188BFF34F8FBFF36F8FFEE7704700001A
:10A1D000A400002004ED00E00849486828B1401EB2
:10A1E000486001D180F311887047502080F31188B6
:10A1F000BFF34F8FBFF36F8FFEE70000A400002076
:10A2000070B5002827D0144DA0F108046168E868F3
:10A21000014207D1502080F31188BFF34F8FBFF365
:10A220006F8FFEE722683AB1502080F31188BFF3A8
:10A230004F8FBFF36F8FFEE78143616000F034FC06
:10A2400060686968084468602046FFF7B3FABDE8B3
:10A25000704001F087BA70BD8C0000200F4810B527
:10A2600001684FF47A72B1FBF2F30D486FF07F444E
:10A270008360B4FBF3F3C360B1FBF1F32D24B4FBB3
:10A28000F3F303614FF0E020002303618361B1FB2E
:10A29000F2F1491E41610721016110BD2C0000202F
:10A2A000A4000020F1B5394D82B00299E8688142DE
:10A2B00000D902904FF0E024206920F001002061D5
:10A2C000A1690298AA68401E02FB0016286986420E
:10A2D00000D9361A72B6BFF34F8FBFF36F8FFDF7F9
:10A2E000E9FF98B366610027A761206940F001008B
:10A2F0002061029800906846FBF718FE009820B194
:10A30000BFF34F8F30BFBFF36F8F02A8FBF7D0FDB5
:10A3100062B6BFF34F8FBFF36F8F72B6BFF34F8F2D
:10A32000BFF36F8F062020612069C00316D5A06996
:10A330002A69311AA868411A491E914201D3814203
:10A3400000D9411E61610298401E12E0FFE7A0693A
:10A350006061206940F00100206111E00298AA6864
:10A36000A1695043411AB1FBF2F0431C5343591AFF
:10A370006161A761216941F00101216100F080FB69
:10A38000A868401E606162B6FEBD0000A400002007
:10A3900010B5F5F7BDFF114910280ED300F1E020EC
:10A3A00090F8F0030A78904207D2502080F3118889
:10A3B000BFF34F8FBFF36F8FFEE70948006849690D
:10A3C00000F4E060884207D9502080F31188BFF381
:10A3D0004F8FBFF36F8FFEE710BD0000A400002079
:10A3E0000CED00E010B5084B002200BF53F83240DE
:10A3F0001CB1521C082AF9D310BD43F8321003EBEC
:10A40000C201486010BD0000B403002010B5040074
:10A410000AD000F013F894F8460000280CD120462A
:10A42000BDE81040FFF7ECBE502080F31188BFF369
:10A430004F8FBFF36F8FFEE710BD0000084A002169
:10A4400002EBC1035B68834206D1002042F8310071
:10A4500002EBC10148607047491C0829F0D37047DE
:10A46000B403002070B515460E460446FFF794FE6F
:10A4700094F944100020491C01D184F8440094F957
:10A480004510491C01D184F84500FFF7A5FEA06BDB
:10A4900028B92A46314604F1240000F0E7F92046A5
:10A4A000BDE87040FFF756BB10B5020014D00F484E
:10A4B000806B38B1502080F31188BFF34F8FBFF30A
:10A4C0006F8FFEE700F0F0FA00211046FEF75AFF0A
:10A4D00001F048F9002807D105494FF08050086085
:10A4E000BFF34F8FBFF36F8F10BD0000300000200F
:10A4F00004ED00E070B50546FFF74EFE1E4C05B9B1
:10A500002568281DFFF78DFDA86A18B105F1180010
:10A51000FFF787FDE06A401CE0622068854207D1B2
:10A52000291D1648FFF72CFEE068401CE06007E09C
:10A530002069401E20612846FFF72FF8FFF776FAC2
:10A54000FFF74AFEE069002814D02068854211D147
:10A55000A06B38B1502080F31188BFF34F8FBFF349
:10A560006F8FFEE706494FF080500860BFF34F8FB2
:10A57000BFF36F8F70BD000030000020D0040020BA
:10A5800004ED00E02DE9F0410C461B491646B8B138
:10A590004FEA000505F13400C4E90050E86A206183
:10A5A000286BE061686CA060E86C6061686D0027F2
:10A5B000A061052B12D00868854203D1277311E0F2
:10A5C0000D68E7E72373032B0CD100F06DFAA86A3E
:10A5D00008B10220207301F0C5F803E02846FDF71A
:10A5E00081FE20732EB1286BFFF77AFA2084BDE834
:10A5F000F0812784FBE700003000002070B586B0B2
:10A60000002506460570234801690091006900EBAA
:10A61000C0008000FFF760FB040038D003AA009957
:10A62000FFF712FD009003986421B0FBF1F0039056
:10A6300050B32846019524E000EBC00004EB8000F5
:10A64000039A8169B1FBF2F541683046FFF7B7FA2A
:10A650000646019800EBC00004EB800082692DB132
:10A660002B460DA13046F5F757FF03E00DA130460C
:10A67000F5F752FF3046F6F7DFF806440198401C24
:10A68000019000998842D7D32046FFF7B9FD06B064
:10A6900070BD0000300000200925750909257525C9
:10A6A000250D0A0009257509093C3125250D0A00EB
:10A6B00002498A6A0260496941607047300000209F
:10A6C00070B586B0002406460470284801690291DE
:10A6D000006900EBC0008000FFF7FEFA050042D0E1
:10A6E00000220299FFF7B0FC02900494204631E06A
:10A6F00000EBC00005EB8000017B05290ED2DFE8EE
:10A7000001F0030507090B00582408E0522406E075
:10A71000422404E0532402E0442400E00024416881
:10A720003046FFF74CFA0646049800EBC00005EBF4
:10A7300080008268018CCDE90012036922460CA1D9
:10A740003046F5F7E9FE3046F6F776F80644049809
:10A75000401C049002998842CAD306B02846BDE83E
:10A760007040FFF74DBD06B070BD00003000002006
:10A770000925630925750925750925750D0A000048
:10A780000149012048627047300000202DE9F04166
:10A790000E46040015D0FFF7FBFD5020EFF31185A6
:10A7A00080F31188BFF34F8FBFF36F8F94F85C0075
:10A7B000022184F85C10A16D491CA165012808D014
:10A7C00033E0502080F31188BFF34F8FBFF36F8FBA
:10A7D000FEE7A06A38B1502080F31188BFF34F8F95
:10A7E000BFF36F8FFEE7134FB86B18B104F1180178
:10A7F00011480EE0201DFFF714FCE06AB969884299
:10A8000000D9B8610C4900EB8000C83901EB800029
:10A81000211DFFF7B5FCE06A3968C96A884204D98E
:10A8200001200EB1306000E0786285F31188BDE848
:10A83000F081000030000020BC04002010B50C4660
:10A8400050B1094909681831FFF782FC2046BDE87C
:10A8500010400121FEF796BD502080F31188BFF310
:10A860004F8FBFF36F8FFEE73000002070B51446A6
:10A870000D4668B10A4909681831FFF781FC0CB12F
:10A880004FF0FF3521462846BDE87040FEF77ABDFF
:10A89000502080F31188BFF34F8FBFF36F8FFEE717
:10A8A0003000002010B51446030011D01048826B10
:10A8B000B2B1026841F00041916101681846183157
:10A8C000FFF75EFC2046BDE810400121FEF75ABDAF
:10A8D000502080F31188BFF34F8FBFF36F8FFEE7D7
:10A8E000502080F31188BFF34F8FBFF36F8FFEE7C7
:10A8F0003000002070B504003ED0226DA2B1E06CA3
:10A90000884200D30146E06A884235D0012A33D11B
:10A910001A4D2A6894420FD1502080F31188BFF35A
:10A920004F8FBFF36F8FFEE7502080F31188BFF386
:10A930004F8FBFF36F8FFEE7E162A269002A02DB4F
:10A94000C1F10801A1610E4E00EB8000616906EBC8
:10A950008000814210D1201DFFF763FBE06AA969E6
:10A96000884200D9A86100EB800006EB8000211D21
:10A97000BDE87040FFF704BC70BD0000300000204F
:10A98000F403002070B5194DAA6BF2B141F00041FB
:10A990000160C4680CB3FFF744FB201DFFF741FBC7
:10A9A000E06AA969884200D9A861114900EB8000DA
:10A9B00001EB8000211DFFF7E3FBE06A2968C96A0B
:10A9C000884201D90120686270BD502080F311884F
:10A9D000BFF34F8FBFF36F8FFEE7502080F31188D6
:10A9E000BFF34F8FBFF36F8FFEE7000030000020F2
:10A9F000F403002030B587B00024039405AA04A90D
:10AA000003A80494FFF782FBDDE903010094CDE97C
:10AA10000110002316A11848059A00F04AFD174DB1
:10AA20000028686321D000F0FFFE012809D0401CF7
:10AA30001BD1502080F31188BFF34F8FBFF36F8F6E
:10AA4000FEE7502080F31188BFF34F8FBFF36F8F65
:10AA50004FF0FF3028630120E8616C61FCF7F6FFDE
:10AA600007B0BDE8304000F05DB907B030BD000070
:10AA700049444C45000000004D960008300000207D
:10AA800008494A690B6B02449A4207D9502080F367
:10AA90001188BFF34F8FBFF36F8FFEE74A691044F1
:10AAA00048617047300000200248816B491C816377
:10AAB000704700003000002010B51C4CA06B10B196
:10AAC0000120606210BD00206062FEF773FA20640E
:10AAD000E26B904204D92168821A4B6D1A444A6590
:10AAE000E063A069124901E0B8B1401E00EB8002AA
:10AAF00051F82220002AF7D000EB800201EB8201FE
:10AB000001F108034A6852684A609A4201D15268CA
:10AB10004A60D1682160A06110BD502080F3118887
:10AB2000BFF34F8FBFF36F8FFEE7000030000020B0
:10AB3000F403002010B5040011D0D4F8000270B165
:10AB400090F8001259B1B0F80612B4F804229142FC
:10AB500005D190F80102FDF793FBC00701D0092051
:10AB600010BDD4F80002FEF70BFB08B1002010BDA9
:10AB70000F2010BD70B52020FFF7AEF8040005D0FF
:10AB80000025201D2560FFF7D5FA2577204670BDEA
:10AB90002DE9F0410027884604000AD05FEA1860DA
:10ABA0000FD0502080F31188BFF34F8FBFF36F8F0A
:10ABB000FEE7502080F31188BFF34F8FBFF36F8FF4
:10ABC000FEE7261D04F10C05FFF76EFF2168F06813
:10ABD00041EA0801216017E0D0E9001601F07F4248
:10ABE0005301236821F07F4102D40B4203D10AE0D4
:10ABF00031EA030307D1D20100D50F43216841F0A8
:10AC00000071FFF7BFFE3046A842E5D12068B84387
:10AC1000206000F0A7FD2068BDE8F0812DE9F04735
:10AC20009A46DDF8209090460D4604004FF000074C
:10AC300009D0280E0FD0502080F31188BFF34F8F1A
:10AC4000BFF36F8FFEE7502080F31188BFF34F8F63
:10AC5000BFF36F8FFEE71DB100F056FC40B112E06C
:10AC6000502080F31188BFF34F8FBFF36F8FFEE743
:10AC7000B9F1000F07D0502080F31188BFF34F8F38
:10AC8000BFF36F8FFEE7FFF70FFF26685246294696
:10AC90003046FEF743FF30B1B8F1000F1AD02068FC
:10ACA000A843206016E0B9F1000F13D0B8F1000FEF
:10ACB00001D04FF08077BAF1000F01D047F08067E4
:10ACC00045EA07014A46201DFFF7ECFD00F04AFD6A
:10ACD00018B10AE000F046FD1FE011494FF0805026
:10ACE0000860BFF34F8FBFF36F8FFFF703FA06467D
:10ACF000800110D4FFF750FA2668524629463046A4
:10AD0000FEF70CFF28B1B8F1000F02D02068A8436D
:10AD10002060FFF761FA26F07F463046BDE8F087F5
:10AD200004ED00E01CB5264908780190FF2008706A
:10AD300008788DF800009DF800009DF8002000F0D4
:10AD4000F000904207D0502080F31188BFF34F8F5E
:10AD5000BFF36F8FFEE79DF800001A4C00F0500023
:10AD600020700720606105E09DF8002052008DF8FA
:10AD70000020401E9DF800201206F5D460610328D3
:10AD800007D0502080F31188BFF34F8FBFF36F8F30
:10AD9000FEE74FF440706061019808700A4801684E
:10ADA00041F470010160016841F070410160FFF7FA
:10ADB00055FA00206060F5F775FA00201CBD000010
:10ADC00000E400E0A400002020ED00E010B5024601
:10ADD0000021012000F005F80446FEF77FFC204624
:10ADE00010BDF8B517460E46050014D0DEB105FBC0
:10ADF00006F05030FEF770FF04000AD0002084F8FF
:10AE0000460004F150023B46314628460094FEF7C6
:10AE100071FC2046F8BD502080F31188BFF34F8F9E
:10AE2000BFF36F8FFEE70020E3E738B5049D18B14C
:10AE300053B1CAB181B120E0502080F31188BFF333
:10AE40004F8FBFF36F8FFEE7502080F31188BFF361
:10AE50004F8FBFF36F8FFEE7502080F31188BFF351
:10AE60004F8FBFF36F8FFEE739B1502080F3118809
:10AE7000BFF34F8FBFF36F8FFEE750241C460123B3
:10AE800084F846302B460094FEF734FC204638BD4B
:10AE900070B50D46040025D0FFF77EF9D4E90F20E8
:10AEA000216802FB001161600021A1632168A1609B
:10AEB0000A46D4E90F01401E00FB0121E160214652
:10AEC0004FF0FF3001F8440F487004F110008DB1CD
:10AED000FFF730F904F12400FFF72CF9FFF77CF9B4
:10AEE000012070BD502080F31188BFF34F8FBFF356
:10AEF0006F8FFEE721690029F0D000F0F9FB0028F0
:10AF0000ECD004494FF080500860BFF34F8FBFF37F
:10AF10006F8FE3E704ED00E02DE9FF4782B01D46A7
:10AF20008A464FF00008040003D0BAF1000F08D0A1
:10AF300011E0502080F31188BFF34F8FBFF36F8F64
:10AF4000FEE7206C38B1502080F31188BFF34F8F9B
:10AF5000BFF36F8FFEE7022D0AD1E06B012807D007
:10AF6000502080F31188BFF34F8FBFF36F8FFEE740
:10AF700000F0CAFA3F4F4FF000094FF0805648B931
:10AF8000049838B1502080F31188BFF34F8FBFF37E
:10AF90006F8FFEE7FFF700F9A06BE16B884207D3E4
:10AFA000022D05D00498D0B1B8F1000F1AD01EE0E0
:10AFB0002A4651462046FEF7BAFA616A19B104F1F1
:10AFC000240000F095FB20B13E60BFF34F8FBFF32C
:10AFD0006F8FFFF701F9012006B0BDE8F087FFF79A
:10AFE000FBF822E06846FFF763FB4FF00108FFF72C
:10AFF000F3F8FFF759FDFFF7CFF894F94400401C30
:10B0000001D184F8449094F94500401C01D184F8A2
:10B010004590FFF7E1F804A9684600F0E3F930B184
:10B020002046FEF797FD00F09DFB0020D4E7FFF7D8
:10B03000B3F8A06BE16B884213D1FFF7CDF804F1B0
:10B0400010000499FFF7FAFB2046FEF783FD00F09D
:10B0500089FB00289ED13E60BFF34F8FBFF36F8FF7
:10B0600098E7FFF7B9F82046FEF774FD00F07AFB89
:10B0700090E7000004ED00E02DE9F0471F46904600
:10B080008946040003D0B9F1000F08D011E0502028
:10B0900080F31188BFF34F8FBFF36F8FFEE7206CF3
:10B0A00038B1502080F31188BFF34F8FBFF36F8FFB
:10B0B000FEE7022F0AD1E06B012807D0502080F371
:10B0C0001188BFF34F8FBFF36F8FFEE7FFF760F973
:10B0D0005020EFF3118680F31188BFF34F8FBFF339
:10B0E0006F8FA06BE16B884206D3022F04D0002043
:10B0F00086F31188BDE8F08794F945503A464946F1
:10B100002046FEF714FA681C04D06D1C84F84550E4
:10B110000120EDE7606A0028FAD004F1240000F075
:10B12000E7FA0028F4D0B8F1000FF1D00121C8F8F7
:10B130000010EDE72DE9F747002683B08A460400AA
:10B1400003D0BAF1000F08D011E0502080F311882D
:10B15000BFF34F8FBFF36F8FFEE7206C38B15020E5
:10B1600080F31188BFF34F8FBFF36F8FFEE700F0BE
:10B17000CBF9DFF8F4804FF000094FF0805748B961
:10B18000059838B1502080F31188BFF34F8FBFF37B
:10B190006F8FFEE7FFF700F8A56BC5B1514620465B
:10B1A000FEF7B2F96D1EA563206950B104F11000DD
:10B1B00000F09EFA28B1C8F80070BFF34F8FBFF3BC
:10B1C0006F8FFFF709F8012006B0BDE8F0870598FA
:10B1D00008B11EB106E0FEF7FFFF27E06846FFF763
:10B1E00067FA0126FEF7F8FFFFF75EFCFEF7D4FFD3
:10B1F00094F94400401C01D184F8449094F945002E
:10B20000401C01D184F84590FEF7E6FF05A9684689
:10B2100000F0E8F8002820460AD0FEF79BFC00F07A
:10B22000A1FA2046FEF708FB0028B3D00020CBE7A8
:10B23000FEF702FB90B104F124000599FFF7FEFA36
:10B240002046FEF787FC00F08DFA0028A2D1C8F84E
:10B250000070BFF34F8FBFF36F8F9BE72046FEF761
:10B2600079FC00F07FFA95E704ED00E02DE9F34367
:10B27000002683B00400354609D0206C78B15020F8
:10B2800080F31188BFF34F8FBFF36F8FFEE750201D
:10B2900080F31188BFF34F8FBFF36F8FFEE700F08D
:10B2A00033F9DFF83C814FF000094FF0805748B97F
:10B2B000049838B1502080F31188BFF34F8FBFF34B
:10B2C0006F8FFEE7FEF768FFA06BC8B1401EA0635A
:10B2D000206810B9FEF76CFD6060206950B104F180
:10B2E000100000F005FA28B1C8F80070BFF34F8FC6
:10B2F000BFF36F8FFEF770FF012005B0BDE8F0834C
:10B30000049808B166B10FE03DB1502080F3118878
:10B31000BFF34F8FBFF36F8FFEE7FEF75DFF5DE07A
:10B320006846FFF7C5F90126FEF756FFFFF7BCFB9D
:10B33000FEF732FF94F94400401C01D184F8449098
:10B3400094F94500401C01D184F84590FEF744FF74
:10B3500004A9684600F046F80028204612D0FEF7FF
:10B36000F9FB00F0FFF92046FEF766FA0028A9D0A5
:10B370009DB3FEF711FF606A50B3206B0068C0F107
:10B38000080126E0FEF758FAE0B1206838B9FEF768
:10B3900003FF606800F070F90546FEF71DFF04F139
:10B3A00024000499FFF74AFA2046FEF7D3FB00F089
:10B3B000D9F9002886D1C8F80070BFF34F8FBFF3CA
:10B3C0006F8F7FE72046FEF7C5FB00F0CBF979E7EA
:10B3D00000216068FFF78EFA9FE7FFE700208CE707
:10B3E00004ED00E02DE9F0410C46050011D0C4B198
:10B3F000FEF7D2FE174B5A696E682068911B471CF6
:10B4000017D02F689B6A9F4219D0964217D8012403
:10B4100010E0502080F31188BFF34F8FBFF36F8F80
:10B42000FEE7502080F31188BFF34F8FBFF36F8F7B
:10B43000FEE70024FEF7D0FE2046BDE8F0818842FA
:10B4400005D9401A20602846FFF732F9F1E70020BD
:10B450002060DCE7300000202DE9FF5F8346DDE956
:10B460000E87994616468A469000FEF735FC050081
:10B470001CD06020FEF730FC040014D000202563AF
:10B4800084F85D00CDE90240CDE900874B463246A5
:10B4900051465846FEF73FF92046FDF7A1FF01202F
:10B4A00004B0BDE8F09F2846FEF7AAFE4FF0FF303B
:10B4B000F6E7F0B585B0DDE90B640A9DA6B1DCB115
:10B4C000602700972663022684F85D60002604AF9B
:10B4D000CDE90246CDE90057FEF71DF92046FDF7FC
:10B4E0007FFF049805B0F0BD502080F31188BFF3B2
:10B4F0004F8FBFF36F8FFEE7502080F31188BFF3AB
:10B500004F8FBFF36F8FFEE70548C16919B1806B9C
:10B5100018B10020704701207047022070470000DA
:10B5200030000020014840697047000030000020D2
:10B530002DE9F0412E4C0027A06B40B1206A401C41
:10B540002062606A00B101273846BDE8F081666973
:10B55000761C666113D16068006838B1502080F3B2
:10B560001188BFF34F8FBFF36F8FFEE76068A1684C
:10B570006160A060A06A401CA062FEF757FA206BD1
:10B58000DFF87080864209D36068006880B1606827
:10B59000C068C568686886420DD220632068C06AAA
:10B5A00000EB800158F821000128CAD90127C8E71B
:10B5B0004FF0FF30F1E7281DFEF733FDA86A18B100
:10B5C00005F11800FEF72DFDE86AA169884200D94F
:10B5D000A06100EB800108EB8100291DFEF7D0FD82
:10B5E000E86A2168C96A8842CED30127CCE7000007
:10B5F00030000020F403002070B504004FF000017B
:10B6000033D01B4D2868844207D0502080F3118826
:10B61000BFF34F8FBFF36F8FFEE7206D38B1401E31
:10B620002065E36CE26A9A421FD040B11DE05020D1
:10B6300080F31188BFF34F8FBFF36F8FFEE7201D9C
:10B64000FEF7EFFCE06CE062C0F10800A061E06A88
:10B65000A969884200D9A861064900EB800001EB86
:10B660008000211DFEF78CFD0121084670BD000001
:10B6700030000020F403002070B504004FF00000FB
:10B680002BD0194DE16A2A68D26A914226D2A0696C
:10B69000002804DB2868C06AC0F10800A061134ECE
:10B6A00001EB8101606906EB8101884211D1201D07
:10B6B000FEF7B7FC2868C06AE062A969884200D931
:10B6C000A86100EB800006EB8000211DFEF758FD0D
:10B6D00002E02868C06AE062012070BDE16C2A685F
:10B6E000D26A9142F8D370BD30000020F4030020EC
:10B6F00070B5C068C46854B104F118000646FEF77E
:10B7000090FC164DA86B50B13146154816E05020FC
:10B7100080F31188BFF34F8FBFF36F8FFEE7201DBB
:10B72000FEF77FFCE06AA969884200D9A8610C494C
:10B7300000EB8000C83901EB8000211DFEF720FDE1
:10B74000E06A2968C96A884202D901246C6200E073
:10B750000024FEF76BF9204670BD00003000002089
:10B76000BC0400202DE9F0472C4D00242746A86B8F
:10B7700038B1FEF711FDA86B401EA863A86B40B15D
:10B7800046E0502080F31188BFF34F8FBFF36F8FD7
:10B79000FEE72969224E0120D1B3A6F1C8098046EF
:10B7A0003068E0B1F068C46804F11800FEF739FCB5
:10B7B000201DFEF736FCE06AA969884200D9A8611D
:10B7C00000EB800109EB8100211DFEF7D9FCE06A46
:10B7D0002968C96A8842E3D3C5F82480E0E70CB140
:10B7E000FEF724F92C6A4CB14FEA0806FFF7A0FED9
:10B7F00000B16E62641EF9D100202862686A38B117
:10B800000849012738070860BFF34F8FBFF36F8FD8
:10B81000FEF7E2FC3846BDE8F0870000300000206B
:10B82000BC04002004ED00E010B586B0FDF740FE3A
:10B83000114CA068B8B100200390049005AA04A997
:10B8400003A8FEF76DFCDDE9032102208DE8070067
:10B8500000230AA10B48059AFFF72BFEE06010B108
:10B8600006B0012010BD502080F31188BFF34F8F28
:10B87000BFF36F8FFEE7000074000020546D72204C
:10B8800053766300319B00082DE9FF411E461346A5
:10B8900002000A9D4FF0000016D0144CA768002F3C
:10B8A0000FD0CDE900130292062917DAFFF72CFE1C
:10B8B00002284FF000030FD000226946A068FFF76E
:10B8C0002BFB04B0BDE8F081502080F31188BFF35A
:10B8D0004F8FBFF36F8FFEE72A46EEE70023324615
:10B8E00069463846FFF7C8FBEBE70000740000200C
:10B8F00010B500290AD00878002807D005487844F8
:10B90000F5F72EF8002801D0002010BD0248784439
:10B9100010BD0000360D00002E0D000010B50029EE
:10B920000AD00878002807D005487844F5F718F8B9
:10B93000002801D0002010BD0248784410BD00004E
:10B94000260D00001E0D0000F5F728BCF5F75CBDC4
:10B9500008C6000800000000000000000000000011
:10B9600000000000000200001800000000000000BD
:10B9700000000000010202030405060708090A0B83
:10B980000C0D0E0F1010000000000000000001025E
:10B990000304060708090000000001020304000078
:10B9A0000000000000000000000000000000000097
:10B9B00000181818181818080008180000000000CF
:10B9C00000342424240000000000000000000000D7
:10B9D000000016247F2424247E242400000000007C
:10B9E00000083E6848681C1612127C101000000007
:10B9F0000061D296740810162949C60000000000A4
:10BA000000003C646438724ACE467F0000000000AB
:10BA100000181818180000000000000000000000C6
:10BA20000004081810303030301010180C040000DA
:10BA300000201008080C0404040C08181020000052
:10BA400000080A341C6A0800000000000000000022
:10BA5000000000001818187F1818180000000000D7
:10BA6000000000000000000000181808300000006E
:10BA7000000000000000003C00000000000000008A
:10BA80000000000000000000001818000000000086
:10BA9000000206040C0808101020204000000000DE
:10BAA00000003C6642475B7342663C0000000000B9
:10BAB000000018784808080808087E000000000008
:10BAC00000003C460606040810207E00000000002E
:10BAD00000007C0606043C0202067C000000000018
:10BAE00000000C1C14246444FF0404000000000047
:10BAF00000007E6060607E0202067C0000000000A4
:10BB000000001E306048764242623C0000000000A7
:10BB100000007E0206040C0818103000000000002F
:10BB200000003C6242361C6642423C0000000000BD
:10BB300000003C664242661A0204780000000000E1
:10BB40000000000018180000001818000000000095
:10BB5000000000001818000000181808300000004D
:10BB60000000000004183060100C06000000000007
:10BB70000000000000007E007E00000000000000C9
:10BB800000000000301804060C1020000000000027
:10BB900000301C06060618100010100000000000FF
:10BBA000001C224141DDB5A5A5AF94C0403C00007A
:10BBB0000000181C342426627E43C10000000000EF
:10BBC00000007C4642467C4242427C00000000006D
:10BBD00000001E204040404040603E000000000049
:10BBE00000007C4642434343424678000000000088
:10BBF00000007E6060607E6060607E00000000008B
:10BC000000007E6060607E60606060000000000098
:10BC100000001E604040CE4242623E000000000034
:10BC20000000424242427E42424242000000000086
:10BC300000007E181818181818187E000000000060
:10BC400000007C04040404040444780000000000A4
:10BC500000004244485070584C444200000000002C
:10BC6000000020202020202020203E000000000096
:10BC700000006266675F5B5BC1C1C100000000003D
:10BC80000000626272525A4A4E46460000000000AE
:10BC900000003C6243C3C3C343623C000000000099
:10BCA00000007C46424246784040400000000000D0
:10BCB00000003C6243C3C3C343623C180F00000052
:10BCC00000007C6662667C6C6466620000000000B6
:10BCD00000003E6040601C0602027C000000000084
:10BCE00000007F1818181818181818000000000015
:10BCF000000042424242424242623C0000000000D8
:10BD00000000C14342622624341C180000000000D9
:10BD10000000C1C141495B5B76666600000000001F
:10BD2000000043663418181C2466C300000000009D
:10BD30000000C14266341C181818180000000000EA
:10BD400000007E02040C181020607E00000000003D
:10BD5000001C10101010101010101010101C0000FB
:10BD600000402020101008080C040602000000000B
:10BD7000003C0C0C0C0C0C0C0C0C0C0C0C3C0000C7
:10BD80000000181C246200000000000000000000F9
:10BD900000000000000000000000000000FF0000A4
:10BDA0000020100000000000000000000000000063
:10BDB000000000003C06023E42467A0000000000FF
:10BDC000004040405C62424242427C000000000071
:10BDD000000000001E20604060203E0000000000C7
:10BDE000000202023E62424242663A000000000047
:10BDF000000000003C62427E40603E000000000007
:10BE0000000F1810107E101010101000000000001D
:10BE1000000000003F66426658403E43423C00003E
:10BE2000004040405C62424242424200000000004A
:10BE3000001818007808080808087E0000000000B4
:10BE400000040C007C040404040404040C780000C6
:10BE500000606060626C78706864620000000000DE
:10BE6000007808080808080808087E00000000009C
:10BE700000000000764B4B4B4B4B4B00000000008A
:10BE8000000000005C6242424242420000000000AA
:10BE9000000000003C62424342623C00000000009F
:10BEA000000000005C62424242427C404040000090
:10BEB000000000003E62424242663A020202000076
:10BEC000000000006E7263606060600000000000AF
:10BED000000000003E20203C06027C000000000024
:10BEE00000001010FE10101010101E0000000000C6
:10BEF000000000004242424242663A000000000058
:10BF000000000000434266243418180000000000BE
:10BF100000000000C1C15B5A5E66660000000000C0
:10BF20000000000062261C181C26620000000000B1
:10BF30000000000043426624341C181830E0000062
:10BF4000000000007E060C1810207E00000000009B
:10BF5000000E18101010307010101010180E000085
:10BF60000808080808080808080808080808000061
:10BF70000030180808080C0E0808080818300000DF
:10BF8000000000000000714B060000000000809AD5
:10BF900090B68EB78F80D2D3D4D8D7DE8E8F9092C2
:10BFA00092E299E3EAEB59999A9D9C9D9E9FB5D6A2
:10BFB000E0E9A5A5A6A7A8A9AAABAC21AEAFB0B1F0
:10BFC000B2B3B4B5B6B7B8B9BABBBCBDBEBFC0C1D9
:10BFD000C2C3C4C5C7C7C8C9CACBCCCDCECFD0D1C8
:10BFE000D2D3D4D5D6D7D8D9DADBDCDDDEDFE0E1B9
:10BFF000E2E3E5E5E6E7E7E9EAEBEDEDEEEFF0F1A8
:10C00000F2F3F4F5F6F7F8F9FAFBFCFDFEFF010395
:10C010000507090E10121416181C1E000004000259
:10C020000001800040002000100008000400020011
:10C0300000000080004000200010000800400020A8
:10C040000010000800040002C700FC00E900E20044
:10C05000E400E000E500E700EA00EB00E800EF00A4
:10C06000EE00EC00C400C500C900E600C600F40004
:10C07000F600F200FB00F900FF00D600DC00F8003B
:10C08000A300D800D7009201E100ED00F300FA0010
:10C09000F100D100AA00BA00BF00AE00AC00BD00A4
:10C0A000BC00A100AB00BB00912592259325022581
:10C0B0002425C100C200C000A900632551255725D1
:10C0C0005D25A200A5001025142534252C251C254E
:10C0D00000253C25E300C3005A2554256925662523
:10C0E000602550256C25A400F000D000CA00CB00CC
:10C0F000C8003101CD00CE00CF0018250C258825C1
:10C100008425A600CC008025D300DF00D400D20017
:10C11000F500D500B500FE00DE00DA00DB00D90036
:10C12000FD00DD00AF00B400AD00B1001720BE007F
:10C13000B600A700F700B800B000A800B700B9002B
:10C14000B300B200A025A00061006200630064009B
:10C15000650066006700680069006A006B006C009B
:10C160006D006E006F00700071007200730074004B
:10C17000750076007700780079007A00A100A200AF
:10C18000A300A500AC00AF00E000E100E200E30086
:10C19000E400E500E600E700E800E900EA00EB0063
:10C1A000EC00ED00EE00EF00F000F100F200F30013
:10C1B000F400F500F600F800F900FA00FB00FC00BE
:10C1C000FD00FE00FF000101030105010701090157
:10C1D0000B010D010F0111011301150117011901C7
:10C1E0001B011D011F012101230125012701290137
:10C1F0002B012D012F0131013301350137013A01A6
:10C200003C013E01400142014401460148014B010D
:10C210004D014F01510153015501570159015B0176
:10C220005D015F01610163016501670169016B01E6
:10C230006D016F0171017301750177017A017C0154
:10C240007E019201B103B203B303B403B503B60395
:10C25000B703B803B903BA03BB03BC03BD03BE03F2
:10C26000BF03C003C103C303C403C503C603C7039D
:10C27000C803C903CA03300431043204330434044C
:10C28000350436043704380439043A043B043C04CA
:10C290003D043E043F04400441044204430444047A
:10C2A000450446044704480449044A044B044C042A
:10C2B0004D044E044F0451045204530454045504D5
:10C2C00056045704580459045A045B045C045E0481
:10C2D0005F047021712172217321742175217621EF
:10C2E0007721782179217A217B217C217D217E2172
:10C2F0007F2141FF42FF43FF44FF45FF46FF47FFC9
:10C3000048FF49FF4AFF4BFF4CFF4DFF4EFF4FFFD9
:10C3100050FF51FF52FF53FF54FF55FF56FF57FF89
:10C3200058FF59FF5AFF00004100420043004400FB
:10C33000450046004700480049004A004B004C00B9
:10C340004D004E004F005000510052005300540069
:10C35000550056005700580059005A002100E0FFD0
:10C36000E1FFE5FFE2FFE3FFC000C100C200C30040
:10C37000C400C500C600C700C800C900CA00CB0081
:10C38000CC00CD00CE00CF00D000D100D200D30031
:10C39000D400D500D600D800D900DA00DB00DC00DC
:10C3A000DD00DE0078010001020104010601080140
:10C3B0000A010C010E0110011201140116011801ED
:10C3C0001A011C011E01200122012401260128015D
:10C3D0002A012C012E0130013201340136013901CC
:10C3E0003B013D013F0141014301450147014A0134
:10C3F0004C014E01500152015401560158015A019D
:10C400005C015E01600162016401660168016A010C
:10C410006C016E01700172017401760179017B017A
:10C420007D01910191039203930394039503960375
:10C430009703980399039A039B039C039D039E0310
:10C440009F03A003A103A303A403A503A603A703BB
:10C45000A803A903AA03100411041204130414046A
:10C46000150416041704180419041A041B041C04E8
:10C470001D041E041F042004210422042304240498
:10C48000250426042704280429042A042B042C0448
:10C490002D042E042F0401040204030404040504E3
:10C4A00006040704080409040A040B040C040E041F
:10C4B0000F046021612162216321642165216621CD
:10C4C0006721682169216A216B216C216D216E2110
:10C4D0006F2121FF22FF23FF24FF25FF26FF27FFD7
:10C4E00028FF29FF2AFF2BFF2CFF2DFF2EFF2FFFF8
:10C4F00030FF31FF32FF33FF34FF35FF36FF37FFA8
:10C5000038FF39FF3AFF0000040000080000000077
:10C510000000000200010000100000000000000008
:10C52000000000003031323334353637383941427B
:10C530004344454640305800303132333435363785
:10C540003839616263646566403078003031323377
:10C550003435363738396162636465667870003027
:10C560003132333435363738394142434445465801
:10C570005000000002400000000000A00000000089
:10C5800005400000000000C8000000000C40000052
:10C590000000409C00000000194000000020BCBECC
:10C5A0000000000034400000BFC91B8E00000004E2
:10C5B000B5400000504BCFD06607E2CF010000002D
:10C5C0006C4100003E8251AADFEEA734010000005A
:10C5D000D9420000DCB5A0E23A301F97FFFFFFFF11
:10C5E000B4450000FD25A0C8E9A3C14FFFFFFFFF30
:10C5F000FF3F00000000008000000000FF3F00003F
:10C600000000008000000000537973496E69745483
:10C6100061736B0060C7000800000020100100007B
:10C620006C01000870C8000810010020207E000086
:10C63000880100081C00000043000000F8FFFFFF15
:10C640000C0000000E0000000F0000002E00000093
:10C650001001000043000000F8FFFFFF00404040D1
:10C6600040404040404041414141414040404040C5
:10C670004040404040404040404040404005020271
:10C680000202020202020202020202020220202030
:10C69000202020202020200202020202020290908C
:10C6A000909090901010101010101010101010108A
:10C6B00010101010101010100202020202028888DE
:10C6C00088888888080808080808080808080808EA
:10C6D00008080808080808080202020240000000D2
:10C6E000000000000000000000000000000000004A
:10C6F000000000000000000000000000000000003A
:10C700000000000000000000000000000000000029
:10C710000000000000000000000000000000000019
:10C720000000000000000000000000000000000009
:10C7300000000000000000000000000000000000F9
:10C7400000000000000000000000000000000000E9
:10C7500000000000000000000000000000000000D9
:10C7600000000000000000000000000000000000C9
:10C7700000000000000000000000000000000000B9
:10C780000100000010000000000000000024F40080
:10C790000000000000000000000000000000000099
:10C7A0000000000000000000000000000000000089
:10C7B0000000000000000000000000000000000079
:10C7C0000000000000000000000000000000000069
:10C7D0000000000000000000000000000000000059
:10C7E0000000000000000000000000000000000049
:10C7F0000000000000000000000000000000000039
:10C800000000000000000000AAAAAAAA0000000080
:10C810000000000000000000000000000000000018
:10C820000000000000000000000000000000000008
:10C830000600F000400100000000FFFFE0000020C3
:10C840009EB9000808001000000100007573000880
:10C8500005740008DD730008197400089D73000852
:10C8600000000000000000000000000000000000C8
:0400000508000131BD
:00000001FF
