:020000040800F2
:1000000030AC0020190300086D600008755000082E
:10001000755F000867210008DD7700080000000018
:100020000000000000000000000000008102000845
:100030003922000800000000C5020008316C0008E9
:1000400033030008330300083303000833030008B8
:1000500033030008330300083303000833030008A8
:100060003303000833030008330300083303000898
:10007000330300083303000833030008CD210008D0
:100080003303000833030008330300083303000878
:100090003303000833030008330300083303000868
:1000A00033030008056E000833030008330300081B
:1000B000116E0008330300083303000833030008FF
:1000C0003303000833030008330300083303000838
:1000D00033030008A9730008330300083303000842
:1000E0003303000833030008330300083303000818
:1000F0003303000833030008330300083303000808
:1001000033030008330300083303000833030008F7
:1001100033030008330300081D6E0008296E000831
:100120003303000833030008D92100083303000813
:1001300000F002F800F094F80AA090E8000C824465
:100140008344AAF10107DA4501D100F089F8AFF242
:10015000090EBAE80F0013F0010F18BFFB1A43F0A5
:1001600001031847A0CF0000C0CF0000103A24BF01
:1001700078C878C1FAD8520724BF30C830C144BF0C
:1001800004680C607047000000230024002500264E
:10019000103A28BF78C1FBD8520728BF30C148BFEA
:1001A0000B6070476E2900F02585702900F07D8670
:1001B00066290CF0418165290CF03E8167290CF01D
:1001C0003B8161290CF03A8103681B0A28BF41F08A
:1001D0008001692900F0E081642900F0DD81752942
:1001E00000F0DA816F2900F00B86782900F049864B
:1001F000E92900F0A585E42900F0A285F52900F0A1
:100200009F85EF2900F00886F82900F048860368EA
:10021000DB0928BF41F08001632900F0268573299E
:1002200000F02B85E32901F07582F32901F07A8231
:10023000002070471FB59DE8030000F013FC01F09B
:10024000CBFA0400002000210CF0E0F8401C6060B4
:10025000002000210CF0C4F8E0601FBD10B510BDF7
:1002600001F08CFA1146FFF7E5FF09F059FC01F0A7
:1002700065FB03B4FFF7F2FF03BC01F093FB000042
:10028000224B19680868B0E8F00F80F30988BFF3C3
:100290006F8F4FF0000080F311884EF00D0E704705
:1002A0000000000006480068006880F3088862B615
:1002B00061B6BFF34F8FBFF36F8F00DF00BF00BF8A
:1002C00008ED00E0EFF30980BFF36F8F0F4B1A6862
:1002D00020E9F00F106008B54FF0500080F311884E
:1002E000BFF34F8FBFF36F8F0BF0B2F84FF00000EA
:1002F00080F31188BDE8084019680868B0E8F00F7D
:1003000080F30988BFF36F8F704700BF2C00002077
:10031000EFF305807047000009488047094800470F
:10032000FEE7FEE7FEE7FEE7FEE7FEE7FEE7FEE7A5
:10033000FEE7FEE704480549054A064B7047000002
:10034000996D0008310100083064002030AC0020B5
:1003500030A4002030A4002070B5064600F066FBF3
:10036000056806F10B0020F00704B4429CBF002092
:1003700070BD2B466A68BAB11068A04210D304F170
:10038000080188423CBF5068586007D35168101973
:1003900041601168091B016058601460101D70BD38
:1003A00013465268002AE7D12146284600F046FB52
:1003B0000028DED170BD70B50446051F00F036FB85
:1003C0000068002C14BF446870BD002C18BFAC42FC
:1003D0003CBF20466468F8D301680A18AA4218BFD7
:1003E000456003D12A680546114401602868411917
:1003F000A1421CBF6C6070BD6168696021680844DF
:10040000286070BD53EA020C00F069802DE9F04BC2
:100410004FF00006002B1FBFB3FA83F503FA05F473
:1004200024FA05F65E4012BF1643B2FA82F502FACC
:1004300005F4C5F120051EBF22FA05FC44EA0C04B0
:10044000203556EA044C4FEA144418BF641C4FF0A0
:1004500000084FF00009904271EB030C39D30029DA
:1004600019BFB1FA81F701FA07F6B0FA80F700FA7E
:1004700007F6C7F120071EBF20FA07FC46EA0C0664
:100480002037B6FBF4FCA7EB0507103F07F01F0B66
:10049000CBF120060CFA0BFB2CFA06F644BFB34650
:1004A0000026202FA4BF5E464FF0000B5BEA060C2F
:1004B00008BF4FF0010B19EB0B09ABFB027C48EBBB
:1004C0000608C01B06FB02CC0BFB03CC71EB0C0136
:1004D000C1E70B46024641464846BDE8F08B13B5DE
:1004E0004FF000004FF00001AFF30080BDE81C406A
:1004F000704700001CB50C46064B7B4469460090D3
:10050000204600F090FB04460020694600F09EFB68
:1005100020461CBD4F0700000FB41CB5084B06AAAF
:100520007B4469460090059800F07DFB044600205E
:10053000694600F08BFB20461CBC5DF814FB0000F4
:100540002907000070B50C460546012A05D0287819
:10055000800600D5EA69002302E0012305E05B1C68
:10056000934202D2E05C0028F9D1A869E618C01ACB
:10057000A861286A18442862284600F0A9FA04E015
:10058000D5E9012114F8010B9047B442F8D328466D
:1005900000F0B4FA70BD00002DE9F04106460024D9
:1005A00010687529314616A510D000F0B8FA002859
:1005B00002DA404213A507E031688A0701D512A587
:1005C00002E0490704D511A5012401E000F0B0FACA
:1005D00000210A2206F1240709E0B0FBF2FCB0FB7F
:1005E000F2F302FB1C00303078541846491C0028F6
:1005F000F3D123462A463046BDE8F04100F0A1BAC7
:10060000000000002D0000002B0000002000000072
:100610002DE9F05F894604464FF0000ADFF874B117
:10062000FB44C0F820A02046E1688847002874D029
:10063000252806D0D4E901219047206A401C206279
:10064000F1E700265F462046E168884720280546F6
:1006500007DB312D05D2781910F8200C08B10643BC
:10066000F1E7B00701D526F00406C4F81CA0002766
:10067000C4F818A02A2D09D0284607F085FC38B305
:1006800004EB8708303DC8F8185019E059F8041BEE
:10069000204604EB87029161E1688847012F0546F7
:1006A00018D1E069002820DA26F020061DE0D8F8ED
:1006B000180000EB800005EB40003038C8F8180047
:1006C0002046E1688847054607F05EFC0028EED129
:1006D000012F0AD02E2D08D12046E16888477F1CC3
:1006E0000546022F46F02006C4DBA069002803DA85
:1006F000404246F00106A061F00701D026F0100646
:100700006C2D0BD0682D09D04C2D39D06A2D35D0E9
:10071000742D35D07A2D33D016E038E0E1682F46BD
:1007200020468847B842054609D16C2F26D04FF4A1
:100730008060E168064320468847054604E06C2F48
:100740001AD04FF4807006430DB3A5F1410019286B
:1007500002D8203546F400664A46294620462660DF
:100760004E46FFF71FFD80B101280BD0F61D26F085
:10077000070000F1080956E74020E4E78020D8E7A9
:100780000020D6E706F104094DE7284652E7206A23
:10079000BDE8F09FD4C9000040EA010310B59B07F3
:1007A0000FD1042A0DD310C808C9121F9C42F8D0DB
:1007B00020BA19BA884201D9012010BD4FF0FF308C
:1007C00010BD1AB1D30703D0521C07E0002010BDA2
:1007D00010F8013B11F8014B1B1B07D110F8013B2E
:1007E00011F8014B1B1B01D1921EF1D1184610BD0F
:1007F00040EA0103024630B59B0710D14FF00134A7
:1008000000E008C208C91D1B9D4315EAC41FF8D0AB
:1008100013F0FF0102F8011B0DD01B0AF8E711F8D5
:10082000013B002B02F8013B05D011F8013B002BE6
:1008300002F8013BF3D130BD10B5431C02E010F8C3
:10084000011B71B18107FAD14FF0013202C88C1A35
:100850008C4314EAC211F9D0C01A0A0603D0C01E94
:1008600010BDC01A10BD0A0401D0801E10BD0902BF
:10087000FCD0401E10BD032A40F2308010F0030C63
:1008800000F0158011F8013BBCF1020F624498BFE3
:1008900011F801CB00F8013B38BF11F8013BA2F180
:1008A000040298BF00F801CB38BF00F8013B11F0FB
:1008B000030300F00583083AC0F0088051F8043BB8
:1008C000083A51F804CBA0E80810F5E7121D5CBF08
:1008D00051F8043B40F8043BAFF30080D20724BF3B
:1008E00011F8013B11F801CB48BF11F8012B24BFCF
:1008F00000F8013B00F801CB48BF00F8012B70471E
:1009000002F0FF0343EA032242EA024200F002B887
:100910004FF000020429C0F0128010F0030C00F028
:100920001B80CCF1040CBCF1020F18BF00F8012BA6
:10093000A8BF20F8022BA1EB0C0100F00DB85FEA74
:10094000C17C24BF00F8012B00F8012B48BF00F840
:10095000012B70474FF0000200B5134694469646AF
:10096000203922BFA0E80C50A0E80C50B1F12001C2
:10097000BFF4F7AF090728BFA0E80C5048BF0CC070
:100980005DF804EB890028BF40F8042B08BF7047CE
:1009900048BF20F8022B11F0804F18BF00F8012B40
:1009A000704700004FF0013C50F8042B51F8043B15
:1009B0009A4221D1A2EB0C03934313EACC1317D133
:1009C00050F8042B51F8043B9A4215D1A2EB0C03CA
:1009D000934313EACC130BD150F8042B51F8043B8A
:1009E0009A4209D1A2EB0C03934313EACC13DBD058
:1009F0004FF00000704700BFD01A01BAB1FA81F180
:100A000001F0180122FA01F0CB40C1F12001DBB264
:100A1000C0B2C01A2CFA01F3D11A914311EAC311E2
:100A2000E6D1704770477047704700000048704734
:100A3000D4630020704770477047704738B504464C
:100A40000A4600206946AFF30080002808BF38BD81
:100A500002460099204600F069FA012038BD0120C5
:100A600000F084BEF8B5AFF30080054600200C46C8
:100A7000102000BF0646A819A0420DD9324669468B
:100A80000020AFF30080070008BF00F06FFE009861
:100A9000A04218BF0546C419FFF7C8FF0560074606
:100AA000F01D20F007004619284600F00AF8B4426D
:100AB00008BFF8BDA21B31463868BDE8F84000F019
:100AC00035BA00210160C0E901107047102070475D
:100AD00070B5044685690068C10601D5302600E07E
:100AE0002026C00707D070BDD4E9012130469047C9
:100AF000206A401C20626D1EF6D570BD70B504469C
:100B000085690078C00707D170BDD4E90121202094
:100B10009047206A401C20626D1EF6D570BD0968A2
:100B20004A0501D540B27047C905FCD500B27047EF
:100B300009684A0501D5C0B27047C905FCD580B225
:100B400070472DE9F0470D4699469246044600F15C
:100B500024080168880604D5E06921F010012160AD
:100B600000E00120A84201DD471B00E00027A16949
:100B70007A1902EB0900081AA0612078C00602D495
:100B80002046FFF7A5FF002608E0D4E901211AF866
:100B900006009047206A401C761C20624E45F4DB1C
:100BA0002078C0060AD52046FFF792FF06E0D4E978
:100BB000012130209047206A401C2062381EA7F196
:100BC0000107F4DC07E0D4E9012118F8050090479B
:100BD000206A401C2062281EA5F10105F3DC204696
:100BE000FFF78CFF2078000602D50220BDE8F087D1
:100BF0000120FBE711680268006A530501D50870FF
:100C00000AE0D30501D5088006E0130603D5C21714
:100C1000C1E9000200E008600120704701694A1C38
:100C200002610878704700B58FB0CDE9013100212D
:100C3000059105497944CDE9031011466846FFF74F
:100C4000E7FC0FB000BD0000E5FFFFFF0A6802F8F7
:100C5000010B0A60704710B5436913B1AFF3008010
:100C600001E0FFF76FFC012010BD127800F12401B4
:100C70000A7000224A700122EDE711684FF0FF323E
:100C8000E9E700002DE9FF5F15468A460446DFF8D4
:100C9000AC80F8440027D8E900103E46CDE90010AA
:100CA00010E03AF816106A4602A800F03FFD411C19
:100CB00007D02178890603D5E269391891420DD809
:100CC0000744761C2078800602D5E069B84205DD2D
:100CD000AE42E6DB3AF816000028E2D1A069C01B5C
:100CE000A0612046FFF7F4FED8E90010CDE900101E
:100CF000002017E03AF818106A4602A800F016FD26
:100D0000B0F1FF3F81460BD000250DF1080B05E047
:100D1000D4E901211BF8050090476D1C4D45F7D320
:100D200008F10100B0428046E4DB206A38442062CA
:100D30002046FFF7E3FEBDE8FF9F000076C30000FA
:100D40002DE9F0418046D21D22F007020025D2E9AC
:100D50000002F52915A614D0011E72F1000106DA71
:100D60000023D0EB030063EB020211A608E0D8F8E1
:100D700000108B0701D50FA602E0490701D50EA68A
:100D800001251146002408F1240704E000F0E8F8EA
:100D900030323A55641C50EA0102F7D12B463246F4
:100DA00021464046BDE8F041FFF7CBBE0000000001
:100DB0002D0000002B0000002000000030B40021B6
:100DC00000F1240408E002F00705D208303542EAB9
:100DD0004372DB086554491C52EA0305F3D10468E9
:100DE000002310A2250708D504F020040C4304D0EA
:100DF000C46901230CA2641EC46130BCFFF7A1BE0C
:100E000010B5044621461068FFF792FE02462046C0
:100E1000BDE810400023D1E7D21D22F00701D1E93F
:100E20000023CBE70000000030000000F0B40D46C6
:100E30000188090502D5214C7C4402E01F4C7C440A
:100E40000E34002100F1240608E002F00F07120919
:100E5000E75D42EA03721B097754491C52EA030713
:100E6000F3D102780023120704D5702D06D009B102
:100E7000022311342246F0BCFFF763BE0123103475
:100E8000F8E770B504460D4621461068FFF750FE9E
:100E9000024629462046BDE870400023C6E7D21D21
:100EA00022F00703D3E90023C0E70368126843F088
:100EB000200303600823C3610023B7E7D8C1000003
:100EC00010B5203AC0F00B80B1E81850203AA0E8E5
:100ED0001850B1E81850A0E81850BFF4F5AF5FEA19
:100EE000027C24BFB1E81850A0E8185044BF18C9CC
:100EF00018C0BDE810405FEA827C24BF51F8043B73
:100F000040F8043B08BF7047D20728BF31F8023BC6
:100F100048BF11F8012B28BF20F8023B48BF00F85A
:100F2000012B704700487047CC630020034640689F
:100F30008C46002818BF88423CBF03464068F8D35F
:100F400018681844884207D00CF1030020F007000D
:100F5000001D411A521A0146081D0A60FFF72BBAFC
:100F600030B5B0F10A024FEA900E71F100034EEA7B
:100F7000817EB0EB0E0061EB91014FEA101E4EEA4C
:100F8000017E10EB0E0041EB11114FEA102E4EEADC
:100F9000016E10EB0E0041EB11214FEA104E4EEAAC
:100FA000014E10EB0E0041EB1141401841F10001E0
:100FB0004FEAD00040EA41704FEAD10110EB8005C2
:100FC0004FEA810444EA907444EB01046D1944EB48
:100FD0000404521BA3414FF0000348BF0A3200D55E
:100FE00030BD401C41F1000130BD70472DE9FF4F7D
:100FF0000C461E464FF0FF378BB0D2E90001DDF8FA
:1010000060800A908A46C1F30A5505B93D46002121
:1010100008464FF00000BAF1000F00F4400005DA76
:1010200000EB80004FF4400101EA50004FEA905974
:10103000B9F1010F00DDB9460A9850EA4A000ED016
:1010400044F61050A5F2FF3545432F14B8F1000FB8
:101050001ED07542291E1EDDC9F100021CE0B8F148
:10106000010F4FF0000001D0302103E0F24305E012
:101070002154401CB042FBDB3046002200212154A9
:101080000B99C1F80880C1E900200FB0BDE8F08FCE
:10109000BD1B6D1CDEE74A4600DA694206A800F077
:1010A000DFFB06AB93E8070003AB83E8070050467D
:1010B0000A9900F09DFC8DE80700A0F500501F384C
:1010C00000900398002D09DD42F21F014A460844B2
:1010D00003A90390684600F0FCFE08E0A0F500506C
:1010E0004A461F3803A90390684600F006FF8DE8C2
:1010F00007000004000C03D04FF0FF30410800E06F
:101100001046B8F1000F03D00022009215461EE0F1
:10111000751E05D4FFF724FF303262556D1EF9D5D8
:10112000B3460122084302D000227F1C04E020784D
:10113000302801D100227F1E002A099786D01DE0A9
:10114000112D07DAFFF70CFF303262556D1C50EAA3
:101150000102F5D1084302D00098C8B10EE0002189
:10116000681E05E0235C625C63542254401E491CE7
:101170008142F7DBAB46A81B401E0990002004F813
:101180000B000B98099AC0F80880C0E9002B7CE797
:1011900011264FF0000859E72DE9F04F8846044624
:1011A000D21D22F0070191B0D1E90001CDE90A0179
:1011B00006F0C6FE02460B98C00F01D02D2007E0B6
:1011C0002068810701D52B2002E0202101EAC00020
:1011D000032A099001D0072A05DB03464146204631
:1011E00000F0FEFA0BE12078800601D5E06900E00E
:1011F0000620B8F1650F814606D0B8F1660F18D009
:10120000B8F1670F70D131E00020B9F1110F0090F3
:1012100001DB112301E009F101030AAA01A90CA8CD
:10122000FFF7E4FEDDE90C70002609F101058346B5
:1012300047E001204B4600904FF000470AAA01A961
:101240000CA8FFF7D3FEDDE90DB00C995D46002632
:1012500010B909F101000D18B9EB050003D4C0F174
:10126000FF3609F10105A5EB09002BE0B9F1010FEB
:1012700001DA4FF001090020B9F1110F0090484642
:1012800001DD112300E003460AAA01A90CA8FFF71B
:10129000ADFEDDE90C704D46002683462078000740
:1012A0000AD4AB4500DA5D4601A8012D04DD4119E1
:1012B00011F8011C302907D04F4502DA17F1040F4D
:1012C00004DA012082460FE06D1EEEE7002F02DCFB
:1012D000ED1B3E4403E0781CA84200DD7D1CB81BDA
:1012E00000F1010A4FF000472078000703D4AA4517
:1012F00001DB4FF0FF3A0021B7F1004F0DF1430839
:101300008DF8431024D002202B23002F01DA7F42D6
:101310002D230A21021EA0F1010000DC5FB197FB22
:10132000F1FC97FBF1F201FB1C7C17460CF1300C31
:1013300008F801CDEEE7A8F1010003702188090546
:1013400001D5452100E06521A0F1010800F8011C4C
:1013500009980FA9A1EB0807FF1D00B10120411951
:1013600001EBEA70A1693844081A401EA061207898
:10137000C00602D42046FFF7ABFB099828B1D4E998
:1013800001219047206A401C20622078C00622D5A7
:101390002046FFF79DFB1EE0002E04DBB34502DD77
:1013A00001A8805D00E03020D4E901219047206A47
:1013B000401C2062761CAAF101005FEA000A0AD1F3
:1013C00000F00AFAC0680168405CD4E90121904746
:1013D000206A401C2062281EA5F10105DCDC07E024
:1013E000D4E9012118F8010B9047206A401C2062C3
:1013F000381EA7F10107F3DC2046FFF77FFB03202F
:1014000011B043E62DE9F04F04460D46D21D22F0FF
:10141000070089B0D0E9009248461746394606F0E1
:101420008FFD0246F80F01D02D2307E020688107C9
:1014300001D52B2302E0202101EAC0038DF82030E2
:101440000BB1012000E00020032A824601D0072AC8
:1014500004DB2946204600F0C3F93DE120788006F0
:1014600001D40D2500E0E569C7F30A560D2D49DAD0
:1014700000214FEA175B08464FF00000002F00F4F0
:10148000400007DA00EB80004FF4400100EBD07021
:1014900001EA60008115012901DD4FF0FF310022D2
:1014A0004FEA850CBCF1180F06D31346ACF11800B7
:1014B0004FF08052C24003E04FF4801323FA0CF344
:1014C0000CF10C0CBCF1200F04D3ACF1200C09FA88
:1014D0000CF001E007FA0CF000294FF0004801DDA4
:1014E00018B90FE00ED140450CD319EB02095F414A
:1014F00021B9404502D19F4329EA0209BBEB175F9E
:1015000000D0761C2088000502D57B48784402E094
:1015100079487844193808AA302302F80A30037C45
:101520000AF10101002E0AF1020A53546A4602DC54
:101530004FF0300101E04FF031014FF001088DF81C
:10154000001002D0A6F2FF3603E059EA470100D0AE
:101550006A4E002D02DC2178090704D54FF00208FD
:101560002E218DF80110C44600210BE0C7F3034380
:101570003F01C35C491C6D1E02F80830052908F1C3
:10158000010801DA002DF1DC00210CE000EB1973F9
:10159000491C1B786D1E082902F808304FEA09190A
:1015A00008F1010801DA002DF0DC2178890602D566
:1015B00014E0A8F10108E04505DD02EB080111F88F
:1015C000011C3029F5D0B8F1000F07DD02EB08014E
:1015D00011F8011C2E2901D1A8F10108002D05DD0B
:1015E0003E2102F808106D1E08F10108407C002E13
:1015F00002F8080008F1010804DA2D20764202F80A
:10160000080002E02B2002F808000A214FF47A704B
:10161000864208F101080BDB96FBF0F3303302F849
:10162000083096FBF0F308F1010800FB136601E0B7
:10163000642E0CDB642096FBF0F3303302F80830A4
:1016400096FBF0F308F1010800FB136601E00A2E97
:1016500006DB96FBF1F0303002F8080008F10108D3
:1016600096FBF1F001FB1060303002F80800A16930
:1016700008F1010808EB050202EB0A00081AA06154
:101680002078C00602D42046FFF722FA216A08AE6D
:1016900001EB0A00206204E0D4E9012116F8010BF5
:1016A0009047BAF1010AF7D22078C00602D5204649
:1016B000FFF70EFA6E4609E016F8010B3E280FD030
:1016C000D4E901219047206A401C2062B8F101084A
:1016D000F2D22046FFF712FA09B00320BDE8F08FDE
:1016E000206A2844206203E0D4E901213020904799
:1016F0006D1EEBD3F8E700003FBB000002FCFFFFCC
:1017000010B5436913B1AFF3008001E0FFF7BAFAF7
:10171000012010BD128800F1240182840022C284BD
:101720000122EDE711684FF0FF32E9E770B5164688
:101730000C46054600F048F8036893F801010128BB
:1017400006D0FF2C0FD8185D68B101202C7070BD39
:10175000D3F807013246214603F207130344284613
:10176000BDE8704018474FF0FF3070BD10B500F075
:10177000F1F8BDE8104000F0E7B870477546FFF794
:10178000D1FBAE4605006946534620F0070085466A
:1017900018B020B5FEF7CEFDBDE820404FF00006A2
:1017A0004FF000074FF000084FF0000B21F0070149
:1017B000AC46ACE8C009ACE8C009ACE8C009ACE88C
:1017C000C0098D467047000010B500F005F8001DF7
:1017D00010BD00BF39AC000000487047EC6300202A
:1017E0002DE9F0411F46044603260168072A01F44B
:1017F000006004DB08B116A505E016A503E008B1FA
:1018000015A500E015A521F010002060A069C01EFC
:10181000A0610FB1401EA0612046FFF759F94FB1FA
:10182000D4E9012138469047206A401C2062C01C40
:10183000206206E0206AFAE7D4E9012115F8010BDD
:101840009047761EF8D22046FFF758F9BDE8F081A0
:101850004E414E006E616E00494E4600696E660054
:101860002DE9F047814616468AB0334878440DC8C2
:101870008DE80D0030487844801C03AC0DC884E826
:101880000D0041F69B300844372190FBF1F290FBAC
:10189000F1F5A5F1800501FB12041B3C02D5644261
:1018A000012000E00020DFF890A080460027FA44E5
:1018B000AAF1BE0A0DE0E00709D03246684607EB00
:1018C00047010AEB810100F018FB8DE80700641066
:1018D0007F1C002CEFD1184F7F44AC3F18E0E80785
:1018E00014D007EB04100DF1180A90E80E008AE8F6
:1018F0000E00C068F04201D198190890324606A93E
:1019000003A800F0FAFA03AB83E807006D10641C2B
:10191000002DE4D132466946B8F1000F03A802D089
:1019200000F0D7FA01E000F0E8FAC9E90001C9F8CF
:1019300008200AB0BDE8F08770B800000446AFF395
:1019400000802046FEF795FC002801D000F02AB860
:101950007047000010B5012805D0002103A000F059
:1019600027F8012010BD09A1F8E7000053494752AC
:10197000544D454D3A204F7574206F66206865615F
:1019800070206D656D6F7279000000003A20486527
:101990006170206D656D6F727920636F7272757002
:1019A0007465640001491820ABBEFEE72600020002
:1019B00070B505460C460A2000E06D1C00F011F8D9
:1019C00035B128780028F8D102E0641C00F009F84D
:1019D00014B120780028F8D1BDE870400A20AFF398
:1019E000008008B569468DF800000320ABBE08BD35
:1019F0005FEA400C08BF91F0000F4FEA8C234FEADA
:101A0000C12243EA51514FEA1C5018BF00F5F04083
:101A10004FEA300018BF41F000415FEA6C5C00F013
:101A20002980BCF1FF3F08BF40F080407047130C95
:101A300006BF12044FF0100C4FF0000C130E04BF41
:101A400012020CF1080C130F04BF12010CF1040C6C
:101A5000930F04BF92000CF1020CD30F04BF52008D
:101A60000CF1010C11464FF00002A0F11F00A0EB99
:101A70000C00704711F0004F08BF704731F0004173
:101A80003FF4D5AF0B0C06BF09044FF0100C4FF01C
:101A9000000C0B0E04BF09020CF1080C0B0F04BF65
:101AA00009010CF1040C8B0F04BF89000CF1020C2E
:101AB000CB0F04BF49000CF1010CCCF12003A0EBCB
:101AC0000C0022FA03F302FA0CF241EA030100F1DE
:101AD0000100704720F07F4C80EA030023F07F472D
:101AE000ACEB070303F57C5300F0004003F1FF0368
:101AF0002DE980494FEA154B09B44FEA144325EA12
:101B00000B4E24EA03480FF2042606EB132749087C
:101B10003E785FEA320203FB0667C7F5000707FB62
:101B200006F64FEA54374FEAD64606F1020607FB9F
:101B3000066CCCF1005C4FEA1C472CEA074C07FB13
:101B400006F40CFB06F504EB15464FEA961634BF77
:101B500000204FF000404FEAD13706FB07FC4FEA68
:101B60001C4C0CFB0BF7D21B03FB0CF761EB0701C2
:101B70000CFB0EF7B0EB074072EB17420CFB08F7BB
:101B800034BFA2EB0742B2EB074261EB17414FEAC9
:101B90000C444FEA910706FB07FC4FEA1C4C0CFB78
:101BA0000BF7B0EBC74072EB573203FB0CF734BFB7
:101BB000A2EBC742B2EBC74261EB57310CFB0EF709
:101BC000B0EBC70072EB57720CFB08F734BFA2EB07
:101BD000C702B2EBC70261EB5771039F4FEA816105
:101BE00041EA921104EBCC044FEAD1374FEA82620A
:101BF00006FB07FC42EA90124FEA80604FEA1C4C59
:101C00000CFB0BF7D21B03FB0CF761EB07010CFB82
:101C10000EF7B0EB074072EB17420CFB08F734BF2E
:101C2000A2EB0742B2EB074261EB17414FEA8C553A
:101C30004FEA910704EB9C2406FB07FC4FEA1C4C7F
:101C40000CFB0BF7B0EBC74072EB573203FB0CF702
:101C500034BFA2EBC742B2EBC74261EB57310CFB7A
:101C60000EF7B0EBC70072EB57720CFB08F734BFEE
:101C7000A2EBC702B2EBC70261EB577115EB4C2523
:101C80004FEA816141EA92114FEA82624FEAD1370D
:101C900042EA901206FB07FC44F100044FEA806020
:101CA0004FEA1C4C0CFB0BF7D21B03FB0CF761EB50
:101CB00007010CFB0EF7B0EB074072EB17420CFB71
:101CC00008F734BFA2EB0742B2EB074261EB1741C2
:101CD00015EB1C154FEA813141EA92414FEA8232FD
:101CE00042EA90424FEA80304FEA0C7644F1000419
:101CF00048EA03434EEA0B484FF0000EB2EB080CE3
:101D000071EB030724BF624639464EEB0E0E4FF0CF
:101D1000000B0018524149414BEB0B0BB2EB080C86
:101D200071EB03077BF1000B24BF624639464EEB93
:101D30000E0E4FF0000B0018524149414BEB0B0BBC
:101D4000B2EB080C71EB03077BF1000B24BF62467A
:101D500039464EEB0E0E51EA020718BF46F0010657
:101D600016EB0E7655F1000254F1000103D5BDE8E3
:101D70008901BDE80088BDE88901BDE80048B619C1
:101D8000524141EB0101A3F10103704780807F7E46
:101D90007D7C7B7A797877767675747372717170E1
:101DA0006F6E6E6D6C6C6B6A6A6968686766666593
:101DB0006464636362616160605F5F5E5E5D5D5C21
:101DC0005C5B5B5A5A595958585757565655555592
:101DD0005454535352525251515050504F4F4F4EF2
:101DE0004E4D4D4D4C4C4C4B4B4B4A4A4A49494940
:101DF0004848484747474746464645454544444482
:101E0000444343434342424242414141002B26D492
:101E1000770021D01CB54FEA370703B44FF010000C
:101E20004FF010014FF000000FBCBDE810400BF167
:101E3000010BBBF1010F08BF5FEA170722BF12F1C8
:101E4000010211F101014FF0004143F1000300F0E4
:101E5000004043EA00007047F9D35708DAE746EA42
:101E6000064613F1400F4FEA16461FDD13F1200F0F
:101E7000DFBF16430A46002120335B42C8D0C3F1BE
:101E8000200746EA064602FA07F74FEA164646EAF0
:101E90000706C3F1200722FA03F201FA07F721FA35
:101EA00003F14FF0000342EA0702B1E746EA0206F7
:101EB00046EA06464FEA164646EA0106BCBF46EA2F
:101EC0000646360C4FF000034FF000024FF00001C1
:101ED0009EE72DE9C048934630B491E8380007C822
:101EE00031EA400C48BF34EA430C03D5FFF7F2FD5A
:101EF000FFF78CFFF0BCBDE800882DE9C048934691
:101F000030B491E8380007C810F0804F08BF13F0D4
:101F1000804F03D100F005F8FFF778FFF0BCBDE873
:101F2000008820F07F4780EA030023F07F4C07EB16
:101F30000C03A3F57C5300F00040A3F1FE0392F0E4
:101F4000000F00F0B38095F0000F00F077802DE9CE
:101F500001494FEA11404FEA144621EA004800FBCC
:101F600006FC24EA064708FB06F607FB08F800FB18
:101F700007F718EB06484CEB164C4FEA124B18EBE0
:101F800007484FEA15464CEB174022EA0B4E0BFB75
:101F900006FC25EA06470EFB06F607FB0EFE0BFBCA
:101FA00007F71EEB064E4CEB164C4FF000061EEBEF
:101FB000074E4CEB174B18EB0B0840F1000018EBE9
:101FC0000E0B58EB000840F100008F1A4FF0000193
:101FD0003CBFC943661B14BFB5EB040C00213CBFDA
:101FE000C943F61B4FEA17444EEA8E0E27EA044512
:101FF0004FEA1C4704FB07622CEA074C05FB07F776
:102000000CFB05F604FB0CFC16EB074642EB1742F3
:1020100016EB0C4642EB1C421BEB060658EB020289
:10202000414146EA9E0601D5BDE80189B6195241F3
:1020300041EB0101A3F10103BDE801894FEA144519
:102040004FEA114724EA054621EA074C05FB07F44D
:1020500006FB07F70CFB06F105FB0CFC11EB074137
:1020600044EB17444FEA124711EB0C4144EB1C447C
:1020700022EA074C05FB07F206FB07F70CFB06F606
:1020800005FB0CFC16EB074642EB174216EB0C4621
:1020900042EB1C456A1854F1000148BF7047B6195D
:1020A000524141EB0101A3F10103704795F0000F8C
:1020B00037D04FEA11424FEA144721EA024624EA98
:1020C000074C02FB07F106FB07F70CFB06F402FBCB
:1020D0000CFC14EB074441EB17414FEA154714EB96
:1020E0000C4441EB1C4125EA074C02FB07F506FBBB
:1020F00007F70CFB06F602FB0CFC16EB074645EB5C
:10210000174516EB0C4645EB1C42121951F1000124
:1021100048BF7047B619524141EB0101A3F10103D9
:1021200070474FEA14454FEA114724EA054621EA71
:10213000074C05FB07F106FB07F70CFB06F24FF017
:10214000000605FB0CFC12EB074241EB174112EBBA
:102150000C4251EB1C4148BF7047921841EB010102
:10216000A3F101037047FEE710B5446A204600F072
:10217000E1F90120207110BD10B5446A204600F03D
:1021800066F90120207110BD10B5446A206940F045
:1021900004002061204600F0FDF90120207110BDEF
:1021A00010B5446A206940F004002061204600F028
:1021B00050F90120207110BD10B5406A00F0D2F92D
:1021C00010BD10B5406A00F043F910BD014800F0A1
:1021D00057BC000024030020014800F051BC00005F
:1021E0002001002030B590F840500124AC40C56B70
:1021F0006C60046863604368102B036803D09960C7
:102200000068C26030BD9A600068C16030BD10B522
:1022100010B109B100230BE04FF0FF3010BD31F8D1
:10222000134004F5004444F30B1420F813405B1CE6
:102230009342F4DB104610BD7047000072B602A155
:10224000054805F0BDF8FAE74572726F72204861E3
:102250006E646C6572000000DC020020002200F059
:1022600001B8000030B50E4B054601205C7A012C08
:1022700015D8587A00241C54587A03EB8000456026
:102280005D7A03F108002A54587A421C5A723030A1
:1022900008703A2048702F208870CC70002030BD24
:1022A000C0630020002100F001B800000B4910B508
:1022B00002464B7A0120002B0FD01278303AD2B26E
:1022C00001EB82035C68002C07D000200A445860B0
:1022D0001072487A401E4872002010BDC063002072
:1022E000F0B52E4885B0816941F4805181618169E2
:1022F00001F480510491816941F004018161816997
:1023000001F004010491816941F04001816180691B
:10231000012600F040000490032020240227CDE98C
:1023200002601F4DCDE900476946284600F00AFECD
:10233000802000906946284600F004FE6946284641
:10234000009400F0FFFDE00000906946284600F090
:10235000F9FD0025CDE900656946124800F0F2FD5F
:10236000124C114820601020A560E0610720C4E9EC
:102370000A50C4E90357256270026562C4E905602A
:102380004FF482706060204601F04EFD20680168C5
:1023900041F04001016005B0F0BD000000100240B6
:1023A000000801400018014000300140285A002078
:1023B00010B5002002F052FF02F0A6FF0B4803F018
:1023C000B1FB4FF6FF711F2003F0A6FB0848002168
:1023D000038808480288084602F058FE03F096FB7E
:1023E000C088BDE8104004A102F09EBEDC000020C1
:1023F000D0000020CE0000202020202020202020FF
:10240000426C65417564696F5F44656D6F20202083
:10241000202020202020000008B50020441E250C8C
:10242000009023466A462946002009F017FE00283E
:10243000F7D00098012807D0022801D00428F0D155
:10244000C0B203F099FDECE703F0D8FDE9E770476F
:10245000704770472DE9F04116460D46040049D0FB
:10246000002D47D02868A0B1042812D00C2810D025
:1024700014280ED01C280CD024280AD02C2808D0D0
:10248000342806D03C2804D040F2F1311BA005F0DE
:1024900083FD686830B1022804D040F2F23117A001
:1024A00005F07AFD36B1102E04D040F2F33113A0BE
:1024B00005F072FD607901281ED0012767710220A6
:1024C00020712368186806F0100240F6FE719140F2
:1024D0008843D5E9001529439140014319602068DC
:1024E0000168C02393409943016027710020607107
:1024F000BDE8F0810120FBE70220F9E72E2E2F44F2
:102500007269766572732F53544D33324631787841
:102510005F48414C5F4472697665722F5372632F36
:1025200073746D3332663178785F68616C5F6461B3
:10253000632E630008B500200090084869460068D3
:1025400008F0F0FD0098012806D105490007086051
:10255000BFF34F8FBFF36F8F08BD0000180000203E
:1025600004ED00E008B500200090084869460068C6
:1025700008F0D8FD0098012806D105490007086039
:10258000BFF34F8FBFF36F8F08BD0000180000200E
:1025900004ED00E00421014800F0A6BE0010014057
:1025A00070B504000CD00D492068884204D040F278
:1025B0002B110BA005F0F0FC2079002510B105E0EF
:1025C000012070BD6571204600F026F802202071C0
:1025D000256101202071002070BD000000740040C2
:1025E0002E2E2F447269766572732F53544D3332F9
:1025F000463178785F48414C5F4472697665722F46
:102600005372632F73746D3332663178785F68610B
:102610006C5F6461632E6300F0B585B000260546EB
:10262000009601960296039600681A4988422ED1B8
:102630001949C86940F00050C861C86900F00050ED
:102640000490886940F0040088618869102700F0D0
:10265000040004900320CDE9007069460F4800F0A3
:1026600071FC104C0E48C4E900078020C4E90260E8
:1026700040002061800060612020C4E906062046F9
:1026800000F022FB08B1FFF7D9FDAC60656205B030
:10269000F0BD00000074004000100240000801403E
:1026A000300402402001002070B50D46040027D000
:1026B00035B1102D04D04FF4E87118A005F06CFC72
:1026C000607901281ED001206071022121712168EA
:1026D0000E6805F0100200FA02F31E430E60216836
:1026E00095B10B6803F470153C2393409D4203D1D0
:1026F0004A6842F002024A6020710020607170BD99
:10270000012070BD022070BD0A68C2F383020F2A47
:10271000F2D14A6842F00102EDE700002E2E2F446C
:102720007269766572732F53544D3332463178781F
:102730005F48414C5F4472697665722F5372632F14
:1027400073746D3332663178785F68616C5F646191
:10275000632E63002DE9F0479946089F90460D4689
:1027600004002DD035B1102D04D040F2372130A017
:1027700005F012FC47B1042F06D0082F04D04FF407
:102780000E712BA005F008FC607901281BD00126F2
:10279000667102202071C5B1E16833488862E16842
:1027A0003248C862E168324808632068016841F035
:1027B000805101601FB32268042F23D01C3222E015
:1027C0000120BDE8F0870220FBE7A1682948886264
:1027D000A1682948C862A168284808632068016880
:1027E00041F48051016027B12268042F04D01032D7
:1027F00003E02268083200E00C32A06804E022689E
:10280000143200E01832E0684B46414600F034FBD9
:102810000021617120B1216941F004012161D0E7FB
:1028200021680A6805F010039E4032430A60C8E739
:102830002E2E2F447269766572732F53544D3332A6
:10284000463178785F48414C5F4472697665722FF3
:102850005372632F73746D3332663178785F6861B9
:102860006C5F6461632E630079210008C321000856
:10287000A121000869210008B92100088921000868
:1028800070B50D4604001ED035B1102D04D040F2B5
:10289000BB210FA005F080FB2068026805F0100145
:1028A0004FF480538B409A430260206802680126EF
:1028B00006FA01F18A4302603DB1E06800F024F8B5
:1028C0002671002070BD012070BDA068F6E70000F1
:1028D0002E2E2F447269766572732F53544D333206
:1028E000463178785F48414C5F4472697665722F53
:1028F0005372632F73746D3332663178785F686119
:102900006C5F6461632E630010B590F821100022A3
:10291000022905D00421816380F82020012010BD08
:1029200001680B6823F00E030B6001680B6823F04D
:1029300001030B6090F84030C46B012101FA03F3EE
:10294000636080F8211080F82020104610BD000040
:102950002DE9F05F90F821100024022903D0042112
:102960008163012485E001680A6822F00E020A6092
:1029700001680A6822F001020A603F4E3E4FB2151C
:10298000DFF8F4C0DFF8F090DFF8ECA0DFF8E8B093
:10299000DFF8E4E00168783F13011502ACF1640C44
:1029A000A9F15009AAF13C0AABF1280BAEF1140EC3
:1029B0004FF48018B14227D9B9420ED0614512D0E8
:1029C00049451DD0514518D0594518D0714501D100
:1029D000424615E0294EB14201D1012210E0274EB6
:1029E0001436B14201D110220AE0244E2836B142F9
:1029F00006D0224A3C32914201D11A4600E02A46D2
:102A00001E49091F0A602BE0B94213D0614517D057
:102A1000494522D051451DD059451DD0714501D1A0
:102A200042461AE0B14202D14FF0807215E0134ED7
:102A3000B14201D1012210E0104E1436B14201D151
:102A400010220AE00D4E2836B14206D00B4A3C3225
:102A5000914201D11A4600E02A46074980394A606E
:102A6000012180F82110002180F82010416B01B174
:102A700088472046BDE8F09F8000024008040240DD
:102A80002DE9F05FC16B0A6801680B68046C4FF0B8
:102A9000040808FA04F8844D844E854FDFF814C208
:102AA000DFF81492DFF814A2DFF814B2DFF814E2B2
:102AB00018EA020F65D05FEA437862D50A68920689
:102AC00003D40A6822F004020A60DFF8F0814FF4B0
:102AD0008062016808F1140813011402414524D9E9
:102AE000A9420DD0B1420FD0B9421AD0614515D0DC
:102AF000494515D0514501D1120312E0594501D184
:102B000004220EE0714501D140220AE06D4D1435DA
:102B1000A94206D06B4A2832914201D11A4600E000
:102B200022466749091F0A6029E0A94213D0B14231
:102B300015D0B94220D061451BD049451BD0514525
:102B400002D14FF4800217E0414502D14FF080627C
:102B500012E0594501D104220EE0714501D1402215
:102B60000AE0584D1435A94206D0564A28329142FF
:102B700001D11A4600E022464B4908394A60C16A31
:102B800071E04FF0020808FA04F818EA020F70D05A
:102B90005FEA83786DD50A68920606D40A6822F047
:102BA0000A020A60012180F82110DFF810814FF439
:102BB0000072016808F1140813011402414524D978
:102BC000A9420DD0B1420FD0B9421AD0614515D0FB
:102BD000494515D0514501D1120312E0594501D1A3
:102BE00002220EE0714501D120220AE0354D143554
:102BF000A94206D0334A2832914201D11A4600E058
:102C000022462F49091F0A6029E0A94213D0B14288
:102C100015D0B94220D061451BD049451BD0514544
:102C200002D14FF4001217E0414502D14FF000727B
:102C300012E0594501D102220EE0714501D1202256
:102C40000AE0204D1435A94206D01E4A283291428E
:102C500001D11A4600E02246134908394A60002192
:102C600080F82010816A00291CD0BDE8F05F084779
:102C7000FFE70825A540154214D01A0712D50A68A7
:102C800022F00E020A6090F84020C36B012101FA85
:102C900002F25A60816380F82110002180F8201030
:102CA000016BE0E7BDE8F09F080002401C00024015
:102CB0003000024044000240580002406C000240D4
:102CC000080402401C04024070B504007ED05A493A
:102CD00020685A4D88422DD057491431884229D056
:102CE00055492831884225D053493C31884221D06A
:102CF0005149503188421DD04F496431884219D022
:102D00004D497831884215D0A84213D04B4914312F
:102D100088420FD04949283188420BD047493C317D
:102D2000884207D045495031884203D0992144A0B8
:102D300005F032F9606840B1102806D0B0F5804F38
:102D400003D09A213EA005F027F9A068402804D0BE
:102D500018B19B213AA005F01FF9E068802804D043
:102D600018B19C2136A005F017F9206948B1B0F5DB
:102D7000807F06D0B0F5007F03D09D2130A005F004
:102D80000BF9606948B1B0F5806F06D0B0F5006FFF
:102D900003D09E212AA005F0FFF8A06928B12028C1
:102DA00003D09F2126A005F0F7F8E06960B1B0F5E7
:102DB000805F09D0B0F5005F06D0B0F5405F03D06A
:102DC000A0211FA005F0E8F8142000E00CE0216825
:102DD000A9420BD2184A52420A44B2FBF0F08000DA
:102DE0002064154808380AE0012070BD134A524299
:102DF0000A44B2FBF0F08000206410480838E06319
:102E0000022084F821000A6843F6F0708243F4E956
:102E100001031843D4E902352B43184323691843AF
:102E200063691843A3691843104308600020606376
:102E300001216177207770BD08000240080402403C
:102E40002E2E2F447269766572732F53544D333290
:102E5000463178785F48414C5F4472697665722FDD
:102E60005372632F73746D3332663178785F6861A3
:102E70006C5F646D612E63002DE9F0418846044665
:102E80000025581E4FF6FF711E461746884204D390
:102E90004FF4B7711DA005F07FF894F820000128C9
:102EA0000DD0012084F8200094F821100020012981
:102EB00007D084F8200002252846BDE8F0810220D2
:102EC000FBE7022184F82110A0632068016821F04B
:102ED0000101016033463A4641462046FFF782F938
:102EE000E06A00282068016802D041F00E0106E087
:102EF00021F0040101602068016841F00A010160CD
:102F00002068016841F001010160D5E72E2E2F44B1
:102F10007269766572732F53544D33324631787827
:102F20005F48414C5F4472697665722F5372632F1C
:102F300073746D3332663178785F68616C5F646D8D
:102F4000612E63002DE9F84F0027DFF8BCA2DFF8FF
:102F5000BCB20D460446B946504514D05C4512D06B
:102F6000AB4884420FD0AB4884420CD0AA4884427C
:102F700009D0AA48844206D0A948844203D0BD2182
:102F8000A8A005F009F828680104090C01D0000C7C
:102F900003D0BE21A3A004F0FFFF686800281FD063
:102FA0000128FCD01128FAD00228F8D01228F6D037
:102FB000AB498842F3D0AB498842F0D0AA49884255
:102FC000EDD0AA498842EAD0A9498842E7D0A94968
:102FD0008842E4D00328E2D0BF2192A004F0DCFFB5
:102FE0000BE1012000FA07F801EA0806464574D112
:102FF000544514D05C4512D0854884420FD0854892
:1030000084420CD08448844209D08448844206D04B
:103010008348844203D0CD2182A004F0BDFF9048B4
:1030200069680A1A814259D00EDC032975D006DC82
:10303000002953D0012919D0022969D131E0112981
:1030400021D0122964D13AE0B2F5881F46D006DCBF
:10305000B2F5803F42D0B2F5801F59D13EE0B2F5C3
:10306000001F3BD0B2F5041F52D137E0E8680228B8
:1030700007D0012805D0032803D0D52169A004F08A
:103080008BFFE8683EE0E868022807D0012805D0F9
:10309000032803D0DC2163A004F07EFFE868001D54
:1030A00030E0E868022807D0012805D0032803D0C3
:1030B000E3215CA004F070FFE868083022E0E868D3
:1030C000022807D0012805D0032803D0EA2155A003
:1030D00004F062FFE8680C3014E08DE0A86880B16D
:1030E000012811D0022807D0F7214EA004F054FF88
:1030F000A86830B1012807D04FF00809C4F814803F
:1031000006E00420814603E04FF00809C4F810806F
:10311000FF2E05D8224605E0FFE74FF00000F1E75B
:1031200004F104024FEA870001D9A0F120001368DE
:103130004FF00F0101FA00FC23EA0C0309FA00FC2E
:1031400043EA0C0313606868C00055D54A48826999
:1031500042F001028261806927F0030200F0010061
:103160000090464813189868BA07120F9140884398
:10317000544501D1002118E05C4501D1012114E042
:1031800023498C4201D102210FE022498C4201D116
:1031900003210AE020498C4201D1042105E01F49A6
:1031A0008C4201D1052100E0062191400143996044
:1031B0006868C0023248016801D5314300E0B1437C
:1031C0000160686880022F48016801D5314300E042
:1031D000B1430160686880032B48016801D5314321
:1031E00000E0B14301606868C0032848016801D568
:1031F000314300E0B14301607F1C2E683146FE4040
:103200007FF4EFAEBDE8F88F00080140000C0140EC
:10321000001001400014014000180140001C014052
:10322000002001402E2E2F447269766572732F5351
:10323000544D3332463178785F48414C5F4472696F
:103240007665722F5372632F73746D3332663178E3
:10325000785F68616C5F6770696F2E6300000000C3
:1032600000001110000021100000311000001210A9
:103270000000221000003210001002400000014047
:10328000080401400C040140040401400004014012
:1032900070B50C00054604D14FF4DA7103A004F0B8
:1032A0007BFEA868204000D0012070BD2E2E2F4448
:1032B0007269766572732F53544D33324631787884
:1032C0005F48414C5F4472697665722F5372632F79
:1032D00073746D3332663178785F68616C5F6770E4
:1032E000696F2E630000000070B50C00054604D124
:1032F0004FF4F67105A004F04FFEE96824EA0100DE
:10330000214040EA0140286170BD00002E2E2F446C
:103310007269766572732F53544D33324631787823
:103320005F48414C5F4472697665722F5372632F18
:1033300073746D3332663178785F68616C5F677083
:10334000696F2E630000000070B515460C0006463C
:1033500004D14FF4EA7108A004F01EFE45B1012D1E
:1033600004D040F2D51104A004F016FE346170BD03
:103370002004306170BD00002E2E2F4472697665E6
:1033800072732F53544D3332463178785F48414C35
:103390005F4472697665722F5372632F73746D3355
:1033A00032663178785F68616C5F6770696F2E6331
:1033B0000000000001488068704700001C000020E9
:1033C0000248816802781144816070471C00002027
:1033D000074810B5016841F010010160032000F0BA
:1033E000F5F80F2000F006F800F04AF8002010BDB4
:1033F0000020024030B505461C4887B0816941F481
:1034000000618161806906A900F40060009001A854
:1034100000F032FA00F08AFA1549164AB0FBF1F1D1
:103420001548491E0260416040F2E7320021C0E9C0
:1034300003218160816100F0EDFE040012D10E488D
:1034400001F04EF804000DD1192000F03DF8102DC8
:1034500007D200222946192000F068F807480560C5
:1034600000E0012407B0204630BD000000100240FB
:1034700040420F00002C0140680300202000002083
:103480000F4808B5816941F001018161816901F04E
:1034900001010091C16941F08051C161C069002200
:1034A00000F0805000900F21901E00F03FF805487A
:1034B000416821F0E06141F00071416008BD000009
:1034C000001002400000014010B5040003D5BD21EA
:1034D00007A004F061FD002C09DB04F01F010120AE
:1034E00088406109890001F1E021C1F8000110BDA7
:1034F0002E2E2F447269766572732F53544D3332DA
:10350000463178785F48414C5F4472697665722F26
:103510005372632F73746D3332663178785F6861EC
:103520006C5F636F727465782E63000070B515462A
:103530000C460646102A03D3A92114A004F02CFD42
:10354000102C03D3AA2111A004F026FD1E48006808
:10355000C0F30223C3F107022046042A00D9042243
:10356000191D072901D2002300E0DB1E012404FA03
:1035700002F1491E014099409C40641E2C402143A9
:103580003046BDE8704004F0EFBC00002E2E2F4402
:103590007269766572732F53544D333246317878A1
:1035A0005F48414C5F4472697665722F5372632F96
:1035B00073746D3332663178785F68616C5F636F06
:1035C000727465782E6300000CED00E010B50446BF
:1035D00007280BD0062C09D0052C07D0042C05D0C9
:1035E000032C03D0912108A004F0D6FC154904F067
:1035F000070208684FF6FF03184040EA0220124A0B
:103600001043086010BD00002E2E2F4472697665AD
:1036100072732F53544D3332463178785F48414CA2
:103620005F4472697665722F5372632F73746D33C2
:1036300032663178785F68616C5F636F7274657849
:103640002E6300000CED00E00000FA052DE9F047C4
:103650000F46050078D02868C1070AD1810708D431
:10366000410706D4000704D440F236316FA004F0BD
:1036700093FC47B1012F06D0022F04D040F237311E
:103680006AA004F089FC774E306800F00700B84269
:1036900009D2306820F0070038433060306800F00D
:1036A0000700B84277D128686F4C810729D54007B9
:1036B00003D5606840F4E06060602878000703D5B7
:1036C000606840F460506060A868A0B1802812D0A3
:1036D000902810D0A0280ED0B0280CD0C0280AD036
:1036E000D02808D0E02806D0F02804D040F25D3180
:1036F0004EA004F051FC6068A96820F0F000084377
:1037000060602878C00737D0686868B101281CD08D
:1037100002281DD04FF4597144A004F03DFC6868A4
:10372000012812D0022813D020688007002832DA3E
:103730006068696820F0030008436060FFF73AFEA4
:10374000804641F2883910E025E020688003EDE7EB
:1037500020688001EAE700BFFFF72CFEA0EB08011C
:10376000494502D90320BDE8F0876068696800F028
:103770000C00B0EB810FEFD1306800F00700B842C9
:103780000BD9306820F0070038433060306800F013
:103790000700B84201D00120E5E728784FF48066A1
:1037A00040074FF4A0674FF4C0684FF4E06914D5A8
:1037B000E86860B1B0420AD0B84208D0404506D0AF
:1037C000484504D040F2A23118A004F0E5FB60683F
:1037D000E96820F4E060084360602878000715D5A8
:1037E000286960B1B0420AD0B84208D0404506D03E
:1037F000484504D040F2A9310CA004F0CDFB60682C
:10380000296920F4605040EAC100606000F09EF831
:103810006168164AC1F30311515CC840144908603D
:1038200014480068FFF7E6FD00209CE72E2E2F4489
:103830007269766572732F53544D333246317878FE
:103840005F48414C5F4472697665722F5372632FF3
:1038500073746D3332663178785F68616C5F726360
:10386000632E6300002002400010024076C400086E
:10387000280000202000002070B50D46040004D16F
:1038800040F2215111A004F087FB25B940F22251EA
:103890000EA004F081FB0F2020601A48416801F05F
:1038A00003016160416801F0F001A160416801F429
:1038B000E061E16040684FF4E06101EAD00020611E
:1038C0001148006800F00700286070BD2E2E2F44BC
:1038D0007269766572732F53544D3332463178785E
:1038E0005F48414C5F4472697665722F5372632F53
:1038F00073746D3332663178785F68616C5F7263C0
:10390000632E630000100240002002400448054975
:1039100000684968044AC1F30221515CC8407047FD
:10392000280000200010024086C400080448054911
:1039300000684968044AC1F3C221515CC84070471D
:10394000280000200010024086C400080E4A51687A
:103950000E4801F00C03042B11D0082B0FD10C489A
:10396000C1F38343C903C05C0AD55168084AC1F357
:103970004041921E515C054A5043B0FBF1F0704744
:1039800004494843704700000010024000127A00CA
:1039900066C4000800093D002DE9F84F04007DD001
:1039A000FA4EFB4D20684FF0010A4FF000084FF42B
:1039B000803960B1C1070DD1810762D401076ED48F
:1039C00040076DD440F26511F2A004F0E5FA2078CA
:1039D000C00753D060684FF4A02740B1484506D0D7
:1039E000B84204D040F26B11EAA004F0D5FA68683E
:1039F000C0F38100012807D06868C0F38100022865
:103A000009D16868C00306D52868800336D5606888
:103A10000028C4D032E06068484503D1286840F4EB
:103A2000803009E008B1B8420DD0286820F4803019
:103A30002860286820F480202860606888B1FFF73B
:103A4000B9FC074609E0286840F480202860E5E7D3
:103A5000FFF7B0FCC01B642877D828688003F7D52F
:103A60000CE0FFF7A7FC074605E000BFFFF7A2FC4C
:103A7000C01B6428F0D828688003F7D4207880071A
:103A80004ED5206930B1012804D040F29F11C1A069
:103A900004F082FA60691F2808D902E096E042E04B
:103AA0007BE04FF4D071BBA004F076FA686810F0A8
:103AB0000C0F07D06868C0F38100022809D168683C
:103AC000C00306D42868800714D5206901287DD159
:103AD00010E02069B0B1C6F800A0FFF76BFC074604
:103AE00005E000BFFFF766FCC01B0228B4D82868B9
:103AF0008007F7D52868616920F0F80040EAC10026
:103B000028600DE0C6F80080FFF754FC074604E08B
:103B1000FFF750FCC01B02289ED828688007F7D406
:103B20002078000736D5A94FA06920B3012806D018
:103B30004FF4F07197A004F02FFAA069D8B1C7F83C
:103B400000A0FFF737FC074605E054E1FFF732FC21
:103B5000C01B02288ED8686A8007F7D59C484FF4AE
:103B6000FA510068B0FBF1F0009000BF0098411ED0
:103B70000091FAD20EE0C7F80080FFF71BFC074661
:103B800005E000BFFFF716FCC01B0228AED8686A2C
:103B90008007F7D4207840076ED5E068002740B151
:103BA000012806D0052804D040F20F2179A004F0A6
:103BB000F3F9E869C00008D4E86940F08050E86192
:103BC000E869012700F08050009000E027E181487B
:103BD0000168C90512D4016841F480710160FFF7E2
:103BE000E9FB834606E000BFFFF7E4FBA0EB0B0018
:103BF000642891D877480068C005F5D5E0680128A9
:103C00000AD008B1052811D0286A20F001002862E6
:103C1000286A20F0040002E0286A40F001002862CF
:103C2000E068A8B1FFF7C6FB83460DE0286A40F0C4
:103C300004002862F0E700BFFFF7BCFBA0EB0B011C
:103C400041F28830814285D8286A8007F4D50EE099
:103C5000FFF7B0FB834607E0FFF7ACFBA0EB0B01DF
:103C600041F28830814291D8286A8007F4D41FB18C
:103C7000E86920F08050E861E06900287ED00128E2
:103C800009D0022807D040F2AD2142A004F084F907
:103C9000E069002872D06868C0F381000228E069FA
:103CA0006DD0022805D0C6F86080FFF783FB04467C
:103CB000A4E0206A30B1484504D040F2B62135A0D6
:103CC00004F06AF9606A70B3B0F5802F2BD0B0F5BC
:103CD000002F28D0B0F5402F25D0B0F5801F22D07E
:103CE000B0F5A01F1FD0B0F5C01F1CD0B0F5E01F6D
:103CF00019D0B0F5001F16D0B0F5101F13D0B0F5D5
:103D0000201F10D0B0F5301F0DD0B0F5401F0AD0E5
:103D1000B0F5501F07D0B0F5601F04D040F2B721B6
:103D20001CA004F039F9C6F86080FFF743FB074692
:103D300005E000BFFFF73EFBC01B02285BD82868E8
:103D40008001F7D4206A48450FD1A06838B1B0F59A
:103D5000003F04D040F2CD210EA004F01DF96868A8
:103D6000A16820F4003008436860D4E908010843E2
:103D7000696821F474110843686001E051E041E092
:103D8000C6F860A0FFF716FB04462AE00000424296
:103D9000001002402E2E2F447269766572732F53E5
:103DA000544D3332463178785F48414C5F447269F4
:103DB0007665722F5372632F73746D333266317868
:103DC000785F68616C5F7263632E630080044242B7
:103DD0002800002000700040FFF7ECFA001B0228CA
:103DE00009D828688001F7D51BE000BFFFF7E2FA89
:103DF000001B022802D90320BDE8F88F2868800143
:103E0000F4D40EE00128F7D06868226A00F480310B
:103E1000914204D1616A00F47010884201D00120FF
:103E2000EAE70020E8E7000070B504007ED07C4996
:103E3000206888420AD07B49884207D07A49884264
:103E400004D04FF4AB7179A004F0A6F860684FF489
:103E5000827630B1B04204D040F2571173A004F022
:103E60009BF8A06850B1B0F5806F07D0B0F5004F57
:103E700004D04FF4AC716DA004F08EF8E068B0F59A
:103E8000006F05D020B140F2591168A004F084F809
:103E9000A069B0F5007F08D038B1B0F5802F04D00C
:103EA0004FF4AD7161A004F077F8E06990B1082893
:103EB00010D010280ED018280CD020280AD028287E
:103EC00008D0302806D0382804D040F25B1157A023
:103ED00004F062F8206A30B1802804D04FF4AE714B
:103EE00052A004F059F8606A002538B340F25F111F
:103EF0004EA004F051F8606A00B3E06990B1082860
:103F000010D010280ED018280CD020280AD028282D
:103F100008D0302806D0382804D040F2711143A0D0
:103F200004F03AF825616561A56200E004E094F8C8
:103F30005100002830D034E0012070BD206930B13C
:103F4000022804D04FF4B17138A004F025F860695C
:103F500030B1012804D040F2631134A004F01CF801
:103F60006068B04216D1E0690028DDD00828DBD0B7
:103F70001028D9D01828D7D02028D5D02828D3D099
:103F80003028D1D03828CFD040F2671127A004F0D4
:103F900003F8C9E7E561C7E784F85050204600F010
:103FA00061F8022084F851002068016821F0400186
:103FB0000160A088218900F4827001F40441084363
:103FC000A18901F400610843217C01F0020108434A
:103FD000217D01F001010843218B01F400710843A8
:103FE000217F01F03801084394F8201001F080018E
:103FF0000843218D01F40051084321680860A0693D
:10400000042101EA1040216848602068C16921F458
:104010000061C1616565012084F85100002070BD18
:104020000030014000380040003C00402E2E2F445C
:104030007269766572732F53544D333246317878F6
:104040005F48414C5F4472697665722F5372632FEB
:1040500073746D3332663178785F68616C5F73704A
:10406000692E630030B585B0002400940194029459
:10407000039400681449884223D11448816941F4AB
:1040800080518161816901F480510491816941F01D
:104090000401816180690E4D00F004000490A020AD
:1040A0000090022001900320039069462846FEF705
:1040B00049FF4020CDE90004694628460294FEF7F6
:1040C00041FF05B030BD000000300140001002404B
:1040D00000080140704770472DE9F05F0446006812
:1040E000364E374FDFF8DC80DFF8DC90DFF8DCA0FD
:1040F0000D464FF0804BB04214D0B84212D0584514
:1041000010D040450ED048450CD050450AD030491B
:10411000884207D02F49884204D040F2B4712EA0C3
:1041200003F03AFF286890B1102810D020280ED054
:1041300030280CD040280AD0502808D0602806D05B
:10414000702804D040F2B57123A003F025FF686801
:10415000802805D020B140F2B6711FA003F01CFFEB
:1041600094F83C00012827D0012284F83C2002204A
:1041700084F83D00216848688B6820F0700C28683E
:1041800040EA0C0048602068B04209D0B84207D02D
:10419000584505D0404503D0484501D0504504D18D
:1041A000696823F080031943816084F83D20002072
:1041B00084F83C00BDE8F09F0220FBE7002C0140A2
:1041C000003401400004004000080040000C0040A2
:1041D00000100040001400402E2E2F4472697665B6
:1041E00072732F53544D3332463178785F48414CC7
:1041F0005F4472697665722F5372632F73746D33E7
:1042000032663178785F68616C5F74696D5F65787C
:104210002E63000010B5040051D03C49206888424C
:1042200019D03B49884216D0B0F1804F13D039499C
:10423000884210D0384988420DD0384988420AD087
:104240003749884207D03749884204D040F21311D9
:1042500035A003F0A1FEA06860B110280AD0202884
:1042600008D0402806D0602804D04FF48A712EA0D0
:1042700003F092FE206950B1B0F5807F07D0B0F511
:10428000007F04D040F2151127A003F085FEE068FE
:104290004FF6FE71401E884204D94FF48B7122A064
:1042A00003F07AFEA06930B1802804D040F21711E3
:1042B0001DA003F071FE94F83D0010B107E001204D
:1042C00010BD002084F83C00204600F049F8022090
:1042D00084F83D00211D206802F0ACFD012084F827
:1042E000460084F83E0084F83F0084F8400084F8DB
:1042F000410084F8420084F8430084F8440084F8C4
:10430000450084F83D00002010BD0000002C014055
:10431000003401400004004000080040000C004050
:1043200000100040001400402E2E2F447269766564
:1043300072732F53544D3332463178785F48414C75
:104340005F4472697665722F5372632F73746D3395
:1043500032663178785F68616C5F74696D2E6300D6
:1043600008B501682248B1F1804F0BD0214A914233
:1043700017D1C16941F00401C161C06900F00400B6
:10438000009008BDC16941F00101C161C06900220E
:1043900000F00100009005211C20FFF7C7F81C2049
:1043A00022E0154A91420ED1C16941F01001C1616C
:1043B000C069002200F01000009005213620FFF7B0
:1043C000B5F8362010E00D4A9142DAD1C16941F0CA
:1043D0002001C161C069002200F020000090052189
:1043E0003720FFF7A3F83720BDE80840FFF76CB887
:1043F000001002400008004000100040001400407F
:104400002DE9F04707460068204C214D214EDFF88A
:104410008880DFF888904FF0804AA04214D0A842EC
:1044200012D0504510D0B0420ED040450CD0484577
:104430000AD01B49884207D01A49884204D040F26A
:10444000951119A003F0A8FD97F83D00012802D0AE
:104450000120BDE8F087022087F83D003868A042BF
:1044600009D0A84207D0504505D0B04203D04045FE
:1044700001D0484504D1816801F00701062903D025
:10448000016841F0010101600020E2E7002C0140D9
:10449000003401400004004000080040000C0040CF
:1044A00000100040001400402E2E2F4472697665E3
:1044B00072732F53544D3332463178785F48414CF4
:1044C0005F4472697665722F5372632F73746D3314
:1044D00032663178785F68616C5F74696D2E630055
:1044E0002DE9F04707460068234C244D244EDFF8A1
:1044F0009480DFF894904FF0804AA04214D0A842F4
:1045000012D0504510D0B0420ED040450CD0484596
:104510000AD01E49884207D01D49884204D04FF472
:10452000E8711CA003F038FD97F83D00012802D087
:104530000120BDE8F087022087F83D003868C16897
:1045400041F00101C1603868A04209D0A84207D0FB
:10455000504505D0B04203D0404501D0484504D174
:10456000816801F00701062903D0016841F00101CB
:1045700001600020DDE70000002C01400034014014
:104580000004004000080040000C00400010004003
:10459000001400402E2E2F447269766572732F53DB
:1045A000544D3332463178785F48414C5F447269EC
:1045B0007665722F5372632F73746D333266317860
:1045C000785F68616C5F74696D2E63002DE9F05F40
:1045D000054690F83C000C464FF0000B01283ED0F9
:1045E000012085F83C00022085F83D0020684FF44A
:1045F00080594FF4005A484515D0702813D05045C3
:1046000011D040280FD050280DD060280BD050B1C9
:10461000102808D0202806D0302804D041F2BE410E
:10462000BDA003F0B9FC2968886820F0770020F469
:104630007F4088602068C649C64AC74BC74EC84FEE
:104640004FF0804C4FF40048502872D00FDC2028E7
:1046500004D007DC0028FBD010286BD13CE10220FD
:10466000BDE8F09F3028F9D04028F6D105E1602858
:104670007DD070285FD0484542D05045EDD12868A4
:1046800088420ED090420CD060450AD0984208D0A3
:10469000B04206D0B84204D041F2E9419EA003F0F6
:1046A0007BFCA06858B1484509D0504507D0B0F50B
:1046B000405F04D041F2EC4197A003F06DFC6068CC
:1046C000404509D040B1022806D00A2804D041F262
:1046D000ED4191A003F060FCE0680F2804D941F29D
:1046E000EE418DA003F058FCD4E90121E36828686D
:1046F00002F0E6FB2868816841F48041816002E1B4
:1047000028688842FBD09042F9D06045F7D09842A3
:10471000F5D0B042F3D0B842F1D092498842EED001
:1047200091498842EBD041F2CA417BA003F034FCAE
:10473000E9E042E0E5E0286888420ED090420CD0E3
:1047400060450AD0984208D0B04206D0B84204D0A2
:1047500041F2D14170A003F01FFCA06868B1484548
:104760000BD0504509D0B0F5405F06D000E053E0D3
:1047700041F2D44168A003F00FFC6068404509D0C5
:1047800040B1022806D00A2804D041F2D54162A0E7
:1047900003F002FCE0680F2804D941F2D6415EA084
:1047A00003F0FAFBD4E90121E368286802F088FBF2
:1047B0002868816841F07701A0E7286888420ED018
:1047C00090420CD060450AD0984208D0B04206D042
:1047D000B84204D041F2FD414FA003F0DDFB606818
:1047E000404509D040B1022806D00A2804D04FF431
:1047F000A85149A003F0D0FBE0680F2804D941F28A
:10480000015145A003F0C8FBE2686168286802F026
:1048100069FB502128682DE0286888420ED090421C
:104820000CD060450AD0984208D0B04206D0B842B9
:1048300004D041F20D5138A003F0AEFB6068404552
:1048400009D040B1022806D00A2804D041F2105104
:1048500031A003F0A1FBE0680F2804D941F2115107
:104860002DA003F099FBE2686168286802F04BFB19
:104870006021286802F02EFB45E0286888420ED0AF
:1048800090420CD060450AD0984208D0B04206D081
:10489000B84204D041F21D511FA003F07DFB6068B7
:1048A000404509D040B1022806D00A2804D04FF470
:1048B000A95119A003F070FBE0680F2804D941F258
:1048C000215115A003F068FBE2686168286802F0D6
:1048D00009FB40212868CDE7286888420ED0904225
:1048E0000CD060450AD0984208D0B04206D0B842F9
:1048F00004D041F2305108A003F04EFB2168286833
:10490000B8E74FF0010B012085F83D00002085F845
:104910003C005846A4E600002E2E2F4472697665AE
:1049200072732F53544D3332463178785F48414C7F
:104930005F4472697665722F5372632F73746D339F
:1049400032663178785F68616C5F74696D2E6300E0
:10495000002C0140003401400004004000080040E9
:10496000000C00400010004000140040704770B57B
:104970000446006801694FF00005C943890715D452
:10498000C168C943890711D4E91E0161012020775C
:10499000206880698007204602D0FFF7E7FF04E027
:1049A00000F098F8204600F096F825772068016915
:1049B000C943490717D4C168C943490713D46FF0E5
:1049C00004010161022020772068806910F4407F93
:1049D000204602D0FFF7CAFF04E000F07BF8204633
:1049E00000F079F8257720680169C943090716D4D2
:1049F000C168C943090712D46FF00801016104209E
:104A000020772068C0698007204602D0FFF7AEFFFC
:104A100004E000F05FF8204600F05DF8257720689C
:104A20000169C943C90617D4C168C943C90613D46B
:104A30006FF010010161082020772068C06910F430
:104A4000407F204602D0FFF791FF04E000F042F8DB
:104A5000204600F040F8257720680169C943C9075E
:104A600008D1C168C943C90704D1891E0161204624
:104A700000F032F820680169C943090609D4C16809
:104A8000C943090605D46FF0800101612046FFF794
:104A900021FB20680169C943490609D4C168C9439B
:104AA000490605D46FF040010161204600F024F86A
:104AB00020680169C94389060BD4C168C9438906C6
:104AC00007D46FF0200101612046BDE87040FFF778
:104AD00002BB70BD7047704710B5044600680549B9
:104AE000884201D1FEF76CFC2046BDE8104002F080
:104AF00083BC0000002C01407047704710B504468D
:104B00000068406994F84110C0F3C010212911D108
:104B100080B12068143050E8001F21F0800140E887
:104B20000012002AF5D1A06B08B1FDF7EDFE20467A
:104B300002F0A1FA2068406994F84210C0F3801096
:104B4000222911D180B12068143050E8001F21F0D3
:104B5000400140E80012002AF5D1E06B08B1FDF7F2
:104B6000D3FE204602F060FA002010BD704700001E
:104B7000F8B5016804460868CA684B6910F00F0F61
:104B80004FF000055AD003F0010602F49077374346
:104B900065D0C10705D0D10503D5616C41F0010195
:104BA0006164410705D5D90703D0616C41F002016A
:104BB0006164810705D5D90703D0616C41F0040118
:104BC0006164010707D502F02001314303D0616C15
:104BD00041F008016164616C00293BD0800604D576
:104BE000900602D5204602F054FA20684069616CB4
:104BF000C0F3801001F00801014320462BD002F0E1
:104C000013FA20684069400621D52068143050E826
:104C1000001F21F0400140E80012002AF5D1E06BAE
:104C2000A8B16D494163E06BFDF792FE002811D0F9
:104C3000E06B416B01B0BDE8F040084783060ED53C
:104C400093060CD52046BDE8F84002F022BA204673
:104C5000FFF78CFFF8BDFFF789FF6564F8BD266B91
:104C60002023012E7CD1C6067AD5D60678D50868D1
:104C70004868009048694FF00206400640D5E16B55
:104C8000086840680004000CE8D0A28D8242E5D993
:104C9000E085886920282DD020680C3050E8001F5E
:104CA00021F4807140E80012002AF5D12168143106
:104CB00051E8000F20F0010041E80002002AF5D180
:104CC0002068143050E8001F21F0400140E8001235
:104CD000002AF5D184F84230256320680C3050E872
:104CE000001F21F0100140E80012002AF5D1E06B0E
:104CF000FDF70AFE6663A08DE18D401A81B22AE0BD
:104D0000A08DE18D401A81B2E08D0028A6D0002947
:104D1000A4D022680C3252E8000F20F4907042E8D0
:104D20000007002FF5D12068143050E8002F22F042
:104D3000010240E80027002FF5D184F842302563B6
:104D400020680C3050E8002F22F0100240E80023C9
:104D5000002BF5D166632046FFF7CFFEF8BDFFE7D5
:104D600005062BD5150629D594F841002128F5D143
:104D7000A068B0F5805F01D12069B0B1206A411C04
:104D80002162216800784860E08C401E0004000C1D
:104D9000E084E3D12068C16821F08001C16020680F
:104DA000C16841F04001C160D8E7206A0088C0F3C3
:104DB00008004860206A801C2062E5E74006CDD5E7
:104DC0005006CBD5CA68204622F04002CA6084F85B
:104DD000413000F04EF9C1E72B6F000870B50400B8
:104DE00020D0A06934490028344A354B20681BD0B4
:104DF00088420AD0904208D0984206D04FF4B7714A
:104E000030A003F0C9F8A069F8B1A069B0F5807FBF
:104E10001BD0B0F5007F18D0B0F5407F15D040F220
:104E20006F110FE0012070BD88420ED090420CD06F
:104E300098420AD03249884207D03249884204D089
:104E400040F273111FA003F0A7F8A06838B1B0F5C5
:104E5000805F04D040F275111AA003F09DF894F819
:104E60004100002520B984F84050204600F04CF85D
:104E7000242084F841002068C16821F40051C160F9
:104E8000204602F067F92068016921F49041016130
:104E90002068416921F02A0141612068C16841F41C
:104EA0000051C1606564202084F8410084F842000C
:104EB0006563002070BD00000038014000440040E0
:104EC000004800402E2E2F447269766572732F536E
:104ED000544D3332463178785F48414C5F447269B3
:104EE0007665722F5372632F73746D333266317827
:104EF000785F68616C5F756172742E6300000000FA
:104F0000004C00400050004070B586B000250646B9
:104F100000950195029503950068224988423ED18B
:104F20002149886940F480408861886900F48040A4
:104F30000490886940F00400886188691B4C00F087
:104F40000400049048150090022001900320039073
:104F500069462046FDF7F6FF2015CDE900056946B4
:104F600020460295FDF7EEFF124C1148C4E90005FA
:104F70008020C4E9025025616561A5612046E56194
:104F8000FDF7A2FE08B1FDF759F9F46300220521EF
:104F900025206662FEF7CAFA2520FEF795FA06B0CC
:104FA00070BD0000003801400010024000080140C0
:104FB000580002402403002090F84230202B01D0FA
:104FC0000220704721B11AB10023036302F068B9CF
:104FD00001207047704770472DE9F843044690F868
:104FE00041001F4616460D46202802D00220BDE88B
:104FF000F8837DB176B100206064212084F84100FF
:10500000FEF7D8F9A6848046E684A068B0F5805FF4
:1050100002D003E00120EAE7206910B12E46002506
:105020000EE000260CE08021204602F081F9A0B9B4
:10503000AEB116F8010B21684860E08C401EE08498
:10504000E08C43464FF0000200970028EBD14FF070
:105050004001204602F06CF930B10320C7E735F873
:10506000020BC0F30800E6E7202084F8410000208E
:10507000BDE77047FEE70000034910B14FF4802000
:1050800000E00420086070471014014070B51C4611
:10509000154600F049F9044905FB04F04989BDE8CB
:1050A000704000F069B80000CC00002001B5009805
:1050B00001E0401E00900028FBD108BD2DE9F0471B
:1050C000184C203A1FFA82FCE768BA88FB8802FB7A
:1050D00003F5EE1705EB5675C5F3C7063D680CFBE7
:1050E000065700F021F92C2000F018FC00254FF0A5
:1050F0008008A14612E00024795D28FA04F00142FC
:1051000002D0B9F8080001E0B9F80A0000F018FC74
:10511000641CE4B2082CEFD36D1CEDB2B542EAD3A7
:10512000BDE8F087CC0000202DE9F0410F4606468F
:105130000025104C19E0E068638881882944994271
:1051400003D9C188002531448EB2C088A18830447B
:10515000884201D900252E4631462846FFF7AEFF8A
:10516000E0687F1C8088284485B23A78002AE2D122
:10517000BDE8F081CC00002070B505460E46002445
:105180002C2000F0CBFB03E0304600F0D9FB641C80
:10519000AC42F9D370BD00002B4810B5816986B0D0
:1051A00041F010018161816901F010010491816970
:1051B00041F020018161816901F020010491816940
:1051C00041F008018161816901F008010491816960
:1051D00041F001018161806900F0010004901B48E9
:1051E000416821F0E06141F00071416001200190CF
:1051F0000290032003904FF6FF7000906946144818
:10520000FDF7A0FE2020134C009069462046FDF7D4
:1052100099FE4020009069462046FDF793FE10203D
:10522000009069462046FDF78DFE8020009069467B
:105230002046FDF787FE0420009069460648FDF7EA
:1052400081FE06B010BD00000010024000000140C9
:10525000000C0140001001400014014070B50546EB
:1052600007284DD8274CEA074FF0F00025704FF47F
:10527000A07112D06180A080362000F04FFBE08842
:10528000A0F51341413904D0A0F50541523907D0AA
:1052900009E0082040EA451003E06080A180EBE7C8
:1052A000680100F04DFB2A2000F038FB002000F0E0
:1052B00047FB002000F044FB6088401EC0F307203D
:1052C00000F03EFBA078401EC0B200F039FB2B205E
:1052D00000F024FB002000F033FB002000F030FB46
:1052E000A088401EC0F3072000F02AFB2079401E52
:1052F000C0B200F025FBBDE870402C2000F00EBBD2
:1053000070BD0000CC00002010B5FFF745FF012064
:10531000FFF7B2FE00F034F802480078BDE8104014
:10532000FFF79CBFCC0000202DE9F04105461E464A
:1053300017460C462A2000F0F1FA280A00F000FB7C
:10534000E8B200F0FDFA3D446D1EC5F30F2000F0F9
:10535000F7FAE8B200F0F4FA2B2000F0DFFA200AA6
:1053600000F0EEFAE0B200F0EBFA3444641EC4F34D
:105370000F2000F0E5FAE0B2BDE8F04100F0E0BA3D
:1053800070B500F07BFAFE49FE4D4FF6FF74C88001
:10539000A0F5134141397DD0A0F5054152397AD1AC
:1053A0002046FFF783FECF2000F0B8FA002000F07F
:1053B000C7FAC12000F0C4FA302000F0C1FA20463C
:1053C000FFF774FEED2000F0A9FA642000F0B8FAAF
:1053D000032000F0B5FA122000F0B2FA812000F0AC
:1053E000AFFA2046FFF762FEE82000F097FA85202A
:1053F00000F0A6FA102000F0A3FA782000F0A0FA3E
:105400002046FFF753FECB2000F088FA392000F049
:1054100097FA2C2000F094FA002000F091FA342042
:1054200000F08EFA022000F08BFA2046FFF73EFED5
:10543000F72000F073FA202000F082FA2046FFF7F0
:1054400035FEEA2000F06AFA002000F079FA002028
:1054500000F076FA2046FFF729FEC02000F05EFA41
:10546000212000F06DFA2046FFF720FEC12000F059
:1054700055FA112000F064FAC52000F04FFA2D20F3
:1054800000F05EFA332000F05BFA2046FFF70EFED4
:10549000362001E0A9E0F0E100F040FA002000F041
:1054A0004FFA2046FFF702FE3A2000F037FA552067
:1054B00000F046FA2046FFF7F9FDB12000F02EFA81
:1054C000002000F03DFA172000F03AFA2046FFF7DE
:1054D000EDFDB62000F022FA0A2000F031FAA220F9
:1054E00000F02EFAF62000F019FA012000F028FA58
:1054F000302000F025FAF22000F010FA002000F031
:105500001FFA262000F00AFA012000F019FA2046BE
:10551000FFF7CCFDE02000F001FAD02000F010FAF7
:10552000002000F00DFA022000F00AFA072000F037
:1055300007FA0B2000F004FA1A2000F001FA3120DB
:1055400000F0FEF9542000F0FBF9402000F0F8F9DB
:10555000292000F0F5F9122000F0F2F9122000F0F5
:10556000EFF9122000F0ECF9172000F0E9F9E12042
:1055700000F0D4F9D02000F0E3F9002000F0E0F9C9
:10558000022000F0DDF9072000F0DAF9052000F034
:10559000D7F9252000F0D4F92D2000F0D1F94420CE
:1055A00000F0CEF9452000F0CBF91C2000F0C8F93E
:1055B000182000F0C5F9162000F0C2F91C2000F0F8
:1055C000BFF91D2000F0BCF9112000F0A7F9284612
:1055D000FFF76CFD2046FFF769FD292000F09EF9DA
:1055E0002C20BDE8704000F099B92046FFF75EFD21
:1055F000CF2000F093F9002000F0A2F9812000F004
:105600009FF9302000F09CF92046FFF74FFDED2078
:1056100000F084F9642000F093F9032000F090F981
:10562000122000F08DF9812000F08AF92046FFF762
:105630003DFDE82000F072F9852000F081F910208E
:1056400000F07EF9782000F07BF92046FFF72EFD70
:10565000CB2000F063F9392000F072F92C2000F023
:105660006FF9002000F06CF9342000F069F9062091
:1056700000F066F92046FFF719FDF72000F04EF91B
:10568000202000F05DF92046FFF710FDEA2000F031
:1056900045F9002000F054F9002000F051F92046AF
:1056A000FFF704FDB12000F039F9002000F048F9BF
:1056B0001B2000F045F92046FFF7F8FCB62000F06B
:1056C0002DF90A2000F03CF9A22000F039F920461B
:1056D000FFF7ECFCC02000F021F9352000F030F994
:1056E0002046FFF7E3FCC12000F018F9112000F07C
:1056F00027F9C52000F012F9452000F021F94520D6
:1057000000F01EF9C72000F009F9A22000F018F9F6
:10571000F22000F003F9002000F012F9262000F03A
:10572000FDF8012000F00CF92046FFF7BFFCE02057
:1057300000F0F4F80F2000F003F9262000F000F943
:10574000242000F0FDF80B2000F0FAF80E2000F005
:10575000F7F8092000F0F4F8542000F0F1F8A82040
:1057600000F0EEF8462000F0EBF80C2000F0E8F82E
:10577000172000F0E5F8092000F0E2F80F2003E020
:10578000CC000020FCBF020000F0DAF8072000F097
:10579000D7F8002000F0D4F8E12000F0BFF8002096
:1057A00000F0CEF8192000F0CBF81B2000F0C8F86C
:1057B000042000F0C5F8102000F0C2F8072000F027
:1057C000BFF82A2000F0BCF8472000F0B9F83920D3
:1057D00000F0B6F8032000F0B3F8062000F0B0F8AF
:1057E000062000F0ADF8302000F0AAF8382000F0D4
:1057F000A7F80F2000F0A4F82046FFF757FC36204A
:1058000000F08CF8C82000F09BF82046FFF74EFC13
:105810002A2000F083F8002000F092F8002000F029
:105820008FF8002000F08CF8EF2000F089F8204677
:10583000FFF73CFC2B2000F071F8002000F080F80E
:10584000002000F07DF8012000F07AF83F2000F001
:1058500077F82046FFF72AFC3A2000F05FF8552041
:1058600000F06EF8112000F059F82846FFF71EFCF2
:105870002046FFF71BFC2920B3E670BD70B504205D
:1058800000F04CF800F024F800F022F800F020F8C6
:105890004FF6FF7404EA002500F01AF82843A0F53B
:1058A0000541523912D0D32000F038F800F010F83A
:1058B00000F00EF800F00CF804EA002400F008F8FC
:1058C0002043A0F51341413900D0002070BD0000F5
:1058D00070B5104A4FF088301060131D18600D4CE1
:1058E00000200C3420600C498020086140200861B1
:1058F00010254D6120264E61181D00680E6180B292
:105900000D614FF03331116019604FF6FF71216066
:1059100070BD0000000C014000100140064910223B
:105920004A6180234B6120230B61044B18604020A7
:10593000486108610A617047001001400C0C014089
:10594000064910224A6180230B6120230B61044B1E
:1059500018604020486108610A61704700100140EA
:105960000C0C01401CB5234E234F244C4FF0FF3547
:105970000095002301220321706805F01BFE012819
:1059800017D00228F4D108213846FDF7ADFC206875
:10599000D8B103F095F88046024619A1214801F0DC
:1059A0000FFDB8F1040F10D01FA11E4801F008FD33
:1059B000DEE72548002301220221006806F070FA84
:1059C00004213846FDF790FCD2E720A1154801F0EC
:1059D000F7FC0520CDE90004244923484FF4006278
:1059E00091F9001000EB811321A1234806F000FA81
:1059F000BEE70000C4000020001001401800002095
:105A0000526561645761765F5461736B5F48616E84
:105A1000646C65205461736B2069732025640D0AE2
:105A200000000000DC020020526561645761765F6F
:105A30005461736B5F48616E646C6520697320729A
:105A4000756E6E696E6700001000002063726561FC
:105A5000746520526561645761765F5461736B5F52
:105A600048616E646C650000745D0020E4000020F5
:105A70005265616457617600C9620008204D214F6C
:105A8000214C6E1401212846FDF702FC217801F01B
:105A90000101084307D10121606805F045FD207828
:105AA00040F00100207031463846FDF7F1FB2178C7
:105AB00001F00201084307D10221606805F034FDBE
:105AC000207840F00200207001212846FDF7E0FB1D
:105AD000012805D12078C10702D020F001002070F4
:105AE00031463846FDF7D4FB012805D120788107DF
:105AF00002D520F002002070142005F0A1F9C1E7C2
:105B00000008014000100140C40000200148C068A6
:105B100070470000CC000020014A1081518170477D
:105B2000CC0000200149C86070470000CC00002074
:105B30001CB500240C4900940A48019408600846EA
:105B4000FCF72EFD08B1FCF779FB2C20CDE9000411
:105B5000002269460448FCF77DFC002801D0FCF7D0
:105B60006DFB1CBD007400400C010020114808B5FD
:105B7000416941F001014161416901F00101009178
:105B8000416941F0020141614069002200F00200D8
:105B9000009005210F20FDF7C9FC0F20FDF794FCB4
:105BA000002205213A20FDF7C1FCBDE808403A205B
:105BB000FDF78ABC0010024010B515491548FCF7E6
:105BC0004DFB1349491E087020B1BDE81040481C28
:105BD000FCF768BB01220E490F4803F02FF9044679
:105BE00000F048FA0DA1164801F0EAFB4CB122463C
:105BF00014A1134801F0E4FB2046BDE8104000F07A
:105C000039BABDE8104018A10D4801F0D9BB000019
:105C1000FD000020E8000020746100200D0D0A2A1C
:105C20002A2A2A2A2A20B9D2D4D8CEC4BCFECFB57B
:105C3000CDB3202A2A2A2A2A2A0D0D0A00000000A4
:105C4000DC020020A3A1A3A15344BFA8B9D2D4D899
:105C5000CEC4BCFECFB5CDB3CAA7B0DCA1A3282566
:105C600064290D0A00000000A1B7CEC4BCFECFB568
:105C7000CDB3B9D2D4D8B3C9B9A6A3ACBFC9D2D415
:105C8000BDF8D0D0B6C1D0B4B2E2CAD40D0A00007B
:105C900010B501F083F80A4A00210A4803F0ECFF2E
:105CA0000949486105F032FC08490028086005D11F
:105CB000BDE81040B32106A002F06EB910BD00008F
:105CC00040C400085D6C000800000020C8000020EF
:105CD0002E2E2F436F72652F5372632F6672656588
:105CE00072746F732E6300002DE9F04385B00024B9
:105CF00028480094019402940394816941F01001B2
:105D00008161816901F010010491816941F02001F4
:105D10008161816901F020010491816941F00401F0
:105D200081618069DFF8708000F004000490002237
:105D30000C214046FDF708FBDFF860904FF48077B8
:105D4000002239464846FDF7FFFA7801CDE9000404
:105D5000694640460294FDF7F5F80C20012502261D
:105D6000CDE90005CDE9024669464046FDF7EAF86F
:105D7000CDE90054694648460294FDF7E3F80097E0
:105D80000396CDE9015469464846FDF7DBF805B0B6
:105D9000BDE8F083001002400010014000080140FF
:105DA000104810B50E4901600821C16100218160D1
:105DB00041610A220161C0E90A12C1604FF4007218
:105DC0000162826141624FF482714160FEF72CF8FA
:105DD000002803D0BDE81040FCF730BA10BD000029
:105DE000003001406401002010B586B00024164840
:105DF000009401940294039404944FF0804105941C
:105E000001604721C0E901140921C0E9031484613C
:105E1000FEF700FA08B1FCF711FA4FF48050009039
:105E200069460948FEF7D2FB08B1FCF707FA04946B
:105E300004A905480594FEF74FF9002801D0FCF7A6
:105E4000FDF906B010BD0000BC01002010B586B001
:105E50000024174800940194029403940494134975
:105E60000594C0E900144FF4CC61C0E902418021DF
:105E700004618161FEF7CEF908B1FCF7DFF94FF458
:105E80008050009069460A48FEF7A0FB08B1FCF775
:105E9000D5F92020CDE9040404A90548FEF71CF932
:105EA000002801D0FCF7CAF906B010BD0008004078
:105EB000040200201CB500240E4800940C490194F3
:105EC00001604721C0E901147C218461C160FEF7B3
:105ED000A1F908B1FCF7B2F90094694605480194AC
:105EE000FEF7FAF8002801D0FCF7A8F91CBD000065
:105EF000001000404C0200201CB500240E48009405
:105F00000C49019401604721C0E9011463218461B7
:105F1000C160FEF77FF908B1FCF790F9009469467B
:105F200005480194FEF7D8F8002801D0FCF786F95F
:105F30001CBD000000140040940200200C4810B565
:105F40000A4901604FF4E1314160002181600C2277
:105F5000C160C0E904128161C161FEF73FFF002802
:105F600003D0BDE81040FCF769B910BD003801400E
:105F7000DC020020FEE7000070B50646FFF7C6FD14
:105F80001C4CC1881C4D94F90000C21C51438AB2BC
:105F900005EB80111046FFF7C7F8022E02D0042E41
:105FA00003D005E02078401E01E02078401C2070DE
:105FB00094F900106078814201DB002002E00029A2
:105FC00001DA401E20701F21C802FFF7A5FDFFF770
:105FD0009DFD94F90010C088CA1C504380B205EBA7
:105FE0008111FFF7A1F8BDE870404FF6FF711F2047
:105FF000FFF792BDE4000020745D00202DE9F04120
:106000000024114EDFF8448017E000BFFFF77EFD4B
:10601000C188E71C794388B20DA1FFF785F8FFF727
:1060200075FDC0882946784380B2FFF77DF898F85F
:106030000110491C88F80110641C06EB84152878AF
:106040000028E3D1BDE8F081745D0020E400002069
:106050002020202020202020202020202020202040
:10606000202020202020202020200000FEE7704754
:1060700070470000142833D2DFE800F00A0C0E103D
:1060800012141618181A1C1E20222426282A2C2E18
:1060900014A122E017A120E01EA11EE022A11CE015
:1060A00028A11AE02DA118E032A116E037A114E0D2
:1060B0003BA112E041A110E046A10EE04BA10CE093
:1060C00050A10AE055A108E060A106E064A104E047
:1060D00068A102E070A100E075A17A4801F070B9F2
:1060E00070470000A1B7B2D9D7F7B3C9B9A6A1A329
:1060F0000D0A0000A3A1A3A1D3B2BCFECAE4C8EB61
:10610000CAE4B3F6C7FDB6AFB3F6B4EDA1A30D0A6A
:1061100000000000A3A1A3A1B6CFD1D4B4EDCEF36B
:10612000A1A30D0A00000000A3A1A3A1CEEFC0ED22
:10613000C9E8B1B8CEDEB7A8B9A4D7F7A1A30D0AB4
:1061400000000000A3A1A3A1CEDEB7A8D5D2B5BDA3
:10615000CEC4BCFEA1A30D0A00000000A3A1A3A110
:10616000CEDEB7A8D5D2B5BDC2B7BEB6A1A30D0AC3
:1061700000000000A3A1A3A1CEDED0A7B5C4C2B782
:10618000BEB6C3FBA1A30D0A00000000A3A1A3A1FA
:10619000BEDCBEF8B7C3CECAA1A30D0A0000000042
:1061A000A3A1A3A1CEDED0A7B5C4CEC4BCFEBBF2D2
:1061B000C2B7BEB6A1A30D0A00000000A3A1A3A10F
:1061C000C2DFBCADC9E8B1B8D0B4B1A3BBA4A1A330
:1061D0000D0A0000A3A1A3A1CEDED0A7B5C4C2DFE3
:1061E000BCADC9E8B1B8A1A30D0A0000A3A1A3A149
:1061F000CEDED0A7B5C4B9A4D7F7C7F8A1A30D0ABE
:1062000000000000A3A1A3A1CEDED0A7B5C4CEC4D8
:10621000BCFECFB5CDB3A1A30D0A0000A3A1A3A1DD
:10622000D2F2BAAFCAFDB2CECAFDCECACCE2B5BC7C
:10623000D6C2665F6D6B6673BAAFCAFDB2D9D7F7C7
:10624000CAA7B0DCA1A30D0A00000000A3A1A3A16E
:10625000B2D9D7F7B3ACCAB1A1A30D0A00000000B0
:10626000A3A1A3A1CEC4BCFEB1BBB1A3BBA4A1A3F7
:106270000D0A0000A3A1A3A1B3A4CEC4BCFEC3FB1E
:10628000D6A7B3D6BBF1C8A1B6D1BFD5BCE4CAA7C7
:10629000B0DCA1A30D0A0000A3A1A3A1B4F2BFAA80
:1062A000CCABB6E0CEC4BCFEA1A30D0A000000003A
:1062B000A3A1A3A1B2CECAFDCEDED0A7A1A30D0A91
:1062C00000000000DC02002030B5ADF52D7D034656
:1062D000314A32A18FA8FAF71FF98FAA31A13348AA
:1062E00001F06EF89EAA8FA901A801F07BFB00289F
:1062F00002DA002004F0CAFD00248C948D944FF43F
:1063000000508E94FAF728F88CAB4FF4805583E850
:1063100031009EAA8FA901A801F010FD002802DA21
:10632000002004F0B3FD22A1204801F049F80094B8
:106330002B46002121488C9AFCF70CFA20A11B481F
:1063400001F03EF84FF0FF31012004F0F3FA01288C
:1063500003D91EA1154801F033F88CAB9EAA8FA972
:1063600001A801F0EFFB21A1104801F029F822A1BA
:106370000E4801F025F88C98FAF71DF801A802F0F4
:10638000D3FB00210D48FCF77BFA002004F07EFDD2
:106390000DF52D7D30BD0000FD0000202573257317
:1063A0000000000025730D0A00000000DC02002040
:1063B0006461632073746172740D0A000C01002023
:1063C000D1ADBBB7BFAACABC0D0A00005B45525293
:1063D0004F525D20436F7265206F626C6974657205
:1063E000617465642044617461212100D1ADBBB743
:1063F000BDE1CAF80D0A0000B9D8B1D5CEC4BCFEC3
:106400000D0A0000FFB53D4F044600254FF0807097
:10641000FF263860324629460A2000F073FB002030
:1064200000F03BFA88B9FE2000F037FA30B96B462D
:1064300000F082FA58556D1C102DF9D3FF2000F0A2
:106440007DFBFF2000F07AFB00264FF4807038605F
:10645000FF2000F073FB9DF8000020709DF8010004
:106460000002608060889DF80210084360809DF8FB
:1064700003000006606060689DF8041040EA014077
:10648000606060689DF8051040EA01206060606807
:106490009DF80610084360609DF8070020729DF883
:1064A000080060729DF809000006E060E0689DF851
:1064B0000A1040EA0140E060E0689DF80B1040EAF5
:1064C0000120E060E0689DF80C100843E060217C4A
:1064D0009DF80D0041EA101121740007000D608243
:1064E000608A9DF80E10084360829DF80F004008F6
:1064F00020750120607504B03046F0BD10080140E1
:10650000FFB56F4F044600264FF08070FF253860BE
:106510002A463146092000F0F5FA002000F0BDF9C6
:1065200088B9FE2000F0B9F930B96B4600F004FAE2
:106530009855761C102EF9D3FF2000F0FFFAFF20AB
:1065400000F0FCFA00254FF480703860FF2000F066
:10655000F5FA9DF8000081092170C0F38301617094
:1065600000F00300A0709DF80100E0709DF80200AB
:1065700020719DF8030060719DF804000001E08027
:10658000E1889DF8050041EA1011E18000F00F005C
:1065900020729DF80600C1096172C0F38011A172DA
:1065A000C0F34011E172C0F3001121730021617347
:1065B0008007000D206143480078012804D002289C
:1065C00002D0042823D032E020699DF8072040EA59
:1065D0008200206122699DF8080042EA901222613F
:1065E000C0F3C202227500F0070060759DF8090033
:1065F0004209A275C0F38202E2758007400F20763F
:10660000207E9DF80A2040EAD21020760FE09DF807
:1066100007008006800A206120699DF8082040EA72
:106620000220206120699DF80920104320619DF817
:106630000A00C0F3801204F8192F8006400E607023
:1066400062789DF80B0042EAD012627000F07F0081
:10665000A0709DF80C00C209E270C0F341122271D3
:10666000C0F3820262718007000FA071A2799DF8C9
:106670000D0042EA9012A271C0F34012E271217241
:1066800000F0010060729DF80E00C109A172C0F314
:106690008011E172C0F340112173C0F300116173E6
:1066A000C0F38101A17300F00300E0739DF80F00B7
:1066B000400820740120607404B02846F0BD00003A
:1066C00010080140B8000020F0B50446FFF718FF9D
:1066D00004F12C00FFF796FE0346184801780020CD
:1066E000012904D0022902D004291AD024E0226909
:1066F000257E0121AD1C01FA05F5EE17521CA2FB07
:10670000057C00FB05C502FB0652257AA940A7FBC4
:106710000156216502FB016107FB0010C4E912501C
:106720000AE02169C004491C40EA5130C904C4E9A7
:1067300012104FF4007020651846F0BDB80000201C
:106740002DE9F847464C4FF4807540F6FF762560FA
:10675000FF2000F0F3F92F04276087224FF4D57152
:10676000082000F0CFF900E0761E00F0E5F8FF28E1
:1067700007D0EEB3DFF8EC80052805D0012814D04F
:1067800067E0002EF0D13CE02560FF2000F0D6F954
:106790002760FF220021012000F0B4F9002000F062
:1067A0007CF80028F0D1012151E000234FEA0D06CA
:1067B00000F0C2F8F0545B1C042BF9D32560FF20D5
:1067C00000F0BCF9B94627609DF80200012840D1CD
:1067D0009DF80300AA283CD1C8274FF0804AFF2229
:1067E0000021372000F08EF9002000F056F800E07C
:1067F00007E030B1FF225146292000F083F97F1EC7
:1068000002D2FF20BDE8F887002000F046F80028FB
:10681000E5D14F462560FF2000F090F92760FF2268
:1068200000213A2000F06EF9002000F036F8002830
:10683000F0D1002300F080F8F0545B1C042BF9D356
:106840009DF80000400601D5042100E0022188F8EF
:1068500000102560FF2000F071F90020D2E7000051
:1068600010080140B800002010B5002300F064F8C3
:1068700000F01F04052C06D00B2C0AD00D2C0AD0DA
:106880005B1C402BF2D900F057F80028FBD02046C3
:1068900010BD0B2010BD0D2010BD10B5044640F6F4
:1068A000FF7300E05B1E00F047F8A04202D0002B0F
:1068B000F8D102E00BB1002010BDFF2010BD000098
:1068C00010B50B4C4FF080702060002195220846D7
:1068D00000F018F90120FFF7E0FF08B1FF2010BD1C
:1068E0004FF480702060FF2000F028F9002010BDD8
:1068F0001008014010B50024FBF7F2FC0B494FF4DF
:1069000080700860FF2000F019F9641C092CF9D987
:10691000FFF7D6FFFFF714FF0548007820B1BDE868
:1069200010400448FFF7D0BEFF2010BD1008014002
:10693000B8000020D0590020074801688A68D24377
:106940009207FBD4FF22CA6000688168C943C90767
:10695000FBD1C068C0B27047285A00202DE9F0472B
:1069600005462648DDE90876007814464FF0000811
:106970004FF0FF0A042803D1C701540A44EAC35464
:10698000DFF87C904FF08071C9F800102AE000BF5A
:1069900014EB08014FF0FF024FF0110000F0B2F8C5
:1069A0000020FFF77AFF10B1FF20BDE8F087FE203E
:1069B000FFF773FF08B1FF2010E0002305E000BFE0
:1069C000FFF7BAFF05F8010B5B1CBB42F8D308F5D3
:1069D0000078FFF7B1FFFFF7AFFF00208246FF20EE
:1069E00000F0ACF8761ED3D24FF48071C9F80010D5
:1069F000FF2000F0A3F85046D7E70000B8000020C1
:106A000010080140F0B50546ADF5237D92A89090A1
:106A100040200F4691902946684602F041FB040051
:106A200009D003462A4622A1284800F0C9FC0DF5EA
:106A3000237D2046F0BD00252E468AA9684602F037
:106A40007AFC040022D19DF83102F8B19DF83002A1
:106A5000C00606D51EA11D48909A00F0B1FC761C18
:106A6000EBE71FA11948909B8A9A00F0A9FC909827
:106A700000780028E1D09098F9F7DEFE024607EB97
:106A800085109099F9F7F7FE6D1CD6E7684602F07D
:106A900066F82B46324615A10C4800F091FC1848C8
:106AA000012200231146006805F0FAF9BFE7000053
:106AB0004661696C656420746F206F70656E20227A
:106AC0002573222E20282575290A0000DC020020CB
:106AD0002020203C4449523E20202025730A0000FB
:106AE000253130752025730A0000000025642064DC
:106AF0006972732C2025642066696C65732E0A0008
:106B0000100000203CB540F040008DF80000080E59
:106B10008DF80100080C00248DF80200080A8DF899
:106B200004108DF803008DF805206D46285D00F0F7
:106B300005F8641C062CF9D33CBD0000074A116817
:106B40008B68DB439B07FBD4C86010688168C9432E
:106B5000C907FBD1C068C0B270470000285A0020A6
:106B60002DE9F04705462648DDE908760078FF2440
:106B700090464FF00009042804D1C7014FEA58207D
:106B800040EAC358DFF87CA04FF08071CAF80010CB
:106B900028E000BF18EB09014FF0FF024FF018008A
:106BA000FFF7B0FF0020FFF778FE00284FF0FF004E
:106BB00022D1FFF7C3FFFE20FFF7C0FF002404E04F
:106BC0002878FFF7BBFF641C6D1CBC42F8D309F5A5
:106BD0000079FFF7B1FEFFF7AFFEFFF745FE05288E
:106BE0000CD0FF24761ED5D24FF48071CAF8001065
:106BF000FF20FFF7A3FF2046BDE8F0870024F1E760
:106C0000B800002010080140012080F31388BFF372
:106C10004F8F05480168054A01F4E06111430160A6
:106C2000BFF34F8F00BFFDE70CED00E00400FA0555
:106C300010B5502080F31188BFF34F8FBFF36F8FD3
:106C400005F0A8F918B104494FF080500860002001
:106C500080F3118810BD000004ED00E01CB503F0C6
:106C600067FF1B480224CDE900400023402219A100
:106C70001C4805F0BDF816480023001DCDE9004072
:106C8000802219A11C4805F0B3F8114803240830EC
:106C9000CDE900400023802218A11C4805F0A8F887
:106CA0000B4800230C30CDE900404FF4807218A14E
:106CB0001A4805F09DF8012803D119A11F4800F0DA
:106CC0007FFB03F055FFBDE81C40002004F0DEB858
:106CD000040000204B65795F5363616E5F546173FC
:106CE0006B0000007D5A00084B65795F52756E5F3E
:106CF0005461736B0000000065590008556172749F
:106D0000315F5363616E5F5461736B00A17500085E
:106D10004755495F5461736B000000001924000857
:106D20005379735F496E69745F5461736B20737537
:106D3000636365737366756C0D0A0000DC020020E6
:106D400030B58FB028216846F9F704FE14210AA84F
:106D5000F9F700FE01210804CDE900100024029497
:106D600002250491CDE907504FF4E01009906846E0
:106D7000FCF712FE60B90F20CDE90A056802CDE9E3
:106D80000C4002210AA80E94FCF760FC002801D0F8
:106D9000FBF754FA0FB030BD7047000010B500F09B
:106DA000ABFB0F48FDF79CFBFBF702FB00210D48F6
:106DB000FBF77AFC0C4801680A6842F002020A609C
:106DC00001680A6842F008020A600068016841F040
:106DD00004010160BDE8104004A1094800F0F0BAC8
:106DE000BC0100200C01002020010020B3CCD0F217
:106DF000B3F5CABCBBAFCDEAB1CF0D0A00000000AD
:106E0000DC0200200148FDF7B2BD0000680300204D
:106E10000148FDF7ACBD0000BC0100200148FDF7B2
:106E2000A6BD00004C0200200148FDF7A0BD0000F7
:106E300094020020F0B502681C4B1D4D1D4E1E4FE4
:106E40001E4C4FF0804C984209D0A04207D06045BC
:106E500005D0A84203D0B04201D0B84204D122F0FC
:106E6000700E4A6842EA0E02984209D0A04207D04A
:106E7000604505D0A84203D0B04201D0B84203D14A
:106E800022F44075CA682A434D6922F080022A43E1
:106E900002608A68C2620A688262984201D0A04297
:106EA00001D10969016301214161F0BD002C01405C
:106EB0000004004000080040000C00400034014085
:106EC00010B5846842EA032224F47F440A43224333
:106ED000826010BD826822F070020A4342F007010E
:106EE0008160704710B5036A046A24F001040462EB
:106EF000846924F0F00444EA021423F00A020A43ED
:106F00008461026210BD10B5036A046A24F01004A3
:106F10000462846923F0A00324F4704444EA02323A
:106F200043EA01118261016210BD10B5406A00217F
:106F3000C185C184FDF71AFE10BD70B5446A206892
:106F4000406994F84110C0F3C0100025212904D1F4
:106F500018B1E584204600F08EF82068406994F866
:106F60004210C0F38010222904D118B1E5852046D3
:106F700000F05AF8606C40F0100060642046FDF7A5
:106F8000F5FD70BD10B50146406A096809684FF00B
:106F9000000289062ED4C28501680C3151E8003FF9
:106FA00023F4807341E80034002CF5D101681431DA
:106FB00051E8003F23F0010341E80034002CF5D1F3
:106FC0000168143151E8003F23F0400341E80034E8
:106FD000002CF5D1202180F84210016B012909D144
:106FE00001680C3151E8003F23F0100341E8003400
:106FF000002CF5D14263016B012902D0FDF7EAFFB5
:1070000010BD818DFDF779FD10BD10B5406A0121DD
:107010004163016B012902D0FDF7DDFF10BD818DB9
:107020004908FDF76AFD10BD01680C3151E8002FD9
:1070300022F4907241E80023002BF5D1016814314D
:1070400051E8002F22F0010241E80023002BF5D186
:10705000016B012909D101680C3151E8002F22F0A0
:10706000100241E80023002BF5D1202180F84210C6
:1070700000210163704701680C3151E8002F22F0B4
:10708000C00241E80023002BF5D1202180F84110F7
:10709000704708B590F84210222901D0022008BD9F
:1070A00082684FF480539A4201D1016921B1816A0B
:1070B0009A421BD04AB10AE00268816A5268C2F360
:1070C00008020A80816A891C08E0026972B10268BC
:1070D000526802F07F020A70816A491C8162C18D88
:1070E000491E0904090CC18503D01BE002685268DF
:1070F000F1E70168CA6822F02002CA600168CA6824
:1071000022F48072CA6001684A6922F001024A6171
:10711000202180F8421000214163026B012A03D034
:10712000FDF758FF002008BD016301680C3151E8EC
:10713000002F22F0100241E80023002BF5D1016856
:107140000A68D20602D50A6849680091818DFDF768
:10715000D4FCE7E770B5044640684049884204D94A
:1071600040F666613EA000F017FFE06838B1B0F568
:10717000005F04D040F6676139A000F00DFF206980
:1071800050B1B0F5806F07D0B0F5C06F04D040F6B5
:10719000686133A000F000FF60694FF6F3710842A8
:1071A00000D120B940F669612DA000F0F5FE2068FD
:1071B0000169E26821F44051114301612169A0682D
:1071C0000843616908432168CA6841F20C639A4325
:1071D0000243CA6020684169A26921F440711143E9
:1071E00041612E492068884202D1FCF79FFB01E0F3
:1071F000FCF78CFB00EBC00101EB0012606864211E
:107200008000B2FBF0F3B3FBF1F36FF018067343A9
:10721000B2FBF0F5B2FBF0F605EB8305322303EB8E
:107220000515B5FBF1F5B6FBF1F605F0F00505EB3C
:107230000615B2FBF0F6B2FBF0F0B0FBF1F06FF028
:107240001802504306EB800003EB0010B0FBF1F096
:10725000216800F00F002844886070BD20AA440017
:107260002E2E2F447269766572732F53544D33322C
:10727000463178785F48414C5F4472697665722F79
:107280005372632F73746D3332663178785F68613F
:107290006C5F756172742E6300000000003801405D
:1072A00038B581620446828500201346606422223C
:1072B00084F84220E56B1B4AAA62E56B1A4AEA622F
:1072C000E56B1A4A2A63E26B50630A462168E06B59
:1072D000091DFBF7D1FD2068016840680090206916
:1072E00048B120680C3050E8001F41F4807140E83C
:1072F0000012002AF5D12068143050E8001F41F038
:10730000010140E80012002AF5D12068143050E84D
:10731000001F41F0400140E80012002AF5D1002092
:1073200038BD0000856F00080B7000083B6F000837
:107330002DE9F041984617460E460446069D27E083
:10734000681C25D02DB1FCF735F8A0EB0800A84249
:107350001ED920680C3050E8001F21F4D07140E89D
:107360000012002AF5D12068143050E8001F21F0E7
:10737000010140E80012002AF5D1202084F84100E4
:1073800084F84200002084F840000320BDE8F0812A
:107390002068006836EA000004D00020B842CFD050
:1073A0000020F3E70120F9E710B50448FDF7E0FB02
:1073B000BDE81040014800F0AFB80000DC0200203A
:1073C0000FB40B4810B504AA0399F9F793F80848CD
:1073D000F9F732FA044603F0ABFBA2B214230449D6
:1073E0000448FDF7F9FD03F0C3FB10BC5DF814FB86
:1073F000805A0020DC02002000680549884206D03F
:107400000449884203D104480168491C016070475F
:1074100000100040001400400000002010B5084C8F
:107420000120207003F084FBFFF764FA18B920787C
:1074300020F00100207003F09BFB207810BD0000BD
:10744000E600002070B514460D4603F071FB95B1BF
:10745000012D0AD0022D02D0032D0CD103E04FF4F0
:107460000070208007E0012004E00549002307C9DF
:10747000F8F7C8FF2060002403F07AFB204670BDB7
:10748000185A00202DE9FC411F4614460E460125DE
:1074900003F04EFB6802CDE90007E30D62023046BF
:1074A000FFF75CFA044603F063FB04B900252846A5
:1074B000BDE8FC810348017821F0010101700078EA
:1074C00070470000E60000202DE9FC411F461446ED
:1074D0000E46012503F02CFB6802CDE90007E30D01
:1074E00062023046FFF73CFB044603F041FB04B95F
:1074F00000252846BDE8FC8105480068C16841F0C8
:107500001001C160802203490148FDF755BD00000C
:10751000DC020020005B00207CB5194A0168914222
:107520002DD10968C943C90629D4002400940168F3
:107530000A6849680191FDF7E1FA1248006840685D
:10754000114DC0F180008022286010491048FDF7DD
:1075500033FD0E48296844540E4901202C60087000
:107560000D486946006803F0DDFD0098012806D14A
:107570000A4900070860BFF34F8FBFF36F8F7CBDD0
:107580000038014024030020BC000020005B0020E4
:10759000DC020020C00000200C00002004ED00E010
:1075A0001CB53E4C4FF0FF352946012003F0C2F9CF
:1075B000012803D93AA14348FFF702FF424A43A1F9
:1075C0004048FFF7FDFE45A13F4800F0FFF80028C6
:1075D000EAD144A13C4800F0F9F818B1454803F05D
:1075E000D9FC07E044A1384800F0F0F838B1414830
:1075F00003F032FD3F493348FFF7E2FED4E743A1F1
:10760000314800F0E3F828B140A12E48FFF7D8FE3A
:10761000FFF7FAFA40A12C4800F0D8F820B1404911
:107620004048FFF7EFF9BFE73FA1274800F0CEF849
:10763000002821D0206858B101F042FA06460246DF
:107640003CA12048FFF7BCFE042E01D042A1D2E7A6
:1076500049A11C48FFF7B4FE0520CDE900044D49BF
:107660002F484FF4006291F9001000EB81134AA1FA
:107670004B4804F0BDFB97E74AA1134800F0A6F879
:10768000002891D0206838B101F01AFA024629A1E9
:107690000C48FFF795FE87E747A1ACE718000020EC
:1076A0005B4552524F525D205561727431206F62BA
:1076B0006C69746572617465642044617461212130
:1076C00000000000DC020020005B00205B4445421B
:1076D00055475D2025730D0A000000005465737442
:1076E000000000005175657279207461736B20741D
:1076F000696D6500805B0020517565727920746149
:10770000736B207265736F7572636500736F667457
:107710002072657365740000736420726561640093
:10772000745D0020FD0000206D7573696320737423
:1077300061727400526561645761765F5461736B66
:107740005F48616E646C65205461736B20697320BF
:1077500025640D0A00000000526561645761765F80
:107760005461736B5F48616E646C6520697320724D
:10777000756E6E696E670000637265617465205294
:107780006561645761765F5461736B5F48616E64D5
:107790006C650000E400002052656164576176006A
:1077A000C96200086D75736963207461736B207121
:1077B000756572790000000048616E646C6520692F
:1077C00073204E554C4C21210D0A000010B5F9F7DD
:1077D000E9F808B1002010BD012010BDFEE700004F
:1077E0002DE9F0410D46044655F8040B0E46206085
:1077F00004224FA12046F8F7CFFF18B14FF0FF3019
:10780000BDE8F0812A6862604BA14F48FFF7D8FDC0
:107810006868A06004224DA104F108000835F8F75B
:10782000BBFF10B16FF00100EAE74AA14648FFF73D
:10783000C7FD55F8040BE060042249A104F10C00D7
:10784000F8F7AAFF30B148A13F48FFF7B9FD6FF044
:107850000200D5E72A68226146A13B48FFF7B0FD48
:10786000A888A08280B2AD1D01280CD003280AD0C0
:10787000062808D0072806D0A0F57F41FE3902D09F
:107880006FF00300BCE735F8020BE08282B23DA145
:107890002D48FFF795FD2A68A2616868E0613DA167
:1078A0002948FFF78DFD40A12748E269FFF788FDD1
:1078B000288920846889608441A123480C35FFF71A
:1078C0007FFDC82241A1284602F079F950F8041B37
:1078D0006162054604223DA104F12400F8F75CFF33
:1078E00010B16FF004008BE755F8042BA26239A1A8
:1078F0001548FFF765FDE562E08A628C014650435A
:10790000238CC71700EB5770B3EBE00F02D06FF07A
:10791000050075E7A0694843E1695043B1EBD00F1A
:1079200002D06FF006006BE7A81B606368E70000F9
:107930005249464600000000776176655F73697AB8
:10794000653A25640D0A0000DC02002057415645C7
:1079500000000000776176655F706173730D0A0047
:10796000666D742000000000666D745F6572726F52
:10797000720D0A00666D745F73697A653A25640D4D
:107980000A0000006E4368616E6E656C733A256490
:107990000D0A00006E53616D706C65735065725313
:1079A00065633A25640D0A006E4176674279746515
:1079B000735065725365633A25640D0A0000000038
:1079C000666D745F706173730D0A000064617461A9
:1079D00000000000646174612073697A653A25646F
:1079E0000D0A00002DE9F0418046ADF6080D144661
:1079F0000F460846F8F720FF024629A1384602F054
:107A0000DEF84FF0FF36C8B14FF4006529466846EE
:107A1000F8F7A0FF01223946404601F051FA020072
:107A200012D021A12348FFF7CBFC23A12148FFF767
:107A3000C7FC30460DF6080DBDE8F081224624A1B2
:107A40001C48FFF7BDFCF4E726A11A48FFF7B8FC75
:107A50000DF500632A466946404601F083FB0200AB
:107A600006D025A11348FFF7ABFC6FF00100E1E75A
:107A700028A11048DDF80028FFF7A2FCDDF8000877
:107A800058B169462046FFF7ABFE05462AA10948D2
:107A9000626BFFF795FC2846CCE76FF00200C9E760
:107AA0002E77617600000000665F7265733A256488
:107AB0000D0A0000DC020020A3A1A3A1B4F2BFAA1A
:107AC000CEC4BCFECAA7B0DCA1A30D0A0000000012
:107AD000B2BBD6A7B3D6B5C4CEC4BCFEC0E0D0CD31
:107AE00000000000A1B7B4F2BFAACEC4BCFEB3C967
:107AF000B9A6A1A30D0A0000A3A1A3A1CEC4BCFEF8
:107B0000B6C1C8A1CAA7B0DCA3BA282564290D0A4A
:107B100000000000A1B7CEC4BCFEB6C1C8A1B3C965
:107B2000B9A62CB6C1B5BDD7D6BDDACAFDBEDDA398
:107B3000BA25640D0A0000007761765F6C656E3AC5
:107B400025640A002DE9FF4F8146D18A00269868F6
:107B500083B01C469246012930D04000804647A1A0
:107B60004948FFF72DFC424648A14748FFF728FC4B
:107B70004046F8F7F1FB00274FF0FF3B00904846E6
:107B800001AB4246D9F80852009901F0EBFA020025
:107B900017D042A13C48FFF713FC484600F0C4FF51
:107BA00001224846049901F08BF900284AD042A1ED
:107BB0003548FFF705FC6FF0010455E020F00100A7
:107BC000CCE7019888B1BAF81600012817D061688F
:107BD00006F00100F9B1A2682368504301EB4001AF
:107BE00003EB40005308009A1DE037A12648FFF739
:107BF000E7FB00213848FAF743FE5C4634E0A16811
:107C000006F001004A082168504301EB400000994A
:107C1000FAF7FDFA09E0A1682268484302EB400048
:107C20004B080021009A00F05FF9761CF6B2594625
:107C3000012002F07FFE0128A1D928A11248FFF7F8
:107C4000BFFB9CE72A463B462CA10F48FFF7B8FB39
:107C50002946484600F09CFF02000CD02CA10A489F
:107C6000FFF7AEFB6FF002040098F8F7A4FB07B033
:107C70002046BDE8F08F2DA1E0E70000706C61792F
:107C800065720D0A00000000DC020020746D704275
:107C90007566206C656E3A25640D0A00A3A1A3A148
:107CA000CEC4BCFEB6C1C8A1CAA7B0DCA3BA282501
:107CB00064290D0A00000000D6D8D0C2B4F2BFAAD1
:107CC000CAA7B0DC0D0A0000CEC4BCFEB6C1C8A174
:107CD000CDEAB1CF0D0A00000C0100205B455252E5
:107CE0004F525D20436F7265206F626C69746572DC
:107CF0006174656420446174612121006F6C6420AB
:107D0000706F696E7465723A25640D0A0000000098
:107D1000D6B8D5EBD2C6B6AFCAA7B0DC2C665F72B8
:107D200065733A282564290D0A000000D6D8D0C210
:107D3000B4ABCAE4BFAACABC0D0A00002DE9F843DF
:107D40000F4681461C46164643A14748FFF738FBBD
:107D50005FEA09004FF0FF353DD0002F3BD0002EE9
:107D600039D0002C37D0002100F012FF020009D0DA
:107D70003EA13D48FFF724FB484600F0D5FE6800D1
:107D8000BDE8F883F08A0128A06821D04000804631
:107D900002463DA13448FFF713FB4046F8F7DCFAF2
:107DA000070018D000256B4642463946484601F088
:107DB000D9F9020011D038A12B48FFF701FB484642
:107DC00000F0B2FE3846F8F7F6FA6FF00200D7E797
:107DD00020F00100DBE72846D2E736A12248009ACE
:107DE000FFF7EEFA25B9706B41003846F8F790FDC1
:107DF000F08A01280CD06168A9B1A0682368024606
:107E0000684303EB400C530801EB40013A4613E092
:107E1000A0682168420802FB05F001EB40003946EA
:107E2000FAF7F5F90BE0A068226800FB05F102EB18
:107E3000410C43083A460021604600F055F86D1C9D
:107E4000022DB0DB24A10848FFF7BAFA3846F8F74C
:107E5000B2FA012094E70000706C617965725F6985
:107E60006E69740D0A000000DC020020D6B8D5EB64
:107E7000D2C6B6AFCAA7B0DCA3AC665F7265733A70
:107E8000282564290D0A0000746D70427566206C07
:107E9000656E3A25640D0A00A3A1A3A1CEC4BCFE61
:107EA000B6C1C8A1CAA7B0DCA3BA282564290D0AA7
:107EB00000000000A1B7CEC4BCFEB6C1C8A1B3C9C2
:107EC000B9A62CB6C1B5BDD7D6BDDACAFDBEDDA3F5
:107ED000BA25640D0A000000776176206D656D7328
:107EE00065740D0A0000000030B518B112B171B10F
:107EF000002421E04FF0FF3030BD00BF32F82140B8
:107F000004F5004444F30B1420F81140491C994235
:107F1000F4D313E032F8245005F5004545F30B1572
:107F200020F8145002EB84056D8805F5004545F3F3
:107F30000B1521F81450641C9C42EBD3184630BD3D
:107F4000490050EAC12018BF04204A0D18BF40F074
:107F5000010040F2FF72B2EB515F08BF40F0020037
:107F6000012808BF052070470907090E002804DB17
:107F700000F1E02080F80014704700F00F0000F1DD
:107F8000E02080F8141D704730380A2801D2012003
:107F900070470020704700000B46024601A10D48C3
:107FA000FFF70EBA57726F6E6720706172616D6570
:107FB000746572732076616C75653A2066696C65CC
:107FC000202573206F6E206C696E652025640D0A74
:107FD00000000000DC02002010B50446002084F8F8
:107FE0000402401EC4F83002204601F0CDFD08B165
:107FF000032010BDB4F8FE01A0F52A41553901D087
:10800000022010BD94F83600B4F8371040EA012180
:108010000848B0EB012F08D094F85210B4F8532060
:1080200041EA0221B0EB012F01D1002010BD012057
:1080300010BD00000046415400E0401C02780AB127
:108040008A42FAD1D0B27047F0B50022184B1446DC
:1080500002EB420653F8265085B1D0F80072BD42BB
:108060000DD103EB8605D0F808626F68B74206D1E0
:108070002D89B0F80662B54204D000E00124521CFC
:10808000022AE5D3022A01D079B904E05CB90229B9
:1080900009D01220F0BD02EB420003EB80004089C2
:1080A000B0F5807F01D00020F0BD1020F0BD0000B1
:1080B000A863002030B50021064A0C4601EB4103BD
:1080C00052F82350854201D142F82340491C02292D
:1080D000F4D330BDA8630020D0F82422D0F80002E9
:1080E000490A90F80202B1FBF0F0121D02CA19B160
:1080F000884203D3401AF8E700207047116808440B
:108100007047D0F81822891E921E8A4201D800209A
:108110007047D0F82C2290F8020201FB0020704733
:1081200010B50348FCF7DCF902490020086010BDD7
:1081300094020020000000202DE9F0410F000546C8
:1081400006D001F0ABFB02280BD20120BDE8F08184
:10815000D5F810621EB1D5F81802B04208D8012631
:1081600006E0411CF2D0D5F818128142EED83E4606
:108170003446D5F81802641CA04202D80224022E0C
:108180000AD32146284601F089FB38B1411CDDD0D5
:108190000128DBD0B442ECD10020D7E76FF0704269
:1081A0002146284602F0E8F930B957B1224639464F
:1081B000284602F0E1F920B1012812D0012420461E
:1081C000C4E7C5F81042D5F81402411CF7D0401E90
:1081D000C5F8140295F8050240F0010085F8050283
:1081E000EDE74FF0FF34EAE72DE9F84F8846824685
:1081F0000D6800E06D1C28782F28FBD05C28F9D092
:108200000024DAF820722646A85D761C202817D3B1
:108210002F2815D05C2813D0FF2C32D2012101F079
:108220003BF95FEA00092CD0B9F1800F04D2014676
:1082300068A0FFF701FF20BB27F81490641CE3E758
:10824000AA19C8F80020202801D2042517E000252B
:1082500015E000BF07EB440030F8020C20280DD0D9
:108260002E280BD06CB1002027F814000B222021FF
:10827000DAF8180201F081FC002606E0641E002CEA
:10828000E8D10620BDE8F88F761C37F816002028C4
:10829000FAD02E28F8D01EB145F0030500E0641E88
:1082A0002CB107EB440030F8020C2E28F7D1002047
:1082B00081464FF0080B009037F8160006F10106D2
:1082C0005FEA000824D0B8F1200F04D0B8F12E0FD7
:1082D00004D1A64202D045F00305EDE700985845C9
:1082E00001D2A6421AD1BBF10B0F0FD0A64201D08A
:1082F00045F003050CD84FF0080000904FEA896064
:1083000026464FF00B0B4FEA1069D5E745F0030501
:10831000DAF818020178E52938D039E04046B8F19A
:10832000800F10D3002101F0B7F85FEA000805D0F4
:108330002B4901EB080010F8800C804645F002053F
:10834000B8F1000F04D0014626A0FFF775FE20B15A
:108350004FF05F0845F003050FE0A8F14100192830
:1083600002D849F0020908E0A8F16100192804D8F0
:10837000413049F001091FFA80F8DAF81822009913
:1083800002F801800098401C009095E705210170DB
:10839000BBF1080F03D14FEA89604FEA1069C9F3B6
:1083A0008100032803D06FEA0901890701D145F054
:1083B0000205A90709D409F00301012901D145F0FB
:1083C0001005012801D145F00805DAF81802C57238
:1083D000002057E7222A3A3C3E3F7C7F0000000005
:1083E0007ECA00082B2C3B3D5B5D0000401E02282E
:1083F00015D20C4B00EB400203EB82014889B0F52B
:10840000807F05D008B1401E80B2488110B104E0E1
:108410000020FAE7002043F82200002070470220E5
:1084200070470000A86300202DE9FC5F054600218D
:1084300000F098FA00286ED1FF204FF6FF7A0090E6
:108440008146A5F824A200BFD5F81012D5F8000285
:1084500001F09AFB06000ED1D5F81442207848B1FD
:10846000E17AE52801F03F0170D00A0704D50F2911
:108470006CD107E0042674E00F2903D0B9F1000F96
:108480004DD052E0D5F8201291B3420608D5627B58
:10849000009220F04000B5F806228146A5F824227B
:1084A000484534D1627B0098824230D101912078D6
:1084B000A04620F04000401E00EB80010027DFF8BE
:1084C000A8B001EBC00601241BF8071001EB08005F
:1084D000008874B101F01EF80446FF2E17D20198EF
:1084E00030F81600761C01F015F8A0420FD102E01A
:1084F00030E050450BD17F1C0D2FE5D398F80000DC
:10850000400609D544B1019830F8160020B1FF208B
:1085100000F0FF091EE025E0A9F10100F8E7204680
:1085200002F06FF9009988421BD0D5F81802C17A81
:10853000C9070BD10A2101E0491E06D314F8012B0B
:1085400010F8013BD21AF7D000E052B14FF0FF090A
:10855000A5F824A20021284600F008F806003FF400
:1085600073AF3046BDE8FC9FFECA00082DE9F0411C
:10857000B0F806620446761C30040F46000C37D073
:10858000D4F8100298B3310773D1401CC4F810021C
:10859000D4F80C12D4F8000231B190F80222521E25
:1085A00012EA161F05D064E0B0F80802B0421FD9E5
:1085B0005FE001F073F9054601281ED9681C3AD026
:1085C000D4F80002D0F81812A94249D87FB1D4F8E3
:1085D0000C12FFF7B1FD05000DD0012D0DD0681C68
:1085E00029D0D4F8000202F074F920BB07E0FFE7BD
:1085F0000420BDE8F0810720FBE70220F9E74FF4F3
:1086000000720021D4F8000201F0B7FA2946D4F82C
:108610000002FFF776FDD4F8001200274FF00108A2
:10862000C1F8300211E000BF80F80482D4F80002E3
:1086300002F04FF908B10120DBE7D4F80002D0F8CE
:108640003012491C7F1CC0F83012D4F8000290F898
:108650000212B942E8D8D0F83012C91BC0F8301263
:10866000C4F80C522946D4F80002FFF74AFDC4F8BA
:108670001002A4F80662D4F8000206F00F0100EB25
:108680004110C4F814020020B3E700002DE9F05FA8
:10869000FF248B460546274604264FF6FF784FF009
:1086A00000096AE0D5F8000201F06EFA060069D10F
:1086B000D5F81402017879B1C27AE52902F03F02B7
:1086C00008D02E2906D022F02003082B06D0B4466D
:1086D000DC4506D0FF2442E0042653E04FF0010CB5
:1086E000F6E70F2A01D0BCBB40E04A0607D5477B1E
:1086F00021F04001B5F806220C46A5F82422A1423B
:108700002BD1417BB94228D10178DFF884A001F058
:108710003F01491E01EB810202EBC1010022D5F8A5
:1087200020C201231AF802600644368833B1FF29BB
:1087300013D22CF811603346491C01E046450CD198
:10874000521C0D2AEED30078400603D5FF2904D22F
:108750002CF81190641E01E00CE0FF24E4B200212B
:108760002846FFF703FF060007D00BE002F049F8A8
:10877000B84209D0A5F8248206E0D5F810120029E5
:1087800090D10EB1C5F810923046BDE8F09F0000C0
:10879000FECA00082DE9FF5FD0F818720446D0F831
:1087A00020620C223946684601F0DEF99DF80B0084
:1087B000C0071AD00020F8720125C4F820022B4609
:1087C00032466946384601F023F82046FFF72CFE72
:1087D00010B96D1C642DF2D3642D0CD004280BD17C
:1087E0009DF80B00F872C4F820629DF80B0080071A
:1087F0000FD5002004E0072004B0BDE8F09F401C26
:1088000036F810100029FAD10D211930B0FBF1F61D
:1088100000E001260021204600F0A4F8A0B90027BE
:10882000D4F81012D4F8000201F0AEF960B9D4F80F
:1088300014020078E5280AD048B10027012120461B
:10884000FFF794FE0028EBD0042812D012E07F1C22
:108850003046B742F2D1461E5FEA060A5FD0B4F84E
:1088600006122046A1EB0A0100F07CF8050003D0B7
:1088700074E00720054671E0D4F8180201F0C1FF4A
:10888000CDF80C00D4F81012D4F8000201F07CF9F5
:10889000050063D1D4F81412D4F8209203984873D9
:1088A0000F20C8720020087388760AF0FF0BC87684
:1088B000ABF1010000EB800202EBC00500234FF694
:1088C000FF7E274E4A1C01E0604503D039F81500B1
:1088D000F4466D1CF75CC85516F80380070A08F8C3
:1088E000027000B960465B1C0D2BEDD3704502D0C1
:1088F00039F8150008B94BF0400B81F800B0D4F8F6
:108900000012012081F8040200212046FFF72EFE0C
:10891000050023D1AAF101005FEA000AB2D1D4F820
:108920001012D4F8000201F02FF9050016D1D4F886
:1089300014022022002104F5007401F01EF9D4E98C
:1089400005010B2201F010F9A0696169C07A00F0FD
:10895000180008732168012081F8040228464BE7BB
:10896000FECA000870B5A0F80612D0F808320D460D
:108970000446012B40D0D4F80002D0F818129942D6
:108980003AD933B990F80012032906D1D0F8283229
:108990001BB190F80202060114E0B0F80812A942D7
:1089A0002AD9D0F8280214E000F078FF0346401CD2
:1089B00020D0022B20D3D4F80002D0F8180298421D
:1089C0001AD9AD1BD4F80002B5421946ECD2FFF714
:1089D00098FBC4F80C3278B100EB1510C4F8100203
:1089E000D4F8000205F00F0100EB4110C4F81402A6
:1089F000002070BD012070BD022070BD084910B577
:108A00000B5C002253B901220A540A1801EB8000C2
:108A1000127A40680168104688470246104610BD29
:108A2000C063002030B4054C231804EB80001B7A8F
:108A3000406804691846A44630BC6047C063002003
:108A400030B4054D2C1805EB8000247A4068856809
:108A50002046AC4630BC6047C0630020044A111871
:108A600002EB8000097A406842680846104700001F
:108A7000C063002030B4054D2C1805EB8000247A2B
:108A80004068C5682046AC4630BC6047C0630020E3
:108A900009490120096809B10020704707494A6A5D
:108AA000002AF9D1044A283212680969491E8A420B
:108AB000F3D1022070470000B80400202C000020F1
:108AC00070B5040005D0164E3068844209D10020EC
:108AD00070BD502080F31188BFF34F8FBFF36F8FAD
:108AE000FEE702F025F8656902F042F870688542F9
:108AF00002D0B068854201D1022070BD094885428C
:108B000004D1A06A0028F7D1032070BD05481438AD
:108B1000854202D00DB1012070BD042070BD00005F
:108B20002C000020E004002070B5054600F04AFC4F
:108B3000040012D1284602F0C9FC04000DD1D5F87A
:108B40000062D5F82802FFF751FC040001D1C5F8F6
:108B500000020021304601F021FF204670BD70B5B3
:108B6000054602F0B3FC04000FD1D5F80062D5F839
:108B70001C0218B1FFF73AFC040002D10020C5F82E
:108B800000020021304601F009FF204670BD0000C0
:108B90002DE9FC5F0D46044602F098FC5FEA0009EF
:108BA00079D194F8071239B1D4F8000201F0F6FE39
:108BB00094F80702BDE8FC9FD4F8240201274FF087
:108BC000020A00287DD0691C33D0D4F80C02A842D8
:108BD00000D20546C4F80852002D5CD02046691E1C
:108BE000FFF77AFA0146C4F81402D4F80002FFF73E
:108BF00088FA002866D0D4F800126D1E91F802227F
:108C0000521E02EA55221518B4F80802C005E4D035
:108C1000D4F81822AA42E0D094F80602400644D5BF
:108C200091F8010201232146FFF724FF002873D1A8
:108C300035E002C80091D4F810128346022509B32A
:108C40000026AD1C01918846761CD4F8000200F085
:108C500025FE0146012835D9481C5DD008F10100E8
:108C60008142F0D00098854206D8CBF800600BF125
:108C70000400019A04C08346D4F80002D0F8180218
:108C80008842DDD8D4F8240205600098854203D8D4
:108C90000021CBF80010CAE04FF01109C7E094F8AA
:108CA000060220F0400084F80602D4F800020123F6
:108CB0002A4690F801022146FFF7C2FE00282BD178
:108CC00001E003E083E0C4F81852B0E0D4F80C02ED
:108CD000A84204D294F80612890700D405464FF042
:108CE0000008D4F80802C4F808823DB3D4F8002282
:108CF00092F802124E0280B1691E401EB1FBF6F1DD
:108D0000B0FBF6F3994208D3711E8843C4F80802F9
:108D10002D1AD4F8141210E072E0D4F8101251B9E0
:108D200000211046FFF708FA014601284FD0481CE1
:108D300066D0C4F81012C4F8141211BB31E000BFA1
:108D400094F806028007D4F8000205D5FFF7F4F97D
:108D5000010004D1354616E000F0A0FD0146481C94
:108D60004ED0012933D9D4F80002D0F81802884235
:108D70002DD9C4F81412D4F80802AD1B3044C4F83D
:108D80000802B542DCD8D4F808022844C4F8080226
:108D9000E80506D0D4F80002FFF7B3F9B8B100EB4C
:108DA0005528B4F80802C00535D0D4F81822424539
:108DB00031D094F80602400618D5D4F800020123F9
:108DC000214690F80102FFF755FEC8B908E084F883
:108DD00007A20221D4F8000201F0E0FD0220E9E63A
:108DE00094F8060220F0400084F80602D4F800024D
:108DF0000123424690F801022146FFF721FE40B1CF
:108E000084F807720121D4F8000201F0C7FD0120A7
:108E1000D0E6C4F81882D4E98201884207D9C4F8A0
:108E20000C0294F8060240F0200084F8060249463D
:108E3000D4F8000201F0B2FD4846BBE62DE9F74147
:108E400081B0904602980090684600F0ECFD040066
:108E500003D50B2004B0BDE8F081184E002756F86A
:108E600024504DB12846FFF725F9D5F80C0200F043
:108E700039FBA0B185F80072019939B181F800720F
:108E8000E0B201F5037100F023FB40B1019846F810
:108E9000240010B1B8F1010F03D00020DAE702205E
:108EA000D8E7002202A901A800F046FB04460146CB
:108EB000019801F073FD2046CCE700000801002076
:108EC0002DE9F74FADF50E7D06000ED04FF00009ED
:108ED00002F01F0727F001028FA980A8C6F80092B0
:108EE00000F02AFB040005D0CDE009200DF5117D2E
:108EF000BDE8F08F4FF4007000F0F9FA5FEA000867
:108F00000BD08AA88690CDF8208268468F9900F011
:108F100045FC859D040006D011E01121809801F0E8
:108F20003DFD1120E2E71DB1780803D0012102E0E8
:108F3000062404E000216846FFF786F8044617F08F
:108F40001C0F5FD04FF0010BD4B1042C13D10020C3
:108F5000524902E0401C022805D200EB400251F8C1
:108F60002220002AF6D1022804D06846FFF712FC1E
:108F7000044600E01224859D47F0080754B146E0FE
:108F8000E87A10F0110F01D0072440E0780701D5EE
:108F900008243CE0380749D500F0E1FCA873010A39
:108FA000E973010C2974000E687485F80B9085F83C
:108FB0001C9085F81D9085F81E9085F81F90294615
:108FC000809800F09FFD82460021284601F011FCA8
:108FD0008099BAF1000F81F804B225D080985146EB
:108FE000D0F830B201F0CEFB040010D18099AAF184
:108FF0000100C1F810025946809800F0C5FD040038
:1090000010D004E01CB9E87AC10605D50424404616
:1090100000F06FFAECB136E0B90703D5C00701D014
:10902000072437E0380701D547F020078098D0F8AB
:109030003002C6E98705780801D0012100E000214F
:10904000684600F00FFDC6F8280210B3404600F055
:1090500050FA86F8067286F807924F46294606F5BA
:109060000076809800F04EFD3061287FD5F81D1005
:1090700040EA0120C6E90270B761776280983060EB
:10908000B0F80602B0802146809801F087FC2046A7
:109090002CE70224404600F02CFAF4E7A8630020F5
:1090A000F3B585B0040009D0002206A9684600F097
:1090B00043FA05004FF0000703D04AE0092007B04B
:1090C000F0BD0098C4F800024FF4007000F00FFAF1
:1090D00006000ED001A8C4F82062C4F81802204689
:1090E000069900F05BFB0546304600F002FA3DB100
:1090F0001CE01121D4F8000201F050FC1120DEE741
:10910000D4F8141239B1C87AC00621D5009800F0FD
:10911000F9FCC4F8080200980021B0F80602A4F88F
:1091200004022046FFF71EFC050002D0042D0FD0DC
:109130000FE0D4F8080240B10021204600F092FC74
:10914000C4F81C0238B9122503E0C4F81C7202E00E
:109150000525C4F800722946009801F01FFC284636
:10916000ADE700002DE9F84F8846002199461546E5
:109170000446196002F0AAF9060007D03146D4F877
:10918000000201F00BFC3046BDE8F88F94F807129E
:1091900031B1D4F8000201F001FC94F80702F3E7C2
:1091A00094F80602C00709D0D4E98210401A0127BA
:1091B0004FF0020A854200D90546B2E00721D4F8F3
:1091C000000201F0EBFB0720DEE700BFD4F8081235
:1091D000C8057CD1D4F8000290F80222521E02EA9F
:1091E000512212F0FF0614D131B1D4F8242232B149
:1091F0002046FEF771FF06E0D4F8100203E0D4F831
:10920000141200F04BFB022823D3411C63D0C4F896
:109210001402D4F81412D4F80002FEF772FFC0B1A1
:1092200030440090680A5FEA000B2FD0D4F8001297
:1092300006EB0B0291F80202824201D9A0EB060B69
:1092400091F801025B464146009AFFF7F9FBE8BB43
:1092500008E084F807A20221D4F8000201F09EFB86
:10926000022091E794F8060240060CD5D4F81812B3
:109270000098081A584506D208EB40204FF40072B7
:10928000214600F071FC4FEA4B263EE0D4F818224C
:109290000098824228D094F8060240060ED5D4F8F1
:1092A00000020123214690F80102FFF7E3FB68B9B1
:1092B00094F8060220F0400084F80602D4F8000278
:1092C0000123214690F80102009A01E003E00EE03C
:1092D000FFF7B6FB40B184F807720121D4F8000211
:1092E00001F05CFB01204FE70098C4F81802B4F8C5
:1092F0000802C0F30800C0F50076AE4200D92E4641
:1093000001193246404600F02FFCD4F80802B04460
:109310003044C4F80802D9F800008119AD1BC9F81F
:109320000010002D7FF452AF0021D4F8000201F0AC
:1093300035FB002028E72DE9FE438846054602F06C
:10934000C5F8040037D1B8F1000F13D04FF4007006
:1093500000F0CDF8060013D0C5F82062C5F818D289
:1093600000212846FFF792F90027044604280FD071
:1093700084B11DE000212846FFF7F4FA04461AE004
:109380001121D5F8000201F009FB1120BDE8FE8390
:10939000C5F810724146284600F0E3FA002128463D
:1093A000FFF7E4F80446042802D10024C5F810723F
:1093B000304600F09EF82146D5F8000201F0EEFAA2
:1093C0002046E3E770B5044602F080F805005BD163
:1093D00094F80602810657D5400617D5D4F8000246
:1093E0000123214690F80102D4F81822FFF742FB2E
:1093F00030B10121D4F8000201F0D0FA012070BD93
:1094000094F8060220F0400084F80602D4F81C12FA
:10941000D4F8000200F0B8FB050035D1D4F8205292
:10942000E87A40F02000E87294F80C022877B4F84B
:109430000C02000A6877D4F80C02000CA877D4F864
:109440000C02000EE877D4F81012284604F50074D8
:1094500001F0CFF900F083FAA875010AE975010C53
:109460002976000E68760020A874E874A07920F0B0
:109470002000A0712168012081F804022068A4F571
:10948000007401F0CBF905462946D4F8000201F03A
:1094900085FA284670BD0000802804D30B4A51B1DC
:1094A000FF2801D90020704702EB4000A0F5805052
:1094B000B0F8000F704732F81130834203D0491CD6
:1094C00089B28029F7D38031C8B2704738CB000801
:1094D00010B50C46012002F045F92060002800D0AC
:1094E000012010BD10B501F05DFC012010BDF6F7A4
:1094F00033BFF6F760BF00231A46194602F0D8B909
:1095000010B54FF47A7102F07DFB012800D00020E5
:1095100010BD00000021064B00E0491C33F811206B
:10952000002A04D08242F8D1024830F81100704776
:1095300038CC000818CE00082DE9FF474FF000098D
:109540000746C0F800901646084600F06CFA050081
:1095500003D50B2004B0BDE8F0878D4850F82540B6
:10956000C4B1204600F0D8FAB0B13C6094F80002D3
:1095700028B194F80102FFF771FAC1070ED084F800
:109580000092E8B284F80102FFF738FAC1070AD066
:109590000320DFE70C20DDE70F20DBE70EB14007FB
:1095A00004D40020D6E71EB1400701D50A20D1E738
:1095B000002529462046FEF70FFD012823D1002073
:1095C0004FEA0D0704EB001191F8C22101F5DF719C
:1095D0002AB10A7AD1F8091042EA012100E00021FB
:1095E00047F82010401C0428ECD3002657F82650DA
:1095F0002DB129462046FEF7EFFC08B909E002200C
:10960000761C042EF2D3032801D0E0BB01E0012038
:10961000A0E7B4F80B00B0F5007F60D1E28A2AB968
:1096200094F82400D4F8251040EA0122C4F81C2242
:10963000217C84F80312012901D002294FD1607BDB
:10964000514384F80202F0B1431E184247D1B4F8E6
:109650001130A4F808321E0741D1B4F813602EB9B6
:1096600094F82060D4F8217046EA0726B4F80EC0BA
:10967000BCF1000F33D00CEB010707EB1317BE4210
:109680002DD3F61B00E02AE0B6FBF0F038B301263C
:1096900040F6F678404500D302264FF6F67840456E
:1096A00000D30326801C2F44C4F82C72AC44C4F8A9
:1096B0001802C4E9885C032E13D083B16144C4F856
:1096C0002812022E19D000F0010100EB400001EB3E
:1096D000500000BF00F2FF10B2EB502F0FD20D2050
:1096E00038E7002BFBD194F82C10D4F82D308000F3
:1096F00041EA0321C4F82812ECE74000EAE74FF002
:10970000FF30C4F81402C4F81002802084F8050267
:10971000032E30D1208E01282DD12046691C00F067
:1097200033FA40BB84F80592B4F8FE01A0F52A4153
:10973000553920D12078D4F8011040EA012015498C
:10974000884218D194F8E401D4F8E51140EA0120E8
:10975000114988420FD194F8E801D4F8E91140EAA0
:109760000120C4F8140294F8EC01D4F8ED1140EA99
:109770000120C4F81002064984F80062091F088815
:10978000401C0880A4F806022046FEF793FC08E778
:1097900008010020525261417272416173B5044662
:1097A000019801782F2901D05C2901D1401C01903A
:1097B0000025C4F8085201980078202806D200211C
:1097C0002046FFF7CFF8C4F814527CBD01A920460B
:1097D000FEF70AFD0028F8D12046FEF725FED4F852
:1097E0001812C97A28B10428EFD14907EDD4052011
:1097F0007CBD4907FCD4D4F81412C87AC006F6D54B
:10980000D4F8000200F07EF9C4F80802DEE7000098
:109810007CB516461C4605460B2200F0A5F9052C22
:1098200011D91A4A0CE00021B61C2346044663F302
:109830005F044008E30300D55440491C1029F4D3C9
:1098400030880028EFD107214FEA0D0204F00F0005
:109850003030392800D9C01D5054491E2409F5D193
:109860007E205054002000E0401C884202D22B5C35
:10987000202BF9D1082902D2535C491C00E0202397
:109880002B54401C0828F5D37CBD0000211001009A
:109890000148006870470000000000202DE9F041F9
:1098A0000D46044602290DD3D4F81802A84209D95E
:1098B00094F800024FF0FF36012807D002282AD082
:1098C000032836D001263046BDE8F081D4F82402C2
:1098D00005EB550700EB5721204600F055F900280D
:1098E000F1D1C7F308007F1C14F80080D4F82402DB
:1098F00000EB5721204600F047F90028E3D1C7F3D9
:109900000800215C48EA0120E90701D00609DAE7EE
:10991000C0F30B06D7E7D4F8240200EB152120464C
:1099200000F032F90028CED1E8B204EB40000688FE
:10993000C9E7D4F8240200EBD511204600F024F941
:109940000028C0D140F2FF1000EA850020440178D1
:10995000D0F8010041EA002020F07046B3E7002073
:1099600070472DE9F0410C4601F10902D0F81012C0
:1099700079B30025D0F814322E26595D6D1C2029AC
:1099800019D0052900D1E521092D01D102F8016B7B
:10999000A1F14107192F0CD81F7B092D02D34FF0DD
:1099A000100C01E04FF0080C17EA0C0F01D0203129
:1099B000C9B202F8011B0B2DDFD3D97A2172197FAE
:1099C000D3F81D5041EA05212160198BA180D98A65
:1099D000E1804FF0000882F80080A669002E20D0B8
:1099E000D0F810120025D1B1E169C1B1B0F824124C
:1099F000A1F57F42FF3A12D0D0F820720BE000218F
:109A0000FFF74AFD18B1E169491EA94201D80025B6
:109A100005E070556D1C37F8020B0028EFD106F8F1
:109A20000580BDE8F08110B504464FF0FF30226894
:109A3000002A13D0114600E0491C0B78202B0ED3CE
:109A40003A2BF9D112F8013B303B0A2B06D28A425D
:109A500004D1002B02D1491C1846216010BD002002
:109A600010BD0000F0B50346254AD3F8004200209F
:109A700000EB400552F82560A6420BD102EB8505AC
:109A8000D3F808626F68B74204D12D89B3F8066233
:109A9000B54202D0401C0228EAD302281AD1002085
:109AA00002E0401C022805D200EB400552F8255088
:109AB000002DF6D1022815D000EB400542F82540D4
:109AC00002EB8504D3F808626660B3F8063223819E
:109AD00000236381002900EB400102EB81014989E9
:109AE00002D019B10020F0BD491C01E04FF4807193
:109AF00000EB400302EB8302401C5181F0BD0000EB
:109B0000A86300200246488B92F80022032A02D163
:109B1000898A40EA01407047D0F80C02FFF7F0BC98
:109B2000F9F756FCFDF70CF9FCF7DEF8FCF71EF828
:109B3000FCF704FAFCF7BEF9FCF7DEF9FBF7F8FFD7
:109B4000FCF752F9FCF782F9FCF72AF9FCF734F834
:109B50000448FAF755FC00F053F8FCF799F800F0C8
:109B60006BF8FEE70402002004E000BF11F8013B9F
:109B700000F8013B521EF9D27047C9B201E000F86B
:109B8000011B521EFBD2704770B50546D0F830025B
:109B90000C460026A04210D0284600F09AFE06008F
:109BA0000BD195F80102012322462946FEF748FF12
:109BB00008B1741E0126C5F83042304670BD2DE94B
:109BC000F04117460E46C8B1C6B1BFB13178002981
:109BD0000ED0044635462846F6F72EFE0CE02178D6
:109BE0002A78914206D115F8011F641C21B9201A68
:109BF000BDE8F0813546641C7F1EF0D20020F7E7F7
:109C0000EFF3058058B9EFF3108040B909490868AF
:109C1000022801D030B109E0EFF3118030B16FF0CC
:109C20000500704701200860002070474FF0FF30AA
:109C3000704700008400002010B5EFF3058060B984
:109C4000EFF3108048B90B490868022802D00128B8
:109C500006D00BE0EFF3118040B16FF0050010BDAE
:109C60000220086001F092FB002010BD4FF0FF3091
:109C700010BD000084000020F0B585B00B464FF009
:109C80000004EFF305810394A1BBEFF3108189BBBE
:109C900021490968022902D1EFF3118151BB48B370
:109CA000402618218DF8104004AD42B3176807B163
:109CB0003D4697691FB139467F1E382F02D217796A
:109CC000FF0702D0002005B0F0BD576907B1BE08FC
:109CD000D2F808C0BCF1000F0DD0D468602C18D3A6
:109CE00012693AB137B18DE806103246294602F0C2
:109CF000ACF803900DE0D7685FB912694AB903AABE
:109D0000CDE90012B2B2294602F072F8012800D063
:109D100003940398D7E70000840000202DE9F04168
:109D2000134C0F46054666692068001D00F045FE8D
:109D3000681C07D137B12168BDE8F0410D48091D05
:109D400000F0EABE20683544B5424560216805D27E
:109D5000A068BDE8F041091D00F0C6BE6068091D9D
:109D600000F0C2FE206B854200D22563BDE8F08181
:109D70002C000020E00400202DE9F041054600F011
:109D8000D7FE2E4C2069401C206120682C4F10B15A
:109D9000E06940B32DE025602069012829D1002623
:109DA00006EB860007EB800000F090FE761C082E84
:109DB000F6D32348A03000F089FE2148B43000F0EB
:109DC00085FE1F48C83000F081FE1D48DC3000F0E1
:109DD0007DFE1B48F03000F079FE1948A03060602D
:109DE0001430A06005E02068E96AC06A884200D8A3
:109DF0002560E06A401CE0626864E86AA169884204
:109E000000D9A06100EB800007EB8000291D00F065
:109E100083FE00F0ADFEE06900280CD02068E96AFE
:109E2000C06A884207D207494FF080500860BFF3EC
:109E30004F8FBFF36F8FBDE8F08100002C00002032
:109E4000F003002004ED00E038B500F071FE104C86
:109E5000A068C8B90F4800F039FE0E48143000F071
:109E600035FE0C482060143060600A4B0020283317
:109E7000009003F1500210210A2001F0A2FCA06022
:109E800010B105A100F07AFFBDE8384000F070BEC7
:109E900070000020F4040020546D72510000000096
:109EA00030B4026C0B46002A0BD0C1681144C1606B
:109EB0004468A14201D30168C16030BC1846F6F77E
:109EC000DABC30BC70472DE9F041856B174604467B
:109ED0000026026C82B1C7B1E068F6F7CCFCE168FD
:109EE000206C091AE1602268914202D26168081A66
:109EF000E060022F16D017E02068A8B9606802F071
:109F0000F3F80646002060600EE0A068F6F7B3FCA8
:109F1000216CA0680844A0606168884204D320686E
:109F2000A06001E005B16D1E6D1CA5633046BDE863
:109F3000F08110B5044690F85D0058B101280CD0AE
:109F400002280FD0502080F31188BFF34F8FBFF34A
:109F50006F8FFEE7206B00F01FFE2046BDE810402B
:109F600000F01ABE10BD000009480021826902B14C
:109F700001210268D26A0AB100207047054A1268BE
:109F8000012AF9D80029F7D1016B4069081A7047F6
:109F90002C000020F003002010484FF4A04142079D
:109FA00006D0C01D0D4920F00700411AC1F5A0419F
:109FB0000B4A00230144C2E900030839103A21F09A
:109FC000070111604B600B600B1AC0E9001393602E
:109FD0004FF000405360D06070470000CC09002073
:109FE00098000020204C214E12E000BF00F0A0FDA0
:109FF000F068C568281D00F0E0FC2069401E206163
:10A00000E068401EE06000F0B3FD2846FFF791FFD6
:10A01000E0680028EAD11548DC380068012807D933
:10A0200013494FF080500860BFF34F8FBFF36F8F1D
:10A03000FFF79AFF0228D6D301F002FA206B61697C
:10A04000884207D2502080F31188BFF34F8FBFF3AF
:10A050006F8FFEE7FFF788FF022801D300F0EEFDC7
:10A0600002F0F8F8BFE700002C000020CC0400202C
:10A0700004ED00E0002807D00021416001600B469C
:10A080000A46C16001F014BC7047000070B51D465F
:10A09000049C51B1C4F80020C4E90F0101212046FD
:10A0A00001F0C2FB84F84C5070BD2460F4E72DE948
:10A0B000F0470E46DDE9098417468246910099462D
:10A0C000089DA522206BF6F71BFC6FF00301206BA7
:10A0D00001EB8701084420F00707780707D05020DC
:10A0E00080F31188BFF34F8FBFF36F8FFEE7221805
:10A0F000315C82F83410315C11B1401C1028F6D369
:10A10000002684F84360082D00D30725E562C4E9E2
:10A110001356201D00F0E5FC04F1180000F0E1FCEE
:10A120002461C5F108006462A0616665A66584F8D3
:10A130005C604A465146384600F012FB2060B8F198
:10A14000000F01D0C8F80040BDE8F08730B51149D4
:10A1500000E011460A688242FBD34B685C188442D7
:10A1600003D1406818444860084643681C1894426C
:10A1700009D1084C103C2468A24209D052681A4404
:10A1800042600A6812680260814200D0086030BDF7
:10A190000460F9E79800002070B5002441600B4D81
:10A1A0000061914206D8D11A8269914206D2011DFE
:10A1B000686807E09A4203D2994201D3012403E080
:10A1C000011D286800F090FC204670BD7000002042
:10A1D00010B5044600F0ACFCA06B28B15FF00004A1
:10A1E00000F0C6FC204610BD0124F9E72DE9F04738
:10A1F0008146086892460C46002600B3606804F168
:10A20000080540686060A84201D1416861606068EB
:10A21000D0F80C80606840686060A84201D1416855
:10A220006160606806EBC60109EB8101C7685346AF
:10A230000122384600F072FE761C4745EAD13046CE
:10A24000BDE8F08730B589B0304D55E0049800285E
:10A2500006DADDE90601059A9047049800284BDBF1
:10A26000069C606910B1201D00F0A7FB02A800F059
:10A27000B9F8024604980A283ED2DFE800F0050546
:10A28000053D263705053D260598A169034601448D
:10A290002046FFF781FF00B3616A20468847E069E6
:10A2A000012829D1002000900598A16900234218B7
:10A2B0001946204602F060F878B9502080F31188E2
:10A2C000BFF34F8FBFF36F8FFEE70598A06128B1F2
:10A2D000811813462046FFF75FFF0DE0502080F302
:10A2E0001188BFF34F8FBFF36F8FFEE794F82C00F8
:10A2F00010B9204600F050FC002204A9A86801F023
:10A30000E5FB0028A2D109B030BD0000700000209C
:10A310002DE9FC410F46054601F092F801A800F036
:10A3200061F80446019818B101F094FFBDE8FC8182
:10A33000224EAFB170680068A8B30027291B3A46C7
:10A34000B06800F05BFD01F085FF0028EED11C49EC
:10A350004FF080500860BFF34F8FBFF36F8FE5E77A
:10A36000A542EBD801F076FF30682746C068C46884
:10A37000201D00F022FBE069012810D1A0692B46C6
:10A3800041193A462046FFF707FF40B10020034637
:10A39000014600902A46204601F0EEFF20B1616A96
:10A3A00020468847C2E707E0502080F31188BFF3BA
:10A3B0004F8FBFF36F8FFEE70127BFE770000020CC
:10A3C00004ED00E006484168096829B14168C968A0
:10A3D000C9684968016370474FF0FF31FAE7000030
:10A3E0002C00002070B5054601F0CEFD064E044657
:10A3F0003069844203D200F009F8012000E0002017
:10A4000028602046346170BD70000020F8B5194DF9
:10A410001FE0C068C4680668201D00F0CEFA616ABB
:10A4200020468847E069012813D1A0693044B04232
:10A4300006D924616060211D286800F055FB08E002
:10A4400000200346014600903246204601F094FF6A
:10A4500038B1286801680029DBD16968C5E90010B6
:10A46000F8BD502080F31188BFF34F8FBFF36F8F7B
:10A47000FEE7000070000020002101E0401C491CA4
:10A480000278A52AFAD0C1F38F00704708484068C7
:10A49000401C4FF0500080F3118804D0BFF34F8F61
:10A4A000BFF36F8FFEE7BFF34F8FBFF36F8FFEE7F2
:10A4B000A00000200346002012B1994302D070474B
:10A4C0000B42FCD001207047074C2068016841B165
:10A4D000C0680021D0F80000FFF71AFFFFF7B2FEB6
:10A4E000F3E701210020F7E7700000202DE9F0419B
:10A4F000044600F01DFB94F9455004F1240609E0E0
:10A50000606A48B1304601F06BFE08B100F004FE0D
:10A510006D1E6DB2002DF3DC4FF0FF3684F8456000
:10A5200000F026FB00F004FB94F9445004F11007FE
:10A5300009E0206948B1384601F052FE08B100F048
:10A54000EBFD6D1E6DB2002DF3DC84F84460BDE8B8
:10A55000F04100F00DBB10B50446F6F749F920466E
:10A56000F6F76AF9202101E02154401C0F28FBD3A3
:10A5700000212154204410BD2DE9F04717460D4617
:10A580000446022903D3D4F81802A84202D80220B4
:10A59000BDE8F08794F8001207F0FF084FF00109BA
:10A5A000012920D0022950D00329F0D1D4F8240267
:10A5B00000EBD5112046FFF7E7FA0028E8D140F27A
:10A5C000FF1101EA85010A194FF07043D2F801101A
:10A5D00003EA0121394311700B0A53700B0C93707D
:10A5E000090ED17041E0D4F8240205EB550600EBCA
:10A5F00056212046FFF7C8FA0028C9D1C6F3080043
:10A60000761C2044E90703D0017868F31F1100E0AD
:10A610003946017084F80492D4F8240200EB5621E4
:10A620002046FFF7B1FA0028B2D1C6F30801214451
:10A63000EA0702D0C7F3071205E00A78C7F303233D
:10A6400002F0F0021A430A700FE0D4F8240200EB83
:10A6500015212046FFF798FA002899D1E9B204EBBA
:10A6600041013A0A81F800804A7084F804928FE729
:10A670002DE9F0410546002700F0E2FE314E30683A
:10A6800008B9FFF789FCF06805424BD1C5B308351E
:10A6900068070ED005F00700C0F108000544680700
:10A6A00007D0502080F31188BFF34F8FBFF36F8F17
:10A6B000FEE72DB37068854234D822481030014639
:10A6C0000C6801E020460C466168A94202D221686C
:10A6D0000029F7D131688C4224D0076821680160D5
:10A6E00060680837411B10290FD96019420708D04C
:10A6F000502080F31188BFF34F8FBFF36F8FFEE7B9
:10A7000010E041606560FFF721FD61687068401AE4
:10A710007060B268904200D2B060F06801430020DF
:10A72000C4E9000101F096FD780707D0502080F3BE
:10A730001188BFF34F8FBFF36F8FFEE73846BDE838
:10A74000F0810000880000200449086818B10868FA
:10A75000026D521C02650868704700002C00002042
:10A7600010B5031F4FF080741C601B1F21F0010106
:10A770001960191F024B0B60143940380A6010BD74
:10A780008DA400082DE9F0410F460646022917D393
:10A79000D6F81802B84213D9002523E039463046CE
:10A7A000FFF77CF8040021D0012C09D0601C09D0EF
:10A7B000002239463046FFF7DFFE050016D103E0E0
:10A7C000022513E0012511E0D6F81402411C08D03F
:10A7D000401CC6F8140296F8050240F0010086F805
:10A7E00005022746D6F81802B842D7D82846BDE851
:10A7F000F08181760A0AC2760A0C0275090E41754B
:10A800007047014600200B22430803EBC01011F8EB
:10A81000013B521E1844C0B2F6D1704770B50446D1
:10A8200000F057F8050052D194F80002032846D1F1
:10A8300094F80502012842D1420200212046FFF788
:10A840009CF9552084F8FE01AA2084F8FF015220CB
:10A85000207060706120A0704121E170722284F844
:10A86000E42184F8E52184F8E61184F8E701D4F8BE
:10A87000140284F8E801010A84F8E911010C84F853
:10A88000EA11000E84F8EB01D4F8100284F8EC0110
:10A89000010A84F8ED11010C84F8EE11000E84F821
:10A8A000EF01D4F820220123521CC4F8302294F87E
:10A8B00001022146FEF7DEF8002084F8050200229E
:10A8C00094F801021146FEF7ADF800B101252846C3
:10A8D00070BD2DE9F041044690F80402002728B32A
:10A8E000D4F8305294F8010201232A462146FEF79B
:10A8F000C1F808B1012719E0002084F80402D4F857
:10A900002402D4F81C12281A88420FD294F8036249
:10A910000AE0D4F81C020123054494F801022A46F7
:10A920002146FEF7A7F8761E022EF2D23846BDE881
:10A93000F081000070B50C46064600F0F9F8154DA0
:10A940002868806D80B92968012081F85C005CB1BD
:10A9500001212046FFF7E2F90F494FF080500860CF
:10A96000BFF34F8FBFF36F8F00F002F900F0E0F8F4
:10A970002868846D002034B116B12968886502E02A
:10A980002A68611E9165296881F85C0000F0F0F882
:10A99000204670BD2C00002004ED00E000280BD004
:10A9A0000C2909D00B2907D0092905D00F2903D07C
:10A9B000D0F80C02FEF79FBD7047D0E90132016963
:10A9C0009A60D0E901235A604A68824201D18268C4
:10A9D0004A60002202610868401E086008687047EB
:10A9E0002DE9F04717460A4605460024082600F0E0
:10A9F00027FDDFF89080D8F8100082423CD3DFF8C2
:10AA00008890761E06EB860104EBC40009EB8101F9
:10AA100005EB80000122FFF7E9FB0444002EF0D192
:10AA200004EBC40005EB800002224646D8F804106F
:10AA3000FFF7DCFB044404EBC40005EB80000222BA
:10AA4000B168FFF7D3FB04440F4904EBC40005EBE6
:10AA500080000422DC31FFF7C9FB04440A4904EBFF
:10AA6000C40005EB80000322F031FFF7BFFB044474
:10AA700017B1FEF70DFF386001F0ECFB2046BDE892
:10AA8000F08700002C000020F00300200449086833
:10AA90000A688069D26A0968C2F108028A6170474F
:10AAA0002C000020034B036003F16000086040208D
:10AAB000106070470C060020034B036003F1600038
:10AAC00008608020106070476C07002000F10801CA
:10AAD0004FF0FF32C0E90112C16001610021016045
:10AAE000704700210161704730B50B685A1C02D0D5
:10AAF00000F1080202E0026904E022465468256879
:10AB00009D42FAD953684B6099608A605160086130
:10AB10000168491C016030BD42684A6093688B60DF
:10AB200093685960916008610168491C0160704731
:10AB3000502080F31188BFF34F8FBFF36F8F0A4906
:10AB40004868401C486001280CD10848006810F093
:10AB5000FF0F07D0502080F31188BFF34F8FBFF352
:10AB60006F8FFEE770470000A000002004ED00E0BA
:10AB70000849486828B1401E486001D180F3118817
:10AB80007047502080F31188BFF34F8FBFF36F8F52
:10AB9000FEE70000A000002070B5002827D0144D6B
:10ABA000A0F108046168E868014207D1502080F3F1
:10ABB0001188BFF34F8FBFF36F8FFEE722683AB162
:10ABC000502080F31188BFF34F8FBFF36F8FFEE7E4
:10ABD0008143616000F034FC606869680844686023
:10ABE0002046FFF7B3FABDE8704001F033BB70BDFB
:10ABF000880000200F4810B501684FF47A72B1FB4D
:10AC0000F2F30D486FF07F448360B4FBF3F3C3604D
:10AC1000B1FBF1F32D24B4FBF3F303614FF0E0201B
:10AC2000002303618361B1FBF2F1491E41610721F9
:10AC3000016110BD28000020A0000020F1B5394DB1
:10AC400082B00299E868814200D902904FF0E02476
:10AC5000206920F001002061A1690298AA68401EC5
:10AC600002FB00162869864200D9361A72B6BFF375
:10AC70004F8FBFF36F8FFDF70BFF98B3666100270F
:10AC8000A761206940F001002061029800906846A9
:10AC9000FBF7EEF9009820B1BFF34F8F30BFBFF341
:10ACA0006F8F02A8FBF7E3F962B6BFF34F8FBFF3D4
:10ACB0006F8F72B6BFF34F8FBFF36F8F0620206187
:10ACC0002069C00316D5A0692A69311AA868411AFB
:10ACD000491E914201D3814200D9411E616102980F
:10ACE000401E12E0FFE7A0696061206940F00100AA
:10ACF000206111E00298AA68A1695043411AB1FB92
:10AD0000F2F0431C5343591A6161A761216941F074
:10AD10000101216100F080FBA868401E606162B6FD
:10AD2000FEBD0000A000002010B5F5F7F1FA1149B2
:10AD300010280ED300F1E02090F8F0030A7890423A
:10AD400007D2502080F31188BFF34F8FBFF36F8F6E
:10AD5000FEE709480068496900F4E060884207D9C5
:10AD6000502080F31188BFF34F8FBFF36F8FFEE742
:10AD700010BD0000A00000200CED00E010B5084B55
:10AD8000002200BF53F832401CB1521C082AF9D3EC
:10AD900010BD43F8321003EBC201486010BD000043
:10ADA000B003002010B504000AD000F013F894F8A6
:10ADB000460000280CD12046BDE81040FFF7ECBE4D
:10ADC000502080F31188BFF34F8FBFF36F8FFEE7E2
:10ADD00010BD0000084A002102EBC1035B688342FA
:10ADE00006D1002042F8310002EBC10148607047F3
:10ADF000491C0829F0D37047B003002070B51546F0
:10AE00000E460446FFF794FE94F944100020491CB6
:10AE100001D184F8440094F94510491C01D184F80B
:10AE20004500FFF7A5FEA06B28B92A46314604F17C
:10AE3000240000F0E7F92046BDE87040FFF756BB5C
:10AE400010B5020014D00F48806B38B1502080F349
:10AE50001188BFF34F8FBFF36F8FFEE700F0F0FA5A
:10AE600000211046FEF75AFF01F0F4F9002807D13F
:10AE700005494FF080500860BFF34F8FBFF36F8FCD
:10AE800010BD00002C00002004ED00E070B5054668
:10AE9000FFF74EFE1E4C05B92568281DFFF78DFDF6
:10AEA000A86A18B105F11800FFF787FDE06A401C99
:10AEB000E0622068854207D1291D1648FFF72CFE65
:10AEC000E068401CE06007E02069401E20612846E1
:10AED000FFF72FF8FFF776FAFFF74AFEE069002840
:10AEE00014D02068854211D1A06B38B1502080F376
:10AEF0001188BFF34F8FBFF36F8FFEE706494FF006
:10AF000080500860BFF34F8FBFF36F8F70BD00009C
:10AF10002C000020CC04002004ED00E02DE9F041DD
:10AF20000C461B491646B8B14FEA000505F134003E
:10AF3000C4E90050E86A2061286BE061686CA06099
:10AF4000E86C6061686D0027A061052B12D008686D
:10AF5000854203D1277311E00D68E7E72373032BC4
:10AF60000CD100F06DFAA86A08B10220207301F03C
:10AF700071F903E02846FDF7A3FD20732EB1286B7D
:10AF8000FFF77AFA2084BDE8F0812784FBE7000010
:10AF90002C00002070B586B00025064605702348B9
:10AFA00001690091006900EBC0008000FFF760FBC1
:10AFB000040038D003AA0099FFF712FD009003980F
:10AFC0006421B0FBF1F0039050B32846019524E0D2
:10AFD00000EBC00004EB8000039A8169B1FBF2F53D
:10AFE00041683046FFF7B7FA0646019800EBC0000B
:10AFF00004EB800082692DB12B460DA13046F5F798
:10B000008BFA03E00DA13046F5F786FA3046F5F7E6
:10B0100013FC06440198401C019000998842D7D344
:10B020002046FFF7B9FD06B070BD00002C000020DF
:10B030000925750909257525250D0A0009257509B4
:10B04000093C3125250D0A0002498A6A02604969D6
:10B05000416070472C00002070B586B00024064681
:10B060000470284801690291006900EBC00080006B
:10B07000FFF7FEFA050042D000220299FFF7B0FC6C
:10B0800002900494204631E000EBC00005EB800004
:10B09000017B05290ED2DFE801F0030507090B004B
:10B0A000582408E0522406E0422404E0532402E03D
:10B0B000442400E0002441683046FFF74CFA06467D
:10B0C000049800EBC00005EB80008268018CCDE99C
:10B0D0000012036922460CA13046F5F71DFA3046EE
:10B0E000F5F7AAFB06440498401C04900299884294
:10B0F000CAD306B02846BDE87040FFF74DBD06B084
:10B1000070BD00002C000020092563092575092564
:10B11000750925750D0A0000014901204862704734
:10B120002C0000202DE9F0410E46040015D0FFF759
:10B13000FBFD5020EFF3118580F31188BFF34F8F93
:10B14000BFF36F8F94F85C00022184F85C10A16D4E
:10B15000491CA165012808D033E0502080F31188F4
:10B16000BFF34F8FBFF36F8FFEE7A06A38B1502057
:10B1700080F31188BFF34F8FBFF36F8FFEE7134F3C
:10B18000B86B18B104F1180111480EE0201DFFF74B
:10B1900014FCE06AB969884200D9B8610C4900EB37
:10B1A0008000C83901EB8000211DFFF7B5FCE06A83
:10B1B0003968C96A884204D901200EB1306000E0C4
:10B1C000786285F31188BDE8F08100002C00002032
:10B1D000B804002010B50C4650B10949096818316F
:10B1E000FFF782FC2046BDE810400121FEF796BD26
:10B1F000502080F31188BFF34F8FBFF36F8FFEE7AE
:10B200002C00002070B514460D4668B10A49096843
:10B210001831FFF781FC0CB14FF0FF35214628466D
:10B22000BDE87040FEF77ABD502080F31188BFF36F
:10B230004F8FBFF36F8FFEE72C00002010B5144630
:10B24000030011D01048826BB2B1026841F0004196
:10B250009161016818461831FFF75EFC2046BDE891
:10B2600010400121FEF75ABD502080F31188BFF332
:10B270004F8FBFF36F8FFEE7502080F31188BFF32D
:10B280004F8FBFF36F8FFEE72C00002070B50400D6
:10B290003ED0226DA2B1E06C884200D30146E06A44
:10B2A000884235D0012A33D11A4D2A6894420FD1F1
:10B2B000502080F31188BFF34F8FBFF36F8FFEE7ED
:10B2C000502080F31188BFF34F8FBFF36F8FFEE7DD
:10B2D000E162A269002A02DBC1F10801A1610E4E00
:10B2E00000EB8000616906EB8000814210D1201DD7
:10B2F000FFF763FBE06AA969884200D9A86100EB07
:10B30000800006EB8000211DBDE87040FFF704BC03
:10B3100070BD00002C000020F003002070B5194D16
:10B32000AA6BF2B141F000410160C4680CB3FFF7B1
:10B3300044FB201DFFF741FBE06AA969884200D960
:10B34000A861114900EB800001EB8000211DFFF78F
:10B35000E3FBE06A2968C96A884201D90120686272
:10B3600070BD502080F31188BFF34F8FBFF36F8FF4
:10B37000FEE7502080F31188BFF34F8FBFF36F8F2C
:10B38000FEE700002C000020F003002030B587B05D
:10B390000024039405AA04A903A80494FFF782FBE0
:10B3A000DDE903010094CDE90110002316A118483E
:10B3B000059A00F04AFD174D0028686321D000F07F
:10B3C000ABFF012809D0401C1BD1502080F311880D
:10B3D000BFF34F8FBFF36F8FFEE7502080F31188CC
:10B3E000BFF34F8FBFF36F8F4FF0FF302863012003
:10B3F000E8616C61FCF794FE07B0BDE8304000F0F6
:10B400005DB907B030BD000049444C450000000064
:10B41000E59F00082C00002008494A690B6B024494
:10B420009A4207D9502080F31188BFF34F8FBFF3A2
:10B430006F8FFEE74A691044486170472C00002076
:10B440000248816B491C8163704700002C0000207A
:10B4500010B51C4CA06B10B10120606210BD002023
:10B460006062FEF715FA2064E26B904204D921680D
:10B47000821A4B6D1A444A65E063A069124901E0E3
:10B48000B8B1401E00EB800251F82220002AF7D00C
:10B4900000EB800201EB820101F108034A68526867
:10B4A0004A609A4201D152684A60D1682160A06125
:10B4B00010BD502080F31188BFF34F8FBFF36F8F03
:10B4C000FEE700002C000020F003002010B504006F
:10B4D00011D0D4F8000270B190F8001259B1B0F850
:10B4E0000612B4F80422914205D190F80102FDF74A
:10B4F000B5FAC00701D0092010BDD4F80002FEF74C
:10B500000BFB08B1002010BD0F2010BD70B520202E
:10B51000FFF7AEF8040005D00025201D2560FFF7D9
:10B52000D5FA2577204670BD2DE9F04100278846E1
:10B5300004000AD05FEA18600FD0502080F3118811
:10B54000BFF34F8FBFF36F8FFEE7502080F311885A
:10B55000BFF34F8FBFF36F8FFEE7261D04F10C057D
:10B56000FFF76EFF2168F06841EA0801216017E0EB
:10B57000D0E9001601F07F425301236821F07F419A
:10B5800002D40B4203D10AE031EA030307D1D2010E
:10B5900000D50F43216841F00071FFF7BFFE304630
:10B5A000A842E5D12068B843206000F053FE20682F
:10B5B000BDE8F0812DE9F0479A46DDF820909046ED
:10B5C0000D4604004FF0000709D0280E0FD0502080
:10B5D00080F31188BFF34F8FBFF36F8FFEE75020CA
:10B5E00080F31188BFF34F8FBFF36F8FFEE71DB15C
:10B5F00000F0BCFC40B112E0502080F31188BFF392
:10B600004F8FBFF36F8FFEE7B9F1000F07D05020C7
:10B6100080F31188BFF34F8FBFF36F8FFEE7FFF703
:10B620000FFF2668524629463046FEF743FF30B1E9
:10B63000B8F1000F1AD02068A843206016E0B9F1D5
:10B64000000F13D0B8F1000F01D04FF08077BAF19E
:10B65000000F01D047F0806745EA07014A46201DE8
:10B66000FFF7ECFD00F0F6FD18B10AE000F0F2FD86
:10B670001FE011494FF080500860BFF34F8FBFF3B8
:10B680006F8FFFF703FA0646800110D4FFF750FAD8
:10B690002668524629463046FEF70CFF28B1B8F11D
:10B6A000000F02D02068A8432060FFF761FA26F05F
:10B6B0007F463046BDE8F08704ED00E01CB5264922
:10B6C00008780190FF20087008788DF800009DF838
:10B6D00000009DF8002000F0F000904207D05020BC
:10B6E00080F31188BFF34F8FBFF36F8FFEE79DF894
:10B6F00000001A4C00F0500020700720606105E047
:10B700009DF8002052008DF80020401E9DF800207A
:10B710001206F5D46061032807D0502080F3118809
:10B72000BFF34F8FBFF36F8FFEE74FF44070606140
:10B73000019808700A48016841F4700101600168CD
:10B7400041F070410160FFF755FA00206060F4F7A6
:10B75000A9FD00201CBD000000E400E0A0000020C6
:10B7600020ED00E010B502460021012000F005F8B0
:10B770000446FEF77FFC204610BDF8B517460E467E
:10B78000050014D0DEB105FB06F05030FEF770FF67
:10B7900004000AD0002084F8460004F150023B4621
:10B7A000314628460094FEF771FC2046F8BD502033
:10B7B00080F31188BFF34F8FBFF36F8FFEE7002038
:10B7C000E3E738B5049D18B153B1CAB181B120E0A7
:10B7D000502080F31188BFF34F8FBFF36F8FFEE7C8
:10B7E000502080F31188BFF34F8FBFF36F8FFEE7B8
:10B7F000502080F31188BFF34F8FBFF36F8FFEE7A8
:10B8000039B1502080F31188BFF34F8FBFF36F8F92
:10B81000FEE750241C46012384F846302B46009452
:10B82000FEF734FC204638BD70B50D46040025D027
:10B83000FFF77EF9D4E90F20216802FB0011616057
:10B840000021A1632168A1600A46D4E90F01401ECE
:10B8500000FB0121E16021464FF0FF3001F8440F69
:10B86000487004F110008DB1FFF730F904F12400A5
:10B87000FFF72CF9FFF77CF9012070BD502080F311
:10B880001188BFF34F8FBFF36F8FFEE72169002947
:10B89000F0D000F0A5FC0028ECD004494FF0805017
:10B8A0000860BFF34F8FBFF36F8FE3E704ED00E055
:10B8B0002DE9FF4782B01D468A464FF0000804007C
:10B8C00003D0BAF1000F08D011E0502080F31188A6
:10B8D000BFF34F8FBFF36F8FFEE7206C38B150205E
:10B8E00080F31188BFF34F8FBFF36F8FFEE7022DF8
:10B8F0000AD1E06B012807D0502080F31188BFF3F4
:10B900004F8FBFF36F8FFEE700F030FB3F4F4FF0DC
:10B9100000094FF0805648B9049838B1502080F3A0
:10B920001188BFF34F8FBFF36F8FFEE7FFF700F96A
:10B93000A06BE16B884207D3022D05D00498D0B1EB
:10B94000B8F1000F1AD01EE02A4651462046FEF7F5
:10B95000BAFA616A19B104F1240000F041FC20B187
:10B960003E60BFF34F8FBFF36F8FFFF701F90120E8
:10B9700006B0BDE8F087FFF7FBF822E06846FFF766
:10B9800063FB4FF00108FFF7F3F8FFF759FDFFF7EE
:10B99000CFF894F94400401C01D184F8449094F904
:10B9A0004500401C01D184F84590FFF7E1F804A957
:10B9B000684600F0E3F930B12046FEF797FD00F04D
:10B9C00049FC0020D4E7FFF7B3F8A06BE16B884295
:10B9D00013D1FFF7CDF804F110000499FFF7FAFB3B
:10B9E0002046FEF783FD00F035FC00289ED13E6026
:10B9F000BFF34F8FBFF36F8F98E7FFF7B9F820467B
:10BA0000FEF774FD00F026FC90E7000004ED00E076
:10BA10002DE9F0471F4690468946040003D0B9F14E
:10BA2000000F08D011E0502080F31188BFF34F8F32
:10BA3000BFF36F8FFEE7206C38B1502080F3118880
:10BA4000BFF34F8FBFF36F8FFEE7022F0AD1E06B7A
:10BA5000012807D0502080F31188BFF34F8FBFF328
:10BA60006F8FFEE7FFF760F95020EFF3118680F348
:10BA70001188BFF34F8FBFF36F8FA06BE16B8842CC
:10BA800006D3022F04D0002086F31188BDE8F0878A
:10BA900094F945503A4649462046FEF714FA681C88
:10BAA00004D06D1C84F845500120EDE7606A002841
:10BAB000FAD004F1240000F093FB0028F4D0B8F190
:10BAC000000FF1D00121C8F80010EDE72DE9F7478C
:10BAD000002683B08A46040003D0BAF1000F08D0D4
:10BAE00011E0502080F31188BFF34F8FBFF36F8FA9
:10BAF000FEE7206C38B1502080F31188BFF34F8FE0
:10BB0000BFF36F8FFEE700F031FADFF8F4804FF0FB
:10BB100000094FF0805748B9059838B1502080F39C
:10BB20001188BFF34F8FBFF36F8FFEE7FFF700F869
:10BB3000A56BC5B151462046FEF7B2F96D1EA5634F
:10BB4000206950B104F1100000F04AFB28B1C8F898
:10BB50000070BFF34F8FBFF36F8FFFF709F801201D
:10BB600006B0BDE8F087059808B11EB106E0FEF703
:10BB7000FFFF27E06846FFF767FA0126FEF7F8FFA8
:10BB8000FFF75EFCFEF7D4FF94F94400401C01D19E
:10BB900084F8449094F94500401C01D184F8459004
:10BBA000FEF7E6FF05A9684600F0E8F80028204601
:10BBB0000AD0FEF79BFC00F04DFB2046FEF708FB89
:10BBC0000028B3D00020CBE7FEF702FB90B104F1D0
:10BBD00024000599FFF7FEFA2046FEF787FC00F0E7
:10BBE00039FB0028A2D1C8F80070BFF34F8FBFF314
:10BBF0006F8F9BE72046FEF779FC00F02BFB95E763
:10BC000004ED00E02DE9F343002683B0040035463F
:10BC100009D0206C78B1502080F31188BFF34F8F8A
:10BC2000BFF36F8FFEE7502080F31188BFF34F8F73
:10BC3000BFF36F8FFEE700F099F9DFF83C814FF01A
:10BC400000094FF0805748B9049838B1502080F36C
:10BC50001188BFF34F8FBFF36F8FFEE7FEF768FFCA
:10BC6000A06BC8B1401EA063206810B9FEF76CFD40
:10BC70006060206950B104F1100000F0B1FA28B101
:10BC8000C8F80070BFF34F8FBFF36F8FFEF770FFE0
:10BC9000012005B0BDE8F083049808B166B10FE05B
:10BCA0003DB1502080F31188BFF34F8FBFF36F8FEA
:10BCB000FEE7FEF75DFF5DE06846FFF7C5F9012688
:10BCC000FEF756FFFFF7BCFBFEF732FF94F9440086
:10BCD000401C01D184F8449094F94500401C01D1E6
:10BCE00084F84590FEF744FF04A9684600F046F842
:10BCF0000028204612D0FEF7F9FB00F0ABFA2046F0
:10BD0000FEF766FA0028A9D09DB3FEF711FF606A1E
:10BD100050B3206B0068C0F1080126E0FEF758FA26
:10BD2000E0B1206838B9FEF703FF606800F01CFA44
:10BD30000546FEF71DFF04F124000499FFF74AFAB7
:10BD40002046FEF7D3FB00F085FA002886D1C8F81C
:10BD50000070BFF34F8FBFF36F8F7FE72046FEF772
:10BD6000C5FB00F077FA79E700216068FFF78EFAEB
:10BD70009FE7FFE700208CE704ED00E02DE9F041AC
:10BD80000C46050011D0C4B1FEF7D2FE174B5A691C
:10BD90006E682068911B471C17D02F689B6A9F42D2
:10BDA00019D0964217D8012410E0502080F3118852
:10BDB000BFF34F8FBFF36F8FFEE7502080F31188E2
:10BDC000BFF34F8FBFF36F8FFEE70024FEF7D0FE67
:10BDD0002046BDE8F081884205D9401A20602846F7
:10BDE000FFF732F9F1E700202060DCE72C000020AB
:10BDF0002DE9FF5F8346DDE90E87994616468A46A0
:10BE00009000FEF735FC05001CD06020FEF730FCEA
:10BE1000040014D00020256384F85D00CDE90240C1
:10BE2000CDE900874B46324651465846FEF73FF96A
:10BE30002046FDF7A1FF012004B0BDE8F09F284691
:10BE4000FEF7AAFE4FF0FF30F6E7F0B585B0DDE96A
:10BE50000B640A9DA6B1DCB1602700972663022619
:10BE600084F85D60002604AFCDE90246CDE90057B5
:10BE7000FEF71DF92046FDF77FFF049805B0F0BDE1
:10BE8000502080F31188BFF34F8FBFF36F8FFEE711
:10BE9000502080F31188BFF34F8FBFF36F8FFEE701
:10BEA0002DE9F0411F4690460D46012690B104460B
:10BEB000FEF73EFE0FB1A06D386094F85C000221E1
:10BEC00084F85C10B8F1050F16D2DFE808F0150B06
:10BED0000E141200502080F31188BFF34F8FBFF370
:10BEE0006F8FFEE7A16D294301E0A16D491CA1659B
:10BEF00002E0022803D0A565012802D02BE000262D
:10BF000029E0201DFEF759FD154DE06AA969884218
:10BF100000D9A861134900EB800001EB8000211DCE
:10BF2000FEF7FAFDA06A38B1502080F31188BFF304
:10BF30004F8FBFF36F8FFEE7FEF744FAE06A296880
:10BF4000C96A884207D908494FF080500860BFF39A
:10BF50004F8FBFF36F8FFEF70BFE3046BDE8F081C9
:10BF60002C000020F003002004ED00E00548C1692A
:10BF700019B1806B18B10020704701207047022072
:10BF8000704700002C000020014840697047000005
:10BF90002C0000202DE9F0412E4C0027A06B40B171
:10BFA000206A401C2062606A00B101273846BDE863
:10BFB000F0816669761C666113D16068006838B1EB
:10BFC000502080F31188BFF34F8FBFF36F8FFEE7D0
:10BFD0006068A1686160A060A06A401CA062FEF772
:10BFE000F1F9206BDFF87080864209D36068006841
:10BFF00080B16068C068C568686886420DD22063F9
:10C000002068C06A00EB800158F821000128CAD9D5
:10C010000127C8E74FF0FF30F1E7281DFEF7CDFC00
:10C02000A86A18B105F11800FEF7C7FCE86AA16913
:10C03000884200D9A06100EB800108EB8100291D36
:10C04000FEF76AFDE86A2168C96A8842CED30127F3
:10C05000CCE700002C000020F00300202DE9F04187
:10C060001E46154688460746FEF762FD1C4C2068B2
:10C0700090F85C00022814D02068816DB943816576
:10C080002168012081F85C005EB101213046FDF796
:10C0900045FE14494FF080500860BFF34F8FBFF347
:10C0A0006F8FFEF765FDFEF743FD15B12068806DCB
:10C0B0002860206890F85C00022801D0002505E087
:10C0C0002068816D21EA0801816501252168002031
:10C0D00081F85C00FEF74CFD2846BDE8F0810000C9
:10C0E0002C00002004ED00E070B504004FF00001CA
:10C0F00033D01B4D2868844207D0502080F311882C
:10C10000BFF34F8FBFF36F8FFEE7206D38B1401E36
:10C110002065E36CE26A9A421FD040B11DE05020D6
:10C1200080F31188BFF34F8FBFF36F8FFEE7201DA1
:10C13000FEF743FCE06CE062C0F10800A061E06A39
:10C14000A969884200D9A861064900EB800001EB8B
:10C150008000211DFEF7E0FC0121084670BD0000B3
:10C160002C000020F003002070B504004FF0000008
:10C170002BD0194DE16A2A68D26A914226D2A06971
:10C18000002804DB2868C06AC0F10800A061134ED3
:10C1900001EB8101606906EB8101884211D1201D0C
:10C1A000FEF70BFC2868C06AE062A969884200D9E2
:10C1B000A86100EB800006EB8000211DFEF7ACFCBF
:10C1C00002E02868C06AE062012070BDE16C2A6864
:10C1D000D26A9142F8D370BD2C000020F0030020F9
:10C1E00070B5C068C46854B104F118000646FEF783
:10C1F000E4FB164DA86B50B13146154816E05020AF
:10C2000080F31188BFF34F8FBFF36F8FFEE7201DC0
:10C21000FEF7D3FBE06AA969884200D9A8610C49FE
:10C2200000EB8000C83901EB8000211DFEF774FC93
:10C23000E06A2968C96A884202D901246C6200E078
:10C240000024FEF7BFF8204670BD00002C0000203F
:10C25000B80400202DE9F0472C4D00242746A86B98
:10C2600038B1FEF765FCA86B401EA863A86B40B10F
:10C2700046E0502080F31188BFF34F8FBFF36F8FDC
:10C28000FEE72969224E0120D1B3A6F1C8098046F4
:10C290003068E0B1F068C46804F11800FEF78DFB67
:10C2A000201DFEF78AFBE06AA969884200D9A861CF
:10C2B00000EB800109EB8100211DFEF72DFCE06AF7
:10C2C0002968C96A8842E3D3C5F82480E0E70CB145
:10C2D000FEF778F82C6A4CB14FEA0806FFF75AFED1
:10C2E00000B16E62641EF9D100202862686A38B11C
:10C2F0000849012738070860BFF34F8FBFF36F8FDE
:10C30000FEF736FC3846BDE8F08700002C00002020
:10C31000B804002004ED00E010B586B0FDF794FDF0
:10C32000114CA068B8B100200390049005AA04A99C
:10C3300003A8FEF7C1FBDDE9032102208DE8070019
:10C3400000230AA10B48059AFFF77FFDE06010B1BA
:10C3500006B0012010BD502080F31188BFF34F8F2D
:10C36000BFF36F8FFEE7000070000020546D722055
:10C3700053766300C9A400082DE9FF411E46134609
:10C3800002000A9D4FF0000016D0144CA768002F41
:10C390000FD0CDE900130292062917DAFFF7E6FD68
:10C3A00002284FF000030FD000226946A068FFF773
:10C3B0007FFA04B0BDE8F081502080F31188BFF30C
:10C3C0004F8FBFF36F8FFEE72A46EEE7002332461A
:10C3D00069463846FFF71CFBEBE7000070000020C1
:10C3E00010B500290AD00878002807D005487844FD
:10C3F000F4F7D8FA002801D0002010BD0248784494
:10C4000010BD0000360D00002E0D000010B50029F3
:10C410000AD00878002807D005487844F4F7C2FA13
:10C42000002801D0002010BD0248784410BD000053
:10C43000260D00001E0D0000F4F7AEBEF4F7E2BFBB
:10C44000F8D000080000000000000000000000001C
:10C4500000000000000200001800000000000000C2
:10C4600000000000010202030405060708090A0B88
:10C470000C0D0E0F10100000000000000000010263
:10C48000030406070809000000000102030400007D
:10C49000000000000000000000000000000000009C
:10C4A00000181818181818080008180000000000D4
:10C4B00000342424240000000000000000000000DC
:10C4C000000016247F2424247E2424000000000081
:10C4D00000083E6848681C1612127C10100000000C
:10C4E0000061D296740810162949C60000000000A9
:10C4F00000003C646438724ACE467F0000000000B1
:10C5000000181818180000000000000000000000CB
:10C510000004081810303030301010180C040000DF
:10C5200000201008080C0404040C08181020000057
:10C5300000080A341C6A0800000000000000000027
:10C54000000000001818187F1818180000000000DC
:10C550000000000000000000001818083000000073
:10C56000000000000000003C00000000000000008F
:10C57000000000000000000000181800000000008B
:10C58000000206040C0808101020204000000000E3
:10C5900000003C6642475B7342663C0000000000BE
:10C5A000000018784808080808087E00000000000D
:10C5B00000003C460606040810207E000000000033
:10C5C00000007C0606043C0202067C00000000001D
:10C5D00000000C1C14246444FF040400000000004C
:10C5E00000007E6060607E0202067C0000000000A9
:10C5F00000001E306048764242623C0000000000AD
:10C6000000007E0206040C08181030000000000034
:10C6100000003C6242361C6642423C0000000000C2
:10C6200000003C664242661A0204780000000000E6
:10C63000000000001818000000181800000000009A
:10C640000000000018180000001818083000000052
:10C650000000000004183060100C0600000000000C
:10C660000000000000007E007E00000000000000CE
:10C6700000000000301804060C102000000000002C
:10C6800000301C0606061810001010000000000004
:10C69000001C224141DDB5A5A5AF94C0403C00007F
:10C6A0000000181C342426627E43C10000000000F4
:10C6B00000007C4642467C4242427C000000000072
:10C6C00000001E204040404040603E00000000004E
:10C6D00000007C464243434342467800000000008D
:10C6E00000007E6060607E6060607E000000000090
:10C6F00000007E6060607E6060606000000000009E
:10C7000000001E604040CE4242623E000000000039
:10C710000000424242427E4242424200000000008B
:10C7200000007E181818181818187E000000000065
:10C7300000007C04040404040444780000000000A9
:10C7400000004244485070584C4442000000000031
:10C75000000020202020202020203E00000000009B
:10C7600000006266675F5B5BC1C1C1000000000042
:10C770000000626272525A4A4E46460000000000B3
:10C7800000003C6243C3C3C343623C00000000009E
:10C7900000007C46424246784040400000000000D5
:10C7A00000003C6243C3C3C343623C180F00000057
:10C7B00000007C6662667C6C6466620000000000BB
:10C7C00000003E6040601C0602027C000000000089
:10C7D00000007F181818181818181800000000001A
:10C7E000000042424242424242623C0000000000DD
:10C7F0000000C14342622624341C180000000000DF
:10C800000000C1C141495B5B766666000000000024
:10C81000000043663418181C2466C30000000000A2
:10C820000000C14266341C181818180000000000EF
:10C8300000007E02040C181020607E000000000042
:10C84000001C10101010101010101010101C000000
:10C8500000402020101008080C0406020000000010
:10C86000003C0C0C0C0C0C0C0C0C0C0C0C3C0000CC
:10C870000000181C246200000000000000000000FE
:10C8800000000000000000000000000000FF0000A9
:10C890000020100000000000000000000000000068
:10C8A000000000003C06023E42467A000000000004
:10C8B000004040405C62424242427C000000000076
:10C8C000000000001E20604060203E0000000000CC
:10C8D000000202023E62424242663A00000000004C
:10C8E000000000003C62427E40603E00000000000C
:10C8F000000F1810107E1010101010000000000023
:10C90000000000003F66426658403E43423C000043
:10C91000004040405C62424242424200000000004F
:10C92000001818007808080808087E0000000000B9
:10C9300000040C007C040404040404040C780000CB
:10C9400000606060626C78706864620000000000E3
:10C95000007808080808080808087E0000000000A1
:10C9600000000000764B4B4B4B4B4B00000000008F
:10C97000000000005C6242424242420000000000AF
:10C98000000000003C62424342623C0000000000A4
:10C99000000000005C62424242427C404040000095
:10C9A000000000003E62424242663A02020200007B
:10C9B000000000006E7263606060600000000000B4
:10C9C000000000003E20203C06027C000000000029
:10C9D00000001010FE10101010101E0000000000CB
:10C9E000000000004242424242663A00000000005D
:10C9F00000000000434266243418180000000000C4
:10CA000000000000C1C15B5A5E66660000000000C5
:10CA10000000000062261C181C26620000000000B6
:10CA20000000000043426624341C181830E0000067
:10CA3000000000007E060C1810207E0000000000A0
:10CA4000000E18101010307010101010180E00008A
:10CA50000808080808080808080808080808000066
:10CA60000030180808080C0E0808080818300000E4
:10CA7000000000000000714B060000000000809ADA
:10CA800090B68EB78F80D2D3D4D8D7DE8E8F9092C7
:10CA900092E299E3EAEB59999A9D9C9D9E9FB5D6A7
:10CAA000E0E9A5A5A6A7A8A9AAABAC21AEAFB0B1F5
:10CAB000B2B3B4B5B6B7B8B9BABBBCBDBEBFC0C1DE
:10CAC000C2C3C4C5C7C7C8C9CACBCCCDCECFD0D1CD
:10CAD000D2D3D4D5D6D7D8D9DADBDCDDDEDFE0E1BE
:10CAE000E2E3E5E5E6E7E7E9EAEBEDEDEEEFF0F1AD
:10CAF000F2F3F4F5F6F7F8F9FAFBFCFDFEFF01039B
:10CB00000507090E10121416181C1E00000400025E
:10CB10000001800040002000100008000400020016
:10CB200000000080004000200010000800400020AD
:10CB30000010000800040002C700FC00E900E20049
:10CB4000E400E000E500E700EA00EB00E800EF00A9
:10CB5000EE00EC00C400C500C900E600C600F40009
:10CB6000F600F200FB00F900FF00D600DC00F80040
:10CB7000A300D800D7009201E100ED00F300FA0015
:10CB8000F100D100AA00BA00BF00AE00AC00BD00A9
:10CB9000BC00A100AB00BB00912592259325022586
:10CBA0002425C100C200C000A900632551255725D6
:10CBB0005D25A200A5001025142534252C251C2553
:10CBC00000253C25E300C3005A2554256925662528
:10CBD000602550256C25A400F000D000CA00CB00D1
:10CBE000C8003101CD00CE00CF0018250C258825C6
:10CBF0008425A600CC008025D300DF00D400D2001D
:10CC0000F500D500B500FE00DE00DA00DB00D9003B
:10CC1000FD00DD00AF00B400AD00B1001720BE0084
:10CC2000B600A700F700B800B000A800B700B90030
:10CC3000B300B200A025A0006100620063006400A0
:10CC4000650066006700680069006A006B006C00A0
:10CC50006D006E006F007000710072007300740050
:10CC6000750076007700780079007A00A100A200B4
:10CC7000A300A500AC00AF00E000E100E200E3008B
:10CC8000E400E500E600E700E800E900EA00EB0068
:10CC9000EC00ED00EE00EF00F000F100F200F30018
:10CCA000F400F500F600F800F900FA00FB00FC00C3
:10CCB000FD00FE00FF00010103010501070109015C
:10CCC0000B010D010F0111011301150117011901CC
:10CCD0001B011D011F01210123012501270129013C
:10CCE0002B012D012F0131013301350137013A01AB
:10CCF0003C013E01400142014401460148014B0113
:10CD00004D014F01510153015501570159015B017B
:10CD10005D015F01610163016501670169016B01EB
:10CD20006D016F0171017301750177017A017C0159
:10CD30007E019201B103B203B303B403B503B6039A
:10CD4000B703B803B903BA03BB03BC03BD03BE03F7
:10CD5000BF03C003C103C303C403C503C603C703A2
:10CD6000C803C903CA033004310432043304340451
:10CD7000350436043704380439043A043B043C04CF
:10CD80003D043E043F04400441044204430444047F
:10CD9000450446044704480449044A044B044C042F
:10CDA0004D044E044F0451045204530454045504DA
:10CDB00056045704580459045A045B045C045E0486
:10CDC0005F047021712172217321742175217621F4
:10CDD0007721782179217A217B217C217D217E2177
:10CDE0007F2141FF42FF43FF44FF45FF46FF47FFCE
:10CDF00048FF49FF4AFF4BFF4CFF4DFF4EFF4FFFDF
:10CE000050FF51FF52FF53FF54FF55FF56FF57FF8E
:10CE100058FF59FF5AFF0000410042004300440000
:10CE2000450046004700480049004A004B004C00BE
:10CE30004D004E004F00500051005200530054006E
:10CE4000550056005700580059005A002100E0FFD5
:10CE5000E1FFE5FFE2FFE3FFC000C100C200C30045
:10CE6000C400C500C600C700C800C900CA00CB0086
:10CE7000CC00CD00CE00CF00D000D100D200D30036
:10CE8000D400D500D600D800D900DA00DB00DC00E1
:10CE9000DD00DE0078010001020104010601080145
:10CEA0000A010C010E0110011201140116011801F2
:10CEB0001A011C011E012001220124012601280162
:10CEC0002A012C012E0130013201340136013901D1
:10CED0003B013D013F0141014301450147014A0139
:10CEE0004C014E01500152015401560158015A01A2
:10CEF0005C015E01600162016401660168016A0112
:10CF00006C016E01700172017401760179017B017F
:10CF10007D0191019103920393039403950396037A
:10CF20009703980399039A039B039C039D039E0315
:10CF30009F03A003A103A303A403A503A603A703C0
:10CF4000A803A903AA03100411041204130414046F
:10CF5000150416041704180419041A041B041C04ED
:10CF60001D041E041F04200421042204230424049D
:10CF7000250426042704280429042A042B042C044D
:10CF80002D042E042F0401040204030404040504E8
:10CF900006040704080409040A040B040C040E0424
:10CFA0000F046021612162216321642165216621D2
:10CFB0006721682169216A216B216C216D216E2115
:10CFC0006F2121FF22FF23FF24FF25FF26FF27FFDC
:10CFD00028FF29FF2AFF2BFF2CFF2DFF2EFF2FFFFD
:10CFE00030FF31FF32FF33FF34FF35FF36FF37FFAD
:10CFF00038FF39FF3AFF000004000008000000007D
:10D00000000000020001000010000000000000000D
:10D010000000000030313233343536373839414280
:10D02000434445464030580030313233343536378A
:10D03000383961626364656640307800303132337C
:10D04000343536373839616263646566787000302C
:10D050003132333435363738394142434445465806
:10D060005000000002400000000000A0000000008E
:10D0700005400000000000C8000000000C40000057
:10D080000000409C00000000194000000020BCBED1
:10D090000000000034400000BFC91B8E00000004E7
:10D0A000B5400000504BCFD06607E2CF0100000032
:10D0B0006C4100003E8251AADFEEA734010000005F
:10D0C000D9420000DCB5A0E23A301F97FFFFFFFF16
:10D0D000B4450000FD25A0C8E9A3C14FFFFFFFFF35
:10D0E000FF3F00000000008000000000FF3F000044
:10D0F0000000008000000000537973496E69745489
:10D1000061736B0050D20008000000200C01000089
:10D110006C0100085CD300080C01002024AB000067
:10D12000880100081C00000043000000F8FFFFFF1A
:10D130000C0000000E0000000F0000002E00000098
:10D140001001000043000000F8FFFFFF00404040D6
:10D1500040404040404041414141414040404040CA
:10D160004040404040404040404040404005020276
:10D170000202020202020202020202020220202035
:10D180002020202020202002020202020202909091
:10D19000909090901010101010101010101010108F
:10D1A00010101010101010100202020202028888E3
:10D1B00088888888080808080808080808080808EF
:10D1C00008080808080808080202020240000000D7
:10D1D000000000000000000000000000000000004F
:10D1E000000000000000000000000000000000003F
:10D1F000000000000000000000000000000000002F
:10D20000000000000000000000000000000000001E
:10D21000000000000000000000000000000000000E
:10D2200000000000000000000000000000000000FE
:10D2300000000000000000000000000000000000EE
:10D2400000000000000000000000000000000000DE
:10D2500000000000000000000000000000000000CE
:10D2600000000000000000000000000001000000BD
:10D2700010000000000000000024F4000000000086
:10D28000000000000000000000000000000000009E
:10D29000000000000000000000000000000000008E
:10D2A000000000000000000000000000000000007E
:10D2B000000000000000000000000000000000006E
:10D2C000000000000000000000000000000000005E
:10D2D000000000000000000000000000000000004E
:10D2E000000000000000000000000000000000003E
:10D2F00000000000AAAAAAAA000000000000000086
:10D30000000000000000000000000000000000001D
:10D310000000000000000000000000000600F00017
:10D32000400100000000FFFFDC0000208EC4000868
:10D3300008001000000001001D740008B57400080A
:10D3400085740008C97400084574000800000000D6
:0CD35000000000000000000000000000D1
:0400000508000131BD
:00000001FF
