:020000040800F2
:100000003094002019030008A95F0008755000080B
:10001000B15E000867210008797700080000000041
:100020000000000000000000000000008102000845
:100030003922000800000000C50200084D6C0008CD
:1000400033030008330300083303000833030008B8
:1000500033030008330300083303000833030008A8
:100060003303000833030008330300083303000898
:10007000330300083303000833030008CD210008D0
:100080003303000833030008330300083303000878
:100090003303000833030008330300083303000868
:1000A00033030008456E00083303000833030008DB
:1000B000516E0008330300083303000833030008BF
:1000C0003303000833030008330300083303000838
:1000D00033030008E9730008330300083303000802
:1000E0003303000833030008330300083303000818
:1000F0003303000833030008330300083303000808
:1001000033030008330300083303000833030008F7
:1001100033030008330300085D6E0008696E0008B1
:100120003303000833030008D92100083303000813
:1001300000F002F800F094F80AA090E8000C824465
:100140008344AAF10107DA4501D100F089F8AFF242
:10015000090EBAE80F0013F0010F18BFFB1A43F0A5
:1001600001031847FCCE00001CCF0000103A24BF4A
:1001700078C878C1FAD8520724BF30C830C144BF0C
:1001800004680C607047000000230024002500264E
:10019000103A28BF78C1FBD8520728BF30C148BFEA
:1001A0000B6070476E2900F02585702900F07D8670
:1001B00066290CF0EF8065290CF0EC8067290CF0C3
:1001C000E98061290CF0E88003681B0A28BF41F030
:1001D0008001692900F0E081642900F0DD81752942
:1001E00000F0DA816F2900F00B86782900F049864B
:1001F000E92900F0A585E42900F0A285F52900F0A1
:100200009F85EF2900F00886F82900F048860368EA
:10021000DB0928BF41F08001632900F0268573299E
:1002200000F02B85E32901F07582F32901F07A8231
:10023000002070471FB59DE8030000F013FC01F09B
:10024000CBFA0400002000210CF08EF8401C606006
:10025000002000210CF072F8E0601FBD10B510BD49
:1002600001F08CFA1146FFF7E5FF09F007FC01F0F9
:1002700065FB03B4FFF7F2FF03BC01F093FB000042
:10028000224B19680868B0E8F00F80F30988BFF3C3
:100290006F8F4FF0000080F311884EF00D0E704705
:1002A0000000000006480068006880F3088862B615
:1002B00061B6BFF34F8FBFF36F8F00DF00BF00BF8A
:1002C00008ED00E0EFF30980BFF36F8F0F4B1A6862
:1002D00020E9F00F106008B54FF0500080F311884E
:1002E000BFF34F8FBFF36F8F0BF060F84FF000003C
:1002F00080F31188BDE8084019680868B0E8F00F7D
:1003000080F30988BFF36F8F704700BF2C00002077
:10031000EFF305807047000009488047094800470F
:10032000FEE7FEE7FEE7FEE7FEE7FEE7FEE7FEE7A5
:10033000FEE7FEE704480549054A064B7047000002
:10034000D96D00083101000830640020309400208D
:10035000307400203074002070B5064600F066FB53
:10036000056806F10B0020F00704B4429CBF002092
:1003700070BD2B466A68BAB11068A04210D304F170
:10038000080188423CBF5068586007D35168101973
:1003900041601168091B016058601460101D70BD38
:1003A00013465268002AE7D12146284600F046FB52
:1003B0000028DED170BD70B50446051F00F036FB85
:1003C0000068002C14BF446870BD002C18BFAC42FC
:1003D0003CBF20466468F8D301680A18AA4218BFD7
:1003E000456003D12A680546114401602868411917
:1003F000A1421CBF6C6070BD6168696021680844DF
:10040000286070BD53EA020C00F069802DE9F04BC2
:100410004FF00006002B1FBFB3FA83F503FA05F473
:1004200024FA05F65E4012BF1643B2FA82F502FACC
:1004300005F4C5F120051EBF22FA05FC44EA0C04B0
:10044000203556EA044C4FEA144418BF641C4FF0A0
:1004500000084FF00009904271EB030C39D30029DA
:1004600019BFB1FA81F701FA07F6B0FA80F700FA7E
:1004700007F6C7F120071EBF20FA07FC46EA0C0664
:100480002037B6FBF4FCA7EB0507103F07F01F0B66
:10049000CBF120060CFA0BFB2CFA06F644BFB34650
:1004A0000026202FA4BF5E464FF0000B5BEA060C2F
:1004B00008BF4FF0010B19EB0B09ABFB027C48EBBB
:1004C0000608C01B06FB02CC0BFB03CC71EB0C0136
:1004D000C1E70B46024641464846BDE8F08B13B5DE
:1004E0004FF000004FF00001AFF30080BDE81C406A
:1004F000704700001CB50C46064B7B4469460090D3
:10050000204600F090FB04460020694600F09EFB68
:1005100020461CBD4F0700000FB41CB5084B06AAAF
:100520007B4469460090059800F07DFB044600205E
:10053000694600F08BFB20461CBC5DF814FB0000F4
:100540002907000070B50C460546012A05D0287819
:10055000800600D5EA69002302E0012305E05B1C68
:10056000934202D2E05C0028F9D1A869E618C01ACB
:10057000A861286A18442862284600F0A9FA04E015
:10058000D5E9012114F8010B9047B442F8D328466D
:1005900000F0B4FA70BD00002DE9F04106460024D9
:1005A00010687529314616A510D000F0B8FA002859
:1005B00002DA404213A507E031688A0701D512A587
:1005C00002E0490704D511A5012401E000F0B0FACA
:1005D00000210A2206F1240709E0B0FBF2FCB0FB7F
:1005E000F2F302FB1C00303078541846491C0028F6
:1005F000F3D123462A463046BDE8F04100F0A1BAC7
:10060000000000002D0000002B0000002000000072
:100610002DE9F05F894604464FF0000ADFF874B117
:10062000FB44C0F820A02046E1688847002874D029
:10063000252806D0D4E901219047206A401C206279
:10064000F1E700265F462046E168884720280546F6
:1006500007DB312D05D2781910F8200C08B10643BC
:10066000F1E7B00701D526F00406C4F81CA0002766
:10067000C4F818A02A2D09D0284607F033FC38B357
:1006800004EB8708303DC8F8185019E059F8041BEE
:10069000204604EB87029161E1688847012F0546F7
:1006A00018D1E069002820DA26F020061DE0D8F8ED
:1006B000180000EB800005EB40003038C8F8180047
:1006C0002046E1688847054607F00CFC0028EED17B
:1006D000012F0AD02E2D08D12046E16888477F1CC3
:1006E0000546022F46F02006C4DBA069002803DA85
:1006F000404246F00106A061F00701D026F0100646
:100700006C2D0BD0682D09D04C2D39D06A2D35D0E9
:10071000742D35D07A2D33D016E038E0E1682F46BD
:1007200020468847B842054609D16C2F26D04FF4A1
:100730008060E168064320468847054604E06C2F48
:100740001AD04FF4807006430DB3A5F1410019286B
:1007500002D8203546F400664A46294620462660DF
:100760004E46FFF71FFD80B101280BD0F61D26F085
:10077000070000F1080956E74020E4E78020D8E7A9
:100780000020D6E706F104094DE7284652E7206A23
:10079000BDE8F09F30C9000040EA010310B59B0797
:1007A0000FD1042A0DD310C808C9121F9C42F8D0DB
:1007B00020BA19BA884201D9012010BD4FF0FF308C
:1007C00010BD1AB1D30703D0521C07E0002010BDA2
:1007D00010F8013B11F8014B1B1B07D110F8013B2E
:1007E00011F8014B1B1B01D1921EF1D1184610BD0F
:1007F00040EA0103024630B59B0710D14FF00134A7
:1008000000E008C208C91D1B9D4315EAC41FF8D0AB
:1008100013F0FF0102F8011B0DD01B0AF8E711F8D5
:10082000013B002B02F8013B05D011F8013B002BE6
:1008300002F8013BF3D130BD10B5431C02E010F8C3
:10084000011B71B18107FAD14FF0013202C88C1A35
:100850008C4314EAC211F9D0C01A0A0603D0C01E94
:1008600010BDC01A10BD0A0401D0801E10BD0902BF
:10087000FCD0401E10BD032A40F2308010F0030C63
:1008800000F0158011F8013BBCF1020F624498BFE3
:1008900011F801CB00F8013B38BF11F8013BA2F180
:1008A000040298BF00F801CB38BF00F8013B11F0FB
:1008B000030300F00583083AC0F0088051F8043BB8
:1008C000083A51F804CBA0E80810F5E7121D5CBF08
:1008D00051F8043B40F8043BAFF30080D20724BF3B
:1008E00011F8013B11F801CB48BF11F8012B24BFCF
:1008F00000F8013B00F801CB48BF00F8012B70471E
:1009000002F0FF0343EA032242EA024200F002B887
:100910004FF000020429C0F0128010F0030C00F028
:100920001B80CCF1040CBCF1020F18BF00F8012BA6
:10093000A8BF20F8022BA1EB0C0100F00DB85FEA74
:10094000C17C24BF00F8012B00F8012B48BF00F840
:10095000012B70474FF0000200B5134694469646AF
:10096000203922BFA0E80C50A0E80C50B1F12001C2
:10097000BFF4F7AF090728BFA0E80C5048BF0CC070
:100980005DF804EB890028BF40F8042B08BF7047CE
:1009900048BF20F8022B11F0804F18BF00F8012B40
:1009A000704700004FF0013C50F8042B51F8043B15
:1009B0009A4221D1A2EB0C03934313EACC1317D133
:1009C00050F8042B51F8043B9A4215D1A2EB0C03CA
:1009D000934313EACC130BD150F8042B51F8043B8A
:1009E0009A4209D1A2EB0C03934313EACC13DBD058
:1009F0004FF00000704700BFD01A01BAB1FA81F180
:100A000001F0180122FA01F0CB40C1F12001DBB264
:100A1000C0B2C01A2CFA01F3D11A914311EAC311E2
:100A2000E6D1704770477047704700000048704734
:100A3000D4630020704770477047704738B504464C
:100A40000A4600206946AFF30080002808BF38BD81
:100A500002460099204600F069FA012038BD0120C5
:100A600000F084BEF8B5AFF30080054600200C46C8
:100A7000102000BF0646A819A0420DD9324669468B
:100A80000020AFF30080070008BF00F06FFE009861
:100A9000A04218BF0546C419FFF7C8FF0560074606
:100AA000F01D20F007004619284600F00AF8B4426D
:100AB00008BFF8BDA21B31463868BDE8F84000F019
:100AC00035BA00210160C0E901107047102070475D
:100AD00070B5044685690068C10601D5302600E07E
:100AE0002026C00707D070BDD4E9012130469047C9
:100AF000206A401C20626D1EF6D570BD70B504469C
:100B000085690078C00707D170BDD4E90121202094
:100B10009047206A401C20626D1EF6D570BD0968A2
:100B20004A0501D540B27047C905FCD500B27047EF
:100B300009684A0501D5C0B27047C905FCD580B225
:100B400070472DE9F0470D4699469246044600F15C
:100B500024080168880604D5E06921F010012160AD
:100B600000E00120A84201DD471B00E00027A16949
:100B70007A1902EB0900081AA0612078C00602D495
:100B80002046FFF7A5FF002608E0D4E901211AF866
:100B900006009047206A401C761C20624E45F4DB1C
:100BA0002078C0060AD52046FFF792FF06E0D4E978
:100BB000012130209047206A401C2062381EA7F196
:100BC0000107F4DC07E0D4E9012118F8050090479B
:100BD000206A401C2062281EA5F10105F3DC204696
:100BE000FFF78CFF2078000602D50220BDE8F087D1
:100BF0000120FBE711680268006A530501D50870FF
:100C00000AE0D30501D5088006E0130603D5C21714
:100C1000C1E9000200E008600120704701694A1C38
:100C200002610878704700B58FB0CDE9013100212D
:100C3000059105497944CDE9031011466846FFF74F
:100C4000E7FC0FB000BD0000E5FFFFFF0A6802F8F7
:100C5000010B0A60704710B5436913B1AFF3008010
:100C600001E0FFF76FFC012010BD127800F12401B4
:100C70000A7000224A700122EDE711684FF0FF323E
:100C8000E9E700002DE9FF5F15468A460446DFF8D4
:100C9000AC80F8440027D8E900103E46CDE90010AA
:100CA00010E03AF816106A4602A800F03FFD411C19
:100CB00007D02178890603D5E269391891420DD809
:100CC0000744761C2078800602D5E069B84205DD2D
:100CD000AE42E6DB3AF816000028E2D1A069C01B5C
:100CE000A0612046FFF7F4FED8E90010CDE900101E
:100CF000002017E03AF818106A4602A800F016FD26
:100D0000B0F1FF3F81460BD000250DF1080B05E047
:100D1000D4E901211BF8050090476D1C4D45F7D320
:100D200008F10100B0428046E4DB206A38442062CA
:100D30002046FFF7E3FEBDE8FF9F0000D2C200009F
:100D40002DE9F0418046D21D22F007020025D2E9AC
:100D50000002F52915A614D0011E72F1000106DA71
:100D60000023D0EB030063EB020211A608E0D8F8E1
:100D700000108B0701D50FA602E0490701D50EA68A
:100D800001251146002408F1240704E000F0E8F8EA
:100D900030323A55641C50EA0102F7D12B463246F4
:100DA00021464046BDE8F041FFF7CBBE0000000001
:100DB0002D0000002B0000002000000030B40021B6
:100DC00000F1240408E002F00705D208303542EAB9
:100DD0004372DB086554491C52EA0305F3D10468E9
:100DE000002310A2250708D504F020040C4304D0EA
:100DF000C46901230CA2641EC46130BCFFF7A1BE0C
:100E000010B5044621461068FFF792FE02462046C0
:100E1000BDE810400023D1E7D21D22F00701D1E93F
:100E20000023CBE70000000030000000F0B40D46C6
:100E30000188090502D5214C7C4402E01F4C7C440A
:100E40000E34002100F1240608E002F00F07120919
:100E5000E75D42EA03721B097754491C52EA030713
:100E6000F3D102780023120704D5702D06D009B102
:100E7000022311342246F0BCFFF763BE0123103475
:100E8000F8E770B504460D4621461068FFF750FE9E
:100E9000024629462046BDE870400023C6E7D21D21
:100EA00022F00703D3E90023C0E70368126843F088
:100EB000200303600823C3610023B7E734C10000A7
:100EC00010B5203AC0F00B80B1E81850203AA0E8E5
:100ED0001850B1E81850A0E81850BFF4F5AF5FEA19
:100EE000027C24BFB1E81850A0E8185044BF18C9CC
:100EF00018C0BDE810405FEA827C24BF51F8043B73
:100F000040F8043B08BF7047D20728BF31F8023BC6
:100F100048BF11F8012B28BF20F8023B48BF00F85A
:100F2000012B704700487047CC630020034640689F
:100F30008C46002818BF88423CBF03464068F8D35F
:100F400018681844884207D00CF1030020F007000D
:100F5000001D411A521A0146081D0A60FFF72BBAFC
:100F600030B5B0F10A024FEA900E71F100034EEA7B
:100F7000817EB0EB0E0061EB91014FEA101E4EEA4C
:100F8000017E10EB0E0041EB11114FEA102E4EEADC
:100F9000016E10EB0E0041EB11214FEA104E4EEAAC
:100FA000014E10EB0E0041EB1141401841F10001E0
:100FB0004FEAD00040EA41704FEAD10110EB8005C2
:100FC0004FEA810444EA907444EB01046D1944EB48
:100FD0000404521BA3414FF0000348BF0A3200D55E
:100FE00030BD401C41F1000130BD70472DE9FF4F7D
:100FF0000C461E464FF0FF378BB0D2E90001DDF8FA
:1010000060800A908A46C1F30A5505B93D46002121
:1010100008464FF00000BAF1000F00F4400005DA76
:1010200000EB80004FF4400101EA50004FEA905974
:10103000B9F1010F00DDB9460A9850EA4A000ED016
:1010400044F61050A5F2FF3545432F14B8F1000FB8
:101050001ED07542291E1EDDC9F100021CE0B8F148
:10106000010F4FF0000001D0302103E0F24305E012
:101070002154401CB042FBDB3046002200212154A9
:101080000B99C1F80880C1E900200FB0BDE8F08FCE
:10109000BD1B6D1CDEE74A4600DA694206A800F077
:1010A000DFFB06AB93E8070003AB83E8070050467D
:1010B0000A9900F09DFC8DE80700A0F500501F384C
:1010C00000900398002D09DD42F21F014A460844B2
:1010D00003A90390684600F0FCFE08E0A0F500506C
:1010E0004A461F3803A90390684600F006FF8DE8C2
:1010F00007000004000C03D04FF0FF30410800E06F
:101100001046B8F1000F03D00022009215461EE0F1
:10111000751E05D4FFF724FF303262556D1EF9D5D8
:10112000B3460122084302D000227F1C04E020784D
:10113000302801D100227F1E002A099786D01DE0A9
:10114000112D07DAFFF70CFF303262556D1C50EAA3
:101150000102F5D1084302D00098C8B10EE0002189
:10116000681E05E0235C625C63542254401E491CE7
:101170008142F7DBAB46A81B401E0990002004F813
:101180000B000B98099AC0F80880C0E9002B7CE797
:1011900011264FF0000859E72DE9F04F8846044624
:1011A000D21D22F0070191B0D1E90001CDE90A0179
:1011B00006F074FE02460B98C00F01D02D2007E008
:1011C0002068810701D52B2002E0202101EAC00020
:1011D000032A099001D0072A05DB03464146204631
:1011E00000F0FEFA0BE12078800601D5E06900E00E
:1011F0000620B8F1650F814606D0B8F1660F18D009
:10120000B8F1670F70D131E00020B9F1110F0090F3
:1012100001DB112301E009F101030AAA01A90CA8CD
:10122000FFF7E4FEDDE90C70002609F101058346B5
:1012300047E001204B4600904FF000470AAA01A961
:101240000CA8FFF7D3FEDDE90DB00C995D46002632
:1012500010B909F101000D18B9EB050003D4C0F174
:10126000FF3609F10105A5EB09002BE0B9F1010FEB
:1012700001DA4FF001090020B9F1110F0090484642
:1012800001DD112300E003460AAA01A90CA8FFF71B
:10129000ADFEDDE90C704D46002683462078000740
:1012A0000AD4AB4500DA5D4601A8012D04DD4119E1
:1012B00011F8011C302907D04F4502DA17F1040F4D
:1012C00004DA012082460FE06D1EEEE7002F02DCFB
:1012D000ED1B3E4403E0781CA84200DD7D1CB81BDA
:1012E00000F1010A4FF000472078000703D4AA4517
:1012F00001DB4FF0FF3A0021B7F1004F0DF1430839
:101300008DF8431024D002202B23002F01DA7F42D6
:101310002D230A21021EA0F1010000DC5FB197FB22
:10132000F1FC97FBF1F201FB1C7C17460CF1300C31
:1013300008F801CDEEE7A8F1010003702188090546
:1013400001D5452100E06521A0F1010800F8011C4C
:1013500009980FA9A1EB0807FF1D00B10120411951
:1013600001EBEA70A1693844081A401EA061207898
:10137000C00602D42046FFF7ABFB099828B1D4E998
:1013800001219047206A401C20622078C00622D5A7
:101390002046FFF79DFB1EE0002E04DBB34502DD77
:1013A00001A8805D00E03020D4E901219047206A47
:1013B000401C2062761CAAF101005FEA000A0AD1F3
:1013C00000F00AFAC0680168405CD4E90121904746
:1013D000206A401C2062281EA5F10105DCDC07E024
:1013E000D4E9012118F8010B9047206A401C2062C3
:1013F000381EA7F10107F3DC2046FFF77FFB03202F
:1014000011B043E62DE9F04F04460D46D21D22F0FF
:10141000070089B0D0E9009248461746394606F0E1
:101420003DFD0246F80F01D02D2307E0206881071B
:1014300001D52B2302E0202101EAC0038DF82030E2
:101440000BB1012000E00020032A824601D0072AC8
:1014500004DB2946204600F0C3F93DE120788006F0
:1014600001D40D2500E0E569C7F30A560D2D49DAD0
:1014700000214FEA175B08464FF00000002F00F4F0
:10148000400007DA00EB80004FF4400100EBD07021
:1014900001EA60008115012901DD4FF0FF310022D2
:1014A0004FEA850CBCF1180F06D31346ACF11800B7
:1014B0004FF08052C24003E04FF4801323FA0CF344
:1014C0000CF10C0CBCF1200F04D3ACF1200C09FA88
:1014D0000CF001E007FA0CF000294FF0004801DDA4
:1014E00018B90FE00ED140450CD319EB02095F414A
:1014F00021B9404502D19F4329EA0209BBEB175F9E
:1015000000D0761C2088000502D57B48784402E094
:1015100079487844193808AA302302F80A30037C45
:101520000AF10101002E0AF1020A53546A4602DC54
:101530004FF0300101E04FF031014FF001088DF81C
:10154000001002D0A6F2FF3603E059EA470100D0AE
:101550006A4E002D02DC2178090704D54FF00208FD
:101560002E218DF80110C44600210BE0C7F3034380
:101570003F01C35C491C6D1E02F80830052908F1C3
:10158000010801DA002DF1DC00210CE000EB1973F9
:10159000491C1B786D1E082902F808304FEA09190A
:1015A00008F1010801DA002DF0DC2178890602D566
:1015B00014E0A8F10108E04505DD02EB080111F88F
:1015C000011C3029F5D0B8F1000F07DD02EB08014E
:1015D00011F8011C2E2901D1A8F10108002D05DD0B
:1015E0003E2102F808106D1E08F10108407C002E13
:1015F00002F8080008F1010804DA2D20764202F80A
:10160000080002E02B2002F808000A214FF47A704B
:10161000864208F101080BDB96FBF0F3303302F849
:10162000083096FBF0F308F1010800FB136601E0B7
:10163000642E0CDB642096FBF0F3303302F80830A4
:1016400096FBF0F308F1010800FB136601E00A2E97
:1016500006DB96FBF1F0303002F8080008F10108D3
:1016600096FBF1F001FB1060303002F80800A16930
:1016700008F1010808EB050202EB0A00081AA06154
:101680002078C00602D42046FFF722FA216A08AE6D
:1016900001EB0A00206204E0D4E9012116F8010BF5
:1016A0009047BAF1010AF7D22078C00602D5204649
:1016B000FFF70EFA6E4609E016F8010B3E280FD030
:1016C000D4E901219047206A401C2062B8F101084A
:1016D000F2D22046FFF712FA09B00320BDE8F08FDE
:1016E000206A2844206203E0D4E901213020904799
:1016F0006D1EEBD3F8E700009BBA000002FCFFFF71
:1017000010B5436913B1AFF3008001E0FFF7BAFAF7
:10171000012010BD128800F1240182840022C284BD
:101720000122EDE711684FF0FF32E9E770B5164688
:101730000C46054600F048F8036893F801010128BB
:1017400006D0FF2C0FD8185D68B101202C7070BD39
:10175000D3F807013246214603F207130344284613
:10176000BDE8704018474FF0FF3070BD10B500F075
:10177000F1F8BDE8104000F0E7B870477546FFF794
:10178000D1FBAE4605006946534620F0070085466A
:1017900018B020B5FEF7CEFDBDE820404FF00006A2
:1017A0004FF000074FF000084FF0000B21F0070149
:1017B000AC46ACE8C009ACE8C009ACE8C009ACE88C
:1017C000C0098D467047000010B500F005F8001DF7
:1017D00010BD00BF95AB000000487047EC630020CF
:1017E0002DE9F0411F46044603260168072A01F44B
:1017F000006004DB08B116A505E016A503E008B1FA
:1018000015A500E015A521F010002060A069C01EFC
:10181000A0610FB1401EA0612046FFF759F94FB1FA
:10182000D4E9012138469047206A401C2062C01C40
:10183000206206E0206AFAE7D4E9012115F8010BDD
:101840009047761EF8D22046FFF758F9BDE8F081A0
:101850004E414E006E616E00494E4600696E660054
:101860002DE9F047814616468AB0334878440DC8C2
:101870008DE80D0030487844801C03AC0DC884E826
:101880000D0041F69B300844372190FBF1F290FBAC
:10189000F1F5A5F1800501FB12041B3C02D5644261
:1018A000012000E00020DFF890A080460027FA44E5
:1018B000AAF1BE0A0DE0E00709D03246684607EB00
:1018C00047010AEB810100F018FB8DE80700641066
:1018D0007F1C002CEFD1184F7F44AC3F18E0E80785
:1018E00014D007EB04100DF1180A90E80E008AE8F6
:1018F0000E00C068F04201D198190890324606A93E
:1019000003A800F0FAFA03AB83E807006D10641C2B
:10191000002DE4D132466946B8F1000F03A802D089
:1019200000F0D7FA01E000F0E8FAC9E90001C9F8CF
:1019300008200AB0BDE8F087CCB700000446AFF33A
:1019400000802046FEF795FC002801D000F02AB860
:101950007047000010B5012805D0002103A000F059
:1019600027F8012010BD09A1F8E7000053494752AC
:10197000544D454D3A204F7574206F66206865615F
:1019800070206D656D6F7279000000003A20486527
:101990006170206D656D6F727920636F7272757002
:1019A0007465640001491820ABBEFEE72600020002
:1019B00070B505460C460A2000E06D1C00F011F8D9
:1019C00035B128780028F8D102E0641C00F009F84D
:1019D00014B120780028F8D1BDE870400A20AFF398
:1019E000008008B569468DF800000320ABBE08BD35
:1019F0005FEA400C08BF91F0000F4FEA8C234FEADA
:101A0000C12243EA51514FEA1C5018BF00F5F04083
:101A10004FEA300018BF41F000415FEA6C5C00F013
:101A20002980BCF1FF3F08BF40F080407047130C95
:101A300006BF12044FF0100C4FF0000C130E04BF41
:101A400012020CF1080C130F04BF12010CF1040C6C
:101A5000930F04BF92000CF1020CD30F04BF52008D
:101A60000CF1010C11464FF00002A0F11F00A0EB99
:101A70000C00704711F0004F08BF704731F0004173
:101A80003FF4D5AF0B0C06BF09044FF0100C4FF01C
:101A9000000C0B0E04BF09020CF1080C0B0F04BF65
:101AA00009010CF1040C8B0F04BF89000CF1020C2E
:101AB000CB0F04BF49000CF1010CCCF12003A0EBCB
:101AC0000C0022FA03F302FA0CF241EA030100F1DE
:101AD0000100704720F07F4C80EA030023F07F472D
:101AE000ACEB070303F57C5300F0004003F1FF0368
:101AF0002DE980494FEA154B09B44FEA144325EA12
:101B00000B4E24EA03480FF2042606EB132749087C
:101B10003E785FEA320203FB0667C7F5000707FB62
:101B200006F64FEA54374FEAD64606F1020607FB9F
:101B3000066CCCF1005C4FEA1C472CEA074C07FB13
:101B400006F40CFB06F504EB15464FEA961634BF77
:101B500000204FF000404FEAD13706FB07FC4FEA68
:101B60001C4C0CFB0BF7D21B03FB0CF761EB0701C2
:101B70000CFB0EF7B0EB074072EB17420CFB08F7BB
:101B800034BFA2EB0742B2EB074261EB17414FEAC9
:101B90000C444FEA910706FB07FC4FEA1C4C0CFB78
:101BA0000BF7B0EBC74072EB573203FB0CF734BFB7
:101BB000A2EBC742B2EBC74261EB57310CFB0EF709
:101BC000B0EBC70072EB57720CFB08F734BFA2EB07
:101BD000C702B2EBC70261EB5771039F4FEA816105
:101BE00041EA921104EBCC044FEAD1374FEA82620A
:101BF00006FB07FC42EA90124FEA80604FEA1C4C59
:101C00000CFB0BF7D21B03FB0CF761EB07010CFB82
:101C10000EF7B0EB074072EB17420CFB08F734BF2E
:101C2000A2EB0742B2EB074261EB17414FEA8C553A
:101C30004FEA910704EB9C2406FB07FC4FEA1C4C7F
:101C40000CFB0BF7B0EBC74072EB573203FB0CF702
:101C500034BFA2EBC742B2EBC74261EB57310CFB7A
:101C60000EF7B0EBC70072EB57720CFB08F734BFEE
:101C7000A2EBC702B2EBC70261EB577115EB4C2523
:101C80004FEA816141EA92114FEA82624FEAD1370D
:101C900042EA901206FB07FC44F100044FEA806020
:101CA0004FEA1C4C0CFB0BF7D21B03FB0CF761EB50
:101CB00007010CFB0EF7B0EB074072EB17420CFB71
:101CC00008F734BFA2EB0742B2EB074261EB1741C2
:101CD00015EB1C154FEA813141EA92414FEA8232FD
:101CE00042EA90424FEA80304FEA0C7644F1000419
:101CF00048EA03434EEA0B484FF0000EB2EB080CE3
:101D000071EB030724BF624639464EEB0E0E4FF0CF
:101D1000000B0018524149414BEB0B0BB2EB080C86
:101D200071EB03077BF1000B24BF624639464EEB93
:101D30000E0E4FF0000B0018524149414BEB0B0BBC
:101D4000B2EB080C71EB03077BF1000B24BF62467A
:101D500039464EEB0E0E51EA020718BF46F0010657
:101D600016EB0E7655F1000254F1000103D5BDE8E3
:101D70008901BDE80088BDE88901BDE80048B619C1
:101D8000524141EB0101A3F10103704780807F7E46
:101D90007D7C7B7A797877767675747372717170E1
:101DA0006F6E6E6D6C6C6B6A6A6968686766666593
:101DB0006464636362616160605F5F5E5E5D5D5C21
:101DC0005C5B5B5A5A595958585757565655555592
:101DD0005454535352525251515050504F4F4F4EF2
:101DE0004E4D4D4D4C4C4C4B4B4B4A4A4A49494940
:101DF0004848484747474746464645454544444482
:101E0000444343434342424242414141002B26D492
:101E1000770021D01CB54FEA370703B44FF010000C
:101E20004FF010014FF000000FBCBDE810400BF167
:101E3000010BBBF1010F08BF5FEA170722BF12F1C8
:101E4000010211F101014FF0004143F1000300F0E4
:101E5000004043EA00007047F9D35708DAE746EA42
:101E6000064613F1400F4FEA16461FDD13F1200F0F
:101E7000DFBF16430A46002120335B42C8D0C3F1BE
:101E8000200746EA064602FA07F74FEA164646EAF0
:101E90000706C3F1200722FA03F201FA07F721FA35
:101EA00003F14FF0000342EA0702B1E746EA0206F7
:101EB00046EA06464FEA164646EA0106BCBF46EA2F
:101EC0000646360C4FF000034FF000024FF00001C1
:101ED0009EE72DE9C048934630B491E8380007C822
:101EE00031EA400C48BF34EA430C03D5FFF7F2FD5A
:101EF000FFF78CFFF0BCBDE800882DE9C048934691
:101F000030B491E8380007C810F0804F08BF13F0D4
:101F1000804F03D100F005F8FFF778FFF0BCBDE873
:101F2000008820F07F4780EA030023F07F4C07EB16
:101F30000C03A3F57C5300F00040A3F1FE0392F0E4
:101F4000000F00F0B38095F0000F00F077802DE9CE
:101F500001494FEA11404FEA144621EA004800FBCC
:101F600006FC24EA064708FB06F607FB08F800FB18
:101F700007F718EB06484CEB164C4FEA124B18EBE0
:101F800007484FEA15464CEB174022EA0B4E0BFB75
:101F900006FC25EA06470EFB06F607FB0EFE0BFBCA
:101FA00007F71EEB064E4CEB164C4FF000061EEBEF
:101FB000074E4CEB174B18EB0B0840F1000018EBE9
:101FC0000E0B58EB000840F100008F1A4FF0000193
:101FD0003CBFC943661B14BFB5EB040C00213CBFDA
:101FE000C943F61B4FEA17444EEA8E0E27EA044512
:101FF0004FEA1C4704FB07622CEA074C05FB07F776
:102000000CFB05F604FB0CFC16EB074642EB1742F3
:1020100016EB0C4642EB1C421BEB060658EB020289
:10202000414146EA9E0601D5BDE80189B6195241F3
:1020300041EB0101A3F10103BDE801894FEA144519
:102040004FEA114724EA054621EA074C05FB07F44D
:1020500006FB07F70CFB06F105FB0CFC11EB074137
:1020600044EB17444FEA124711EB0C4144EB1C447C
:1020700022EA074C05FB07F206FB07F70CFB06F606
:1020800005FB0CFC16EB074642EB174216EB0C4621
:1020900042EB1C456A1854F1000148BF7047B6195D
:1020A000524141EB0101A3F10103704795F0000F8C
:1020B00037D04FEA11424FEA144721EA024624EA98
:1020C000074C02FB07F106FB07F70CFB06F402FBCB
:1020D0000CFC14EB074441EB17414FEA154714EB96
:1020E0000C4441EB1C4125EA074C02FB07F506FBBB
:1020F00007F70CFB06F602FB0CFC16EB074645EB5C
:10210000174516EB0C4645EB1C42121951F1000124
:1021100048BF7047B619524141EB0101A3F10103D9
:1021200070474FEA14454FEA114724EA054621EA71
:10213000074C05FB07F106FB07F70CFB06F24FF017
:10214000000605FB0CFC12EB074241EB174112EBBA
:102150000C4251EB1C4148BF7047921841EB010102
:10216000A3F101037047FEE710B5446A204600F072
:10217000E1F90120207110BD10B5446A204600F03D
:1021800066F90120207110BD10B5446A206940F045
:1021900004002061204600F0FDF90120207110BDEF
:1021A00010B5446A206940F004002061204600F028
:1021B00050F90120207110BD10B5406A00F0D2F92D
:1021C00010BD10B5406A00F043F910BD014800F0A1
:1021D00057BC000024030020014800F051BC00005F
:1021E0002001002030B590F840500124AC40C56B70
:1021F0006C60046863604368102B036803D09960C7
:102200000068C26030BD9A600068C16030BD10B522
:1022100010B109B100230BE04FF0FF3010BD31F8D1
:10222000134004F5004444F30B1420F813405B1CE6
:102230009342F4DB104610BD7047000072B602A155
:10224000054805F0DDF8FAE74572726F72204861C3
:102250006E646C6572000000DC020020002200F059
:1022600001B8000030B50E4B054601205C7A012C08
:1022700015D8587A00241C54587A03EB8000456026
:102280005D7A03F108002A54587A421C5A723030A1
:1022900008703A2048702F208870CC70002030BD24
:1022A000C0630020002100F001B800000B4910B508
:1022B00002464B7A0120002B0FD01278303AD2B26E
:1022C00001EB82035C68002C07D000200A445860B0
:1022D0001072487A401E4872002010BDC063002072
:1022E000F0B52E4885B0816941F4805181618169E2
:1022F00001F480510491816941F004018161816997
:1023000001F004010491816941F04001816180691B
:10231000012600F040000490032020240227CDE98C
:1023200002601F4DCDE900476946284600F00AFECD
:10233000802000906946284600F004FE6946284641
:10234000009400F0FFFDE00000906946284600F090
:10235000F9FD0025CDE900656946124800F0F2FD5F
:10236000124C114820601020A560E0610720C4E9EC
:102370000A50C4E90357256270026562C4E905602A
:102380004FF482706060204601F04EFD20680168C5
:1023900041F04001016005B0F0BD000000100240B6
:1023A000000801400018014000300140285A002078
:1023B00010B5002002F052FF02F0A6FF0B4803F018
:1023C0004FFB4FF6FF711F2003F044FB084800212C
:1023D000038808480288084602F058FE03F034FBE0
:1023E000C088BDE8104004A102F09EBEDC000020C1
:1023F000D0000020CE0000202020202020202020FF
:10240000426C65417564696F5F44656D6F20202083
:10241000202020202020000008B50020441E250C8C
:10242000009023466A462946002009F0C5FD002891
:10243000F7D00098012807D0022801D00428F0D155
:10244000C0B203F037FDECE703F076FDE9E7704733
:10245000704770472DE9F04116460D46040049D0FB
:10246000002D47D02868A0B1042812D00C2810D025
:1024700014280ED01C280CD024280AD02C2808D0D0
:10248000342806D03C2804D040F2F1311BA005F0DE
:1024900031FD686830B1022804D040F2F23117A053
:1024A00005F028FD36B1102E04D040F2F33113A010
:1024B00005F020FD607901281ED0012767710220F8
:1024C00020712368186806F0100240F6FE719140F2
:1024D0008843D5E9001529439140014319602068DC
:1024E0000168C02393409943016027710020607107
:1024F000BDE8F0810120FBE70220F9E72E2E2F44F2
:102500007269766572732F53544D33324631787841
:102510005F48414C5F4472697665722F5372632F36
:1025200073746D3332663178785F68616C5F6461B3
:10253000632E630008B500200090084869460068D3
:1025400008F09EFD0098012806D1054900070860A3
:10255000BFF34F8FBFF36F8F08BD00001000002046
:1025600004ED00E008B500200090084869460068C6
:1025700008F086FD0098012806D10549000708608B
:10258000BFF34F8FBFF36F8F08BD00001000002016
:1025900004ED00E00421014800F0A6BE0010014057
:1025A00070B504000CD00D492068884204D040F278
:1025B0002B110BA005F09EFC2079002510B105E041
:1025C000012070BD6571204600F026F802202071C0
:1025D000256101202071002070BD000000740040C2
:1025E0002E2E2F447269766572732F53544D3332F9
:1025F000463178785F48414C5F4472697665722F46
:102600005372632F73746D3332663178785F68610B
:102610006C5F6461632E6300F0B585B000260546EB
:10262000009601960296039600681A4988422ED1B8
:102630001949C86940F00050C861C86900F00050ED
:102640000490886940F0040088618869102700F0D0
:10265000040004900320CDE9007069460F4800F0A3
:1026600071FC104C0E48C4E900078020C4E90260E8
:1026700040002061800060612020C4E906062046F9
:1026800000F022FB08B1FFF7D9FDAC60656205B030
:10269000F0BD00000074004000100240000801403E
:1026A000300402402001002070B50D46040027D000
:1026B00035B1102D04D04FF4E87118A005F01AFCC4
:1026C000607901281ED001206071022121712168EA
:1026D0000E6805F0100200FA02F31E430E60216836
:1026E00095B10B6803F470153C2393409D4203D1D0
:1026F0004A6842F002024A6020710020607170BD99
:10270000012070BD022070BD0A68C2F383020F2A47
:10271000F2D14A6842F00102EDE700002E2E2F446C
:102720007269766572732F53544D3332463178781F
:102730005F48414C5F4472697665722F5372632F14
:1027400073746D3332663178785F68616C5F646191
:10275000632E63002DE9F0479946089F90460D4689
:1027600004002DD035B1102D04D040F2372130A017
:1027700005F0C0FB47B1042F06D0082F04D04FF45A
:102780000E712BA005F0B6FB607901281BD0012645
:10279000667102202071C5B1E16833488862E16842
:1027A0003248C862E168324808632068016841F035
:1027B000805101601FB32268042F23D01C3222E015
:1027C0000120BDE8F0870220FBE7A1682948886264
:1027D000A1682948C862A168284808632068016880
:1027E00041F48051016027B12268042F04D01032D7
:1027F00003E02268083200E00C32A06804E022689E
:10280000143200E01832E0684B46414600F034FBD9
:102810000021617120B1216941F004012161D0E7FB
:1028200021680A6805F010039E4032430A60C8E739
:102830002E2E2F447269766572732F53544D3332A6
:10284000463178785F48414C5F4472697665722FF3
:102850005372632F73746D3332663178785F6861B9
:102860006C5F6461632E630079210008C321000856
:10287000A121000869210008B92100088921000868
:1028800070B50D4604001ED035B1102D04D040F2B5
:10289000BB210FA005F02EFB2068026805F0100197
:1028A0004FF480538B409A430260206802680126EF
:1028B00006FA01F18A4302603DB1E06800F024F8B5
:1028C0002671002070BD012070BDA068F6E70000F1
:1028D0002E2E2F447269766572732F53544D333206
:1028E000463178785F48414C5F4472697665722F53
:1028F0005372632F73746D3332663178785F686119
:102900006C5F6461632E630010B590F821100022A3
:10291000022905D00421816380F82020012010BD08
:1029200001680B6823F00E030B6001680B6823F04D
:1029300001030B6090F84030C46B012101FA03F3EE
:10294000636080F8211080F82020104610BD000040
:102950002DE9F05F90F821100024022903D0042112
:102960008163012485E001680A6822F00E020A6092
:1029700001680A6822F001020A603F4E3E4FB2151C
:10298000DFF8F4C0DFF8F090DFF8ECA0DFF8E8B093
:10299000DFF8E4E00168783F13011502ACF1640C44
:1029A000A9F15009AAF13C0AABF1280BAEF1140EC3
:1029B0004FF48018B14227D9B9420ED0614512D0E8
:1029C00049451DD0514518D0594518D0714501D100
:1029D000424615E0294EB14201D1012210E0274EB6
:1029E0001436B14201D110220AE0244E2836B142F9
:1029F00006D0224A3C32914201D11A4600E02A46D2
:102A00001E49091F0A602BE0B94213D0614517D057
:102A1000494522D051451DD059451DD0714501D1A0
:102A200042461AE0B14202D14FF0807215E0134ED7
:102A3000B14201D1012210E0104E1436B14201D151
:102A400010220AE00D4E2836B14206D00B4A3C3225
:102A5000914201D11A4600E02A46074980394A606E
:102A6000012180F82110002180F82010416B01B174
:102A700088472046BDE8F09F8000024008040240DD
:102A80002DE9F05FC16B0A6801680B68046C4FF0B8
:102A9000040808FA04F8844D844E854FDFF814C208
:102AA000DFF81492DFF814A2DFF814B2DFF814E2B2
:102AB00018EA020F65D05FEA437862D50A68920689
:102AC00003D40A6822F004020A60DFF8F0814FF4B0
:102AD0008062016808F1140813011402414524D9E9
:102AE000A9420DD0B1420FD0B9421AD0614515D0DC
:102AF000494515D0514501D1120312E0594501D184
:102B000004220EE0714501D140220AE06D4D1435DA
:102B1000A94206D06B4A2832914201D11A4600E000
:102B200022466749091F0A6029E0A94213D0B14231
:102B300015D0B94220D061451BD049451BD0514525
:102B400002D14FF4800217E0414502D14FF080627C
:102B500012E0594501D104220EE0714501D1402215
:102B60000AE0584D1435A94206D0564A28329142FF
:102B700001D11A4600E022464B4908394A60C16A31
:102B800071E04FF0020808FA04F818EA020F70D05A
:102B90005FEA83786DD50A68920606D40A6822F047
:102BA0000A020A60012180F82110DFF810814FF439
:102BB0000072016808F1140813011402414524D978
:102BC000A9420DD0B1420FD0B9421AD0614515D0FB
:102BD000494515D0514501D1120312E0594501D1A3
:102BE00002220EE0714501D120220AE0354D143554
:102BF000A94206D0334A2832914201D11A4600E058
:102C000022462F49091F0A6029E0A94213D0B14288
:102C100015D0B94220D061451BD049451BD0514544
:102C200002D14FF4001217E0414502D14FF000727B
:102C300012E0594501D102220EE0714501D1202256
:102C40000AE0204D1435A94206D01E4A283291428E
:102C500001D11A4600E02246134908394A60002192
:102C600080F82010816A00291CD0BDE8F05F084779
:102C7000FFE70825A540154214D01A0712D50A68A7
:102C800022F00E020A6090F84020C36B012101FA85
:102C900002F25A60816380F82110002180F8201030
:102CA000016BE0E7BDE8F09F080002401C00024015
:102CB0003000024044000240580002406C000240D4
:102CC000080402401C04024070B504007ED05A493A
:102CD00020685A4D88422DD057491431884229D056
:102CE00055492831884225D053493C31884221D06A
:102CF0005149503188421DD04F496431884219D022
:102D00004D497831884215D0A84213D04B4914312F
:102D100088420FD04949283188420BD047493C317D
:102D2000884207D045495031884203D0992144A0B8
:102D300005F0E0F8606840B1102806D0B0F5804F8B
:102D400003D09A213EA005F0D5F8A068402804D011
:102D500018B19B213AA005F0CDF8E068802804D096
:102D600018B19C2136A005F0C5F8206948B1B0F52E
:102D7000807F06D0B0F5007F03D09D2130A005F004
:102D8000B9F8606948B1B0F5806F06D0B0F5006F52
:102D900003D09E212AA005F0ADF8A06928B1202813
:102DA00003D09F2126A005F0A5F8E06960B1B0F539
:102DB000805F09D0B0F5005F06D0B0F5405F03D06A
:102DC000A0211FA005F096F8142000E00CE0216877
:102DD000A9420BD2184A52420A44B2FBF0F08000DA
:102DE0002064154808380AE0012070BD134A524299
:102DF0000A44B2FBF0F08000206410480838E06319
:102E0000022084F821000A6843F6F0708243F4E956
:102E100001031843D4E902352B43184323691843AF
:102E200063691843A3691843104308600020606376
:102E300001216177207770BD08000240080402403C
:102E40002E2E2F447269766572732F53544D333290
:102E5000463178785F48414C5F4472697665722FDD
:102E60005372632F73746D3332663178785F6861A3
:102E70006C5F646D612E63002DE9F0418846044665
:102E80000025581E4FF6FF711E461746884204D390
:102E90004FF4B7711DA005F02DF894F8200001281B
:102EA0000DD0012084F8200094F821100020012981
:102EB00007D084F8200002252846BDE8F0810220D2
:102EC000FBE7022184F82110A0632068016821F04B
:102ED0000101016033463A4641462046FFF782F938
:102EE000E06A00282068016802D041F00E0106E087
:102EF00021F0040101602068016841F00A010160CD
:102F00002068016841F001010160D5E72E2E2F44B1
:102F10007269766572732F53544D33324631787827
:102F20005F48414C5F4472697665722F5372632F1C
:102F300073746D3332663178785F68616C5F646D8D
:102F4000612E63002DE9F84F0027DFF8BCA2DFF8FF
:102F5000BCB20D460446B946504514D05C4512D06B
:102F6000AB4884420FD0AB4884420CD0AA4884427C
:102F700009D0AA48844206D0A948844203D0BD2182
:102F8000A8A004F0B7FF28680104090C01D0000CC8
:102F900003D0BE21A3A004F0ADFF686800281FD0B5
:102FA0000128FCD01128FAD00228F8D01228F6D037
:102FB000AB498842F3D0AB498842F0D0AA49884255
:102FC000EDD0AA498842EAD0A9498842E7D0A94968
:102FD0008842E4D00328E2D0BF2192A004F08AFF07
:102FE0000BE1012000FA07F801EA0806464574D112
:102FF000544514D05C4512D0854884420FD0854892
:1030000084420CD08448844209D08448844206D04B
:103010008348844203D0CD2182A004F06BFF904806
:1030200069680A1A814259D00EDC032975D006DC82
:10303000002953D0012919D0022969D131E0112981
:1030400021D0122964D13AE0B2F5881F46D006DCBF
:10305000B2F5803F42D0B2F5801F59D13EE0B2F5C3
:10306000001F3BD0B2F5041F52D137E0E8680228B8
:1030700007D0012805D0032803D0D52169A004F08A
:1030800039FFE8683EE0E868022807D0012805D04B
:10309000032803D0DC2163A004F02CFFE868001DA6
:1030A00030E0E868022807D0012805D0032803D0C3
:1030B000E3215CA004F01EFFE868083022E0E86825
:1030C000022807D0012805D0032803D0EA2155A003
:1030D00004F010FFE8680C3014E08DE0A86880B1BF
:1030E000012811D0022807D0F7214EA004F002FFDA
:1030F000A86830B1012807D04FF00809C4F814803F
:1031000006E00420814603E04FF00809C4F810806F
:10311000FF2E05D8224605E0FFE74FF00000F1E75B
:1031200004F104024FEA870001D9A0F120001368DE
:103130004FF00F0101FA00FC23EA0C0309FA00FC2E
:1031400043EA0C0313606868C00055D54A48826999
:1031500042F001028261806927F0030200F0010061
:103160000090464813189868BA07120F9140884398
:10317000544501D1002118E05C4501D1012114E042
:1031800023498C4201D102210FE022498C4201D116
:1031900003210AE020498C4201D1042105E01F49A6
:1031A0008C4201D1052100E0062191400143996044
:1031B0006868C0023248016801D5314300E0B1437C
:1031C0000160686880022F48016801D5314300E042
:1031D000B1430160686880032B48016801D5314321
:1031E00000E0B14301606868C0032848016801D568
:1031F000314300E0B14301607F1C2E683146FE4040
:103200007FF4EFAEBDE8F88F00080140000C0140EC
:10321000001001400014014000180140001C014052
:10322000002001402E2E2F447269766572732F5351
:10323000544D3332463178785F48414C5F4472696F
:103240007665722F5372632F73746D3332663178E3
:10325000785F68616C5F6770696F2E6300000000C3
:1032600000001110000021100000311000001210A9
:103270000000221000003210001002400000014047
:10328000080401400C040140040401400004014012
:1032900070B50C00054604D14FF4DA7103A004F0B8
:1032A00029FEA868204000D0012070BD2E2E2F449A
:1032B0007269766572732F53544D33324631787884
:1032C0005F48414C5F4472697665722F5372632F79
:1032D00073746D3332663178785F68616C5F6770E4
:1032E000696F2E630000000070B50C00054604D124
:1032F0004FF4F67105A004F0FDFDE96824EA010031
:10330000214040EA0140286170BD00002E2E2F446C
:103310007269766572732F53544D33324631787823
:103320005F48414C5F4472697665722F5372632F18
:1033300073746D3332663178785F68616C5F677083
:10334000696F2E630000000070B515460C0006463C
:1033500004D14FF4EA7108A004F0CCFD45B1012D71
:1033600004D040F2D51104A004F0C4FD346170BD56
:103370002004306170BD00002E2E2F4472697665E6
:1033800072732F53544D3332463178785F48414C35
:103390005F4472697665722F5372632F73746D3355
:1033A00032663178785F68616C5F6770696F2E6331
:1033B0000000000001488068704700001C000020E9
:1033C0000248816802781144816070471C00002027
:1033D000074810B5016841F010010160032000F0BA
:1033E000F5F80F2000F006F800F04AF8002010BDB4
:1033F0000020024030B505461C4887B0816941F481
:1034000000618161806906A900F40060009001A854
:1034100000F032FA00F08AFA1549164AB0FBF1F1D1
:103420001548491E0260416040F2E7320021C0E9C0
:1034300003218160816100F0EDFE040012D10E488D
:1034400001F04EF804000DD1192000F03DF8102DC8
:1034500007D200222946192000F068F807480560C5
:1034600000E0012407B0204630BD000000100240FB
:1034700040420F00002C0140680300202000002083
:103480000F4808B5816941F001018161816901F04E
:1034900001010091C16941F08051C161C069002200
:1034A00000F0805000900F21901E00F03FF805487A
:1034B000416821F0E06141F00071416008BD000009
:1034C000001002400000014010B5040003D5BD21EA
:1034D00007A004F00FFD002C09DB04F01F01012000
:1034E00088406109890001F1E021C1F8000110BDA7
:1034F0002E2E2F447269766572732F53544D3332DA
:10350000463178785F48414C5F4472697665722F26
:103510005372632F73746D3332663178785F6861EC
:103520006C5F636F727465782E63000070B515462A
:103530000C460646102A03D3A92114A004F0DAFC95
:10354000102C03D3AA2111A004F0D4FC1E4800685B
:10355000C0F30223C3F107022046042A00D9042243
:10356000191D072901D2002300E0DB1E012404FA03
:1035700002F1491E014099409C40641E2C402143A9
:103580003046BDE8704004F09DBC00002E2E2F4454
:103590007269766572732F53544D333246317878A1
:1035A0005F48414C5F4472697665722F5372632F96
:1035B00073746D3332663178785F68616C5F636F06
:1035C000727465782E6300000CED00E010B50446BF
:1035D00007280BD0062C09D0052C07D0042C05D0C9
:1035E000032C03D0912108A004F084FC154904F0B9
:1035F000070208684FF6FF03184040EA0220124A0B
:103600001043086010BD00002E2E2F4472697665AD
:1036100072732F53544D3332463178785F48414CA2
:103620005F4472697665722F5372632F73746D33C2
:1036300032663178785F68616C5F636F7274657849
:103640002E6300000CED00E00000FA052DE9F047C4
:103650000F46050078D02868C1070AD1810708D431
:10366000410706D4000704D440F236316FA004F0BD
:1036700041FC47B1012F06D0022F04D040F2373170
:103680006AA004F037FC774E306800F00700B842BB
:1036900009D2306820F0070038433060306800F00D
:1036A0000700B84277D128686F4C810729D54007B9
:1036B00003D5606840F4E06060602878000703D5B7
:1036C000606840F460506060A868A0B1802812D0A3
:1036D000902810D0A0280ED0B0280CD0C0280AD036
:1036E000D02808D0E02806D0F02804D040F25D3180
:1036F0004EA004F0FFFB6068A96820F0F0000843CA
:1037000060602878C00737D0686868B101281CD08D
:1037100002281DD04FF4597144A004F0EBFB6868F7
:10372000012812D0022813D020688007002832DA3E
:103730006068696820F0030008436060FFF73AFEA4
:10374000804641F2883910E025E020688003EDE7EB
:1037500020688001EAE700BFFFF72CFEA0EB08011C
:10376000494502D90320BDE8F0876068696800F028
:103770000C00B0EB810FEFD1306800F00700B842C9
:103780000BD9306820F0070038433060306800F013
:103790000700B84201D00120E5E728784FF48066A1
:1037A00040074FF4A0674FF4C0684FF4E06914D5A8
:1037B000E86860B1B0420AD0B84208D0404506D0AF
:1037C000484504D040F2A23118A004F093FB606891
:1037D000E96820F4E060084360602878000715D5A8
:1037E000286960B1B0420AD0B84208D0404506D03E
:1037F000484504D040F2A9310CA004F07BFB60687E
:10380000296920F4605040EAC100606000F09EF831
:103810006168164AC1F30311515CC840144908603D
:1038200014480068FFF7E6FD00209CE72E2E2F4489
:103830007269766572732F53544D333246317878FE
:103840005F48414C5F4472697665722F5372632FF3
:1038500073746D3332663178785F68616C5F726360
:10386000632E63000020024000100240D2C3000813
:10387000280000202000002070B50D46040004D16F
:1038800040F2215111A004F035FB25B940F222513C
:103890000EA004F02FFB0F2020601A48416801F0B1
:1038A00003016160416801F0F001A160416801F429
:1038B000E061E16040684FF4E06101EAD00020611E
:1038C0001148006800F00700286070BD2E2E2F44BC
:1038D0007269766572732F53544D3332463178785E
:1038E0005F48414C5F4472697665722F5372632F53
:1038F00073746D3332663178785F68616C5F7263C0
:10390000632E630000100240002002400448054975
:1039100000684968044AC1F30221515CC8407047FD
:103920002800002000100240E2C3000804480549B6
:1039300000684968044AC1F3C221515CC84070471D
:103940002800002000100240E2C300080E4A51681F
:103950000E4801F00C03042B11D0082B0FD10C489A
:10396000C1F38343C903C05C0AD55168084AC1F357
:103970004041921E515C054A5043B0FBF1F0704744
:1039800004494843704700000010024000127A00CA
:10399000C2C3000800093D002DE9F84F04007DD0A6
:1039A000FA4EFB4D20684FF0010A4FF000084FF42B
:1039B000803960B1C1070DD1810762D401076ED48F
:1039C00040076DD440F26511F2A004F093FA20781C
:1039D000C00753D060684FF4A02740B1484506D0D7
:1039E000B84204D040F26B11EAA004F083FA686890
:1039F000C0F38100012807D06868C0F38100022865
:103A000009D16868C00306D52868800336D5606888
:103A10000028C4D032E06068484503D1286840F4EB
:103A2000803009E008B1B8420DD0286820F4803019
:103A30002860286820F480202860606888B1FFF73B
:103A4000B9FC074609E0286840F480202860E5E7D3
:103A5000FFF7B0FCC01B642877D828688003F7D52F
:103A60000CE0FFF7A7FC074605E000BFFFF7A2FC4C
:103A7000C01B6428F0D828688003F7D4207880071A
:103A80004ED5206930B1012804D040F29F11C1A069
:103A900004F030FA60691F2808D902E096E042E09D
:103AA0007BE04FF4D071BBA004F024FA686810F0FA
:103AB0000C0F07D06868C0F38100022809D168683C
:103AC000C00306D42868800714D5206901287DD159
:103AD00010E02069B0B1C6F800A0FFF76BFC074604
:103AE00005E000BFFFF766FCC01B0228B4D82868B9
:103AF0008007F7D52868616920F0F80040EAC10026
:103B000028600DE0C6F80080FFF754FC074604E08B
:103B1000FFF750FCC01B02289ED828688007F7D406
:103B20002078000736D5A94FA06920B3012806D018
:103B30004FF4F07197A004F0DDF9A069D8B1C7F88F
:103B400000A0FFF737FC074605E054E1FFF732FC21
:103B5000C01B02288ED8686A8007F7D59C484FF4AE
:103B6000FA510068B0FBF1F0009000BF0098411ED0
:103B70000091FAD20EE0C7F80080FFF71BFC074661
:103B800005E000BFFFF716FCC01B0228AED8686A2C
:103B90008007F7D4207840076ED5E068002740B151
:103BA000012806D0052804D040F20F2179A004F0A6
:103BB000A1F9E869C00008D4E86940F08050E861E4
:103BC000E869012700F08050009000E027E181487B
:103BD0000168C90512D4016841F480710160FFF7E2
:103BE000E9FB834606E000BFFFF7E4FBA0EB0B0018
:103BF000642891D877480068C005F5D5E0680128A9
:103C00000AD008B1052811D0286A20F001002862E6
:103C1000286A20F0040002E0286A40F001002862CF
:103C2000E068A8B1FFF7C6FB83460DE0286A40F0C4
:103C300004002862F0E700BFFFF7BCFBA0EB0B011C
:103C400041F28830814285D8286A8007F4D50EE099
:103C5000FFF7B0FB834607E0FFF7ACFBA0EB0B01DF
:103C600041F28830814291D8286A8007F4D41FB18C
:103C7000E86920F08050E861E06900287ED00128E2
:103C800009D0022807D040F2AD2142A004F032F959
:103C9000E069002872D06868C0F381000228E069FA
:103CA0006DD0022805D0C6F86080FFF783FB04467C
:103CB000A4E0206A30B1484504D040F2B62135A0D6
:103CC00004F018F9606A70B3B0F5802F2BD0B0F50E
:103CD000002F28D0B0F5402F25D0B0F5801F22D07E
:103CE000B0F5A01F1FD0B0F5C01F1CD0B0F5E01F6D
:103CF00019D0B0F5001F16D0B0F5101F13D0B0F5D5
:103D0000201F10D0B0F5301F0DD0B0F5401F0AD0E5
:103D1000B0F5501F07D0B0F5601F04D040F2B721B6
:103D20001CA004F0E7F8C6F86080FFF743FB0746E5
:103D300005E000BFFFF73EFBC01B02285BD82868E8
:103D40008001F7D4206A48450FD1A06838B1B0F59A
:103D5000003F04D040F2CD210EA004F0CBF86868FB
:103D6000A16820F4003008436860D4E908010843E2
:103D7000696821F474110843686001E051E041E092
:103D8000C6F860A0FFF716FB04462AE00000424296
:103D9000001002402E2E2F447269766572732F53E5
:103DA000544D3332463178785F48414C5F447269F4
:103DB0007665722F5372632F73746D333266317868
:103DC000785F68616C5F7263632E630080044242B7
:103DD0002800002000700040FFF7ECFA001B0228CA
:103DE00009D828688001F7D51BE000BFFFF7E2FA89
:103DF000001B022802D90320BDE8F88F2868800143
:103E0000F4D40EE00128F7D06868226A00F480310B
:103E1000914204D1616A00F47010884201D00120FF
:103E2000EAE70020E8E7000070B504007ED07C4996
:103E3000206888420AD07B49884207D07A49884264
:103E400004D04FF4AB7179A004F054F860684FF4DB
:103E5000827630B1B04204D040F2571173A004F022
:103E600049F8A06850B1B0F5806F07D0B0F5004FA9
:103E700004D04FF4AC716DA004F03CF8E068B0F5EC
:103E8000006F05D020B140F2591168A004F032F85B
:103E9000A069B0F5007F08D038B1B0F5802F04D00C
:103EA0004FF4AD7161A004F025F8E06990B10828E5
:103EB00010D010280ED018280CD020280AD028287E
:103EC00008D0302806D0382804D040F25B1157A023
:103ED00004F010F8206A30B1802804D04FF4AE719D
:103EE00052A004F007F8606A002538B340F25F1171
:103EF0004EA003F0FFFF606A00B3E06990B10828AC
:103F000010D010280ED018280CD020280AD028282D
:103F100008D0302806D0382804D040F2711143A0D0
:103F200003F0E8FF25616561A56200E004E094F814
:103F30005100002830D034E0012070BD206930B13C
:103F4000022804D04FF4B17138A003F0D3FF6069A8
:103F500030B1012804D040F2631134A003F0CAFF4D
:103F60006068B04216D1E0690028DDD00828DBD0B7
:103F70001028D9D01828D7D02028D5D02828D3D099
:103F80003028D1D03828CFD040F2671127A003F0D5
:103F9000B1FFC9E7E561C7E784F85050204600F05B
:103FA00061F8022084F851002068016821F0400186
:103FB0000160A088218900F4827001F40441084363
:103FC000A18901F400610843217C01F0020108434A
:103FD000217D01F001010843218B01F400710843A8
:103FE000217F01F03801084394F8201001F080018E
:103FF0000843218D01F40051084321680860A0693D
:10400000042101EA1040216848602068C16921F458
:104010000061C1616565012084F85100002070BD18
:104020000030014000380040003C00402E2E2F445C
:104030007269766572732F53544D333246317878F6
:104040005F48414C5F4472697665722F5372632FEB
:1040500073746D3332663178785F68616C5F73704A
:10406000692E630030B585B0002400940194029459
:10407000039400681449884223D11448816941F4AB
:1040800080518161816901F480510491816941F01D
:104090000401816180690E4D00F004000490A020AD
:1040A0000090022001900320039069462846FEF705
:1040B00049FF4020CDE90004694628460294FEF7F6
:1040C00041FF05B030BD000000300140001002404B
:1040D00000080140704770472DE9F05F0446006812
:1040E000364E374FDFF8DC80DFF8DC90DFF8DCA0FD
:1040F0000D464FF0804BB04214D0B84212D0584514
:1041000010D040450ED048450CD050450AD030491B
:10411000884207D02F49884204D040F2B4712EA0C3
:1041200003F0E8FE286890B1102810D020280ED0A7
:1041300030280CD040280AD0502808D0602806D05B
:10414000702804D040F2B57123A003F0D3FE686854
:10415000802805D020B140F2B6711FA003F0CAFE3E
:1041600094F83C00012827D0012284F83C2002204A
:1041700084F83D00216848688B6820F0700C28683E
:1041800040EA0C0048602068B04209D0B84207D02D
:10419000584505D0404503D0484501D0504504D18D
:1041A000696823F080031943816084F83D20002072
:1041B00084F83C00BDE8F09F0220FBE7002C0140A2
:1041C000003401400004004000080040000C0040A2
:1041D00000100040001400402E2E2F4472697665B6
:1041E00072732F53544D3332463178785F48414CC7
:1041F0005F4472697665722F5372632F73746D33E7
:1042000032663178785F68616C5F74696D5F65787C
:104210002E63000010B5040051D03C49206888424C
:1042200019D03B49884216D0B0F1804F13D039499C
:10423000884210D0384988420DD0384988420AD087
:104240003749884207D03749884204D040F21311D9
:1042500035A003F04FFEA06860B110280AD02028D6
:1042600008D0402806D0602804D04FF48A712EA0D0
:1042700003F040FE206950B1B0F5807F07D0B0F563
:10428000007F04D040F2151127A003F033FEE06850
:104290004FF6FE71401E884204D94FF48B7122A064
:1042A00003F028FEA06930B1802804D040F2171135
:1042B0001DA003F01FFE94F83D0010B107E001209F
:1042C00010BD002084F83C00204600F049F8022090
:1042D00084F83D00211D206802F0CCFD012084F807
:1042E000460084F83E0084F83F0084F8400084F8DB
:1042F000410084F8420084F8430084F8440084F8C4
:10430000450084F83D00002010BD0000002C014055
:10431000003401400004004000080040000C004050
:1043200000100040001400402E2E2F447269766564
:1043300072732F53544D3332463178785F48414C75
:104340005F4472697665722F5372632F73746D3395
:1043500032663178785F68616C5F74696D2E6300D6
:1043600008B501682248B1F1804F0BD0214A914233
:1043700017D1C16941F00401C161C06900F00400B6
:10438000009008BDC16941F00101C161C06900220E
:1043900000F00100009005211C20FFF7C7F81C2049
:1043A00022E0154A91420ED1C16941F01001C1616C
:1043B000C069002200F01000009005213620FFF7B0
:1043C000B5F8362010E00D4A9142DAD1C16941F0CA
:1043D0002001C161C069002200F020000090052189
:1043E0003720FFF7A3F83720BDE80840FFF76CB887
:1043F000001002400008004000100040001400407F
:104400002DE9F04707460068204C214D214EDFF88A
:104410008880DFF888904FF0804AA04214D0A842EC
:1044200012D0504510D0B0420ED040450CD0484577
:104430000AD01B49884207D01A49884204D040F26A
:10444000951119A003F056FD97F83D00012802D000
:104450000120BDE8F087022087F83D003868A042BF
:1044600009D0A84207D0504505D0B04203D04045FE
:1044700001D0484504D1816801F00701062903D025
:10448000016841F0010101600020E2E7002C0140D9
:10449000003401400004004000080040000C0040CF
:1044A00000100040001400402E2E2F4472697665E3
:1044B00072732F53544D3332463178785F48414CF4
:1044C0005F4472697665722F5372632F73746D3314
:1044D00032663178785F68616C5F74696D2E630055
:1044E0002DE9F04707460068234C244D244EDFF8A1
:1044F0009480DFF894904FF0804AA04214D0A842F4
:1045000012D0504510D0B0420ED040450CD0484596
:104510000AD01E49884207D01D49884204D04FF472
:10452000E8711CA003F0E6FC97F83D00012802D0DA
:104530000120BDE8F087022087F83D003868C16897
:1045400041F00101C1603868A04209D0A84207D0FB
:10455000504505D0B04203D0404501D0484504D174
:10456000816801F00701062903D0016841F00101CB
:1045700001600020DDE70000002C01400034014014
:104580000004004000080040000C00400010004003
:10459000001400402E2E2F447269766572732F53DB
:1045A000544D3332463178785F48414C5F447269EC
:1045B0007665722F5372632F73746D333266317860
:1045C000785F68616C5F74696D2E63002DE9F05F40
:1045D000054690F83C000C464FF0000B01283ED0F9
:1045E000012085F83C00022085F83D0020684FF44A
:1045F00080594FF4005A484515D0702813D05045C3
:1046000011D040280FD050280DD060280BD050B1C9
:10461000102808D0202806D0302804D041F2BE410E
:10462000BDA003F067FC2968886820F0770020F4BB
:104630007F4088602068C649C64AC74BC74EC84FEE
:104640004FF0804C4FF40048502872D00FDC2028E7
:1046500004D007DC0028FBD010286BD13CE10220FD
:10466000BDE8F09F3028F9D04028F6D105E1602858
:104670007DD070285FD0484542D05045EDD12868A4
:1046800088420ED090420CD060450AD0984208D0A3
:10469000B04206D0B84204D041F2E9419EA003F0F6
:1046A00029FCA06858B1484509D0504507D0B0F55D
:1046B000405F04D041F2EC4197A003F01BFC60681E
:1046C000404509D040B1022806D00A2804D041F262
:1046D000ED4191A003F00EFCE0680F2804D941F2EF
:1046E000EE418DA003F006FCD4E90121E3682868BF
:1046F00002F006FC2868816841F48041816002E193
:1047000028688842FBD09042F9D06045F7D09842A3
:10471000F5D0B042F3D0B842F1D092498842EED001
:1047200091498842EBD041F2CA417BA003F0E2FB01
:10473000E9E042E0E5E0286888420ED090420CD0E3
:1047400060450AD0984208D0B04206D0B84204D0A2
:1047500041F2D14170A003F0CDFBA06868B148459B
:104760000BD0504509D0B0F5405F06D000E053E0D3
:1047700041F2D44168A003F0BDFB6068404509D018
:1047800040B1022806D00A2804D041F2D54162A0E7
:1047900003F0B0FBE0680F2804D941F2D6415EA0D7
:1047A00003F0A8FBD4E90121E368286802F0A8FB24
:1047B0002868816841F07701A0E7286888420ED018
:1047C00090420CD060450AD0984208D0B04206D042
:1047D000B84204D041F2FD414FA003F08BFB60686A
:1047E000404509D040B1022806D00A2804D04FF431
:1047F000A85149A003F07EFBE0680F2804D941F2DC
:10480000015145A003F076FBE2686168286802F078
:1048100089FB502128682DE0286888420ED09042FC
:104820000CD060450AD0984208D0B04206D0B842B9
:1048300004D041F20D5138A003F05CFB60684045A4
:1048400009D040B1022806D00A2804D041F2105104
:1048500031A003F04FFBE0680F2804D941F2115159
:104860002DA003F047FBE2686168286802F06BFB4B
:104870006021286802F04EFB45E0286888420ED08F
:1048800090420CD060450AD0984208D0B04206D081
:10489000B84204D041F21D511FA003F02BFB606809
:1048A000404509D040B1022806D00A2804D04FF470
:1048B000A95119A003F01EFBE0680F2804D941F2AA
:1048C000215115A003F016FBE2686168286802F028
:1048D00029FB40212868CDE7286888420ED0904205
:1048E0000CD060450AD0984208D0B04206D0B842F9
:1048F00004D041F2305108A003F0FCFA2168286886
:10490000B8E74FF0010B012085F83D00002085F845
:104910003C005846A4E600002E2E2F4472697665AE
:1049200072732F53544D3332463178785F48414C7F
:104930005F4472697665722F5372632F73746D339F
:1049400032663178785F68616C5F74696D2E6300E0
:10495000002C0140003401400004004000080040E9
:10496000000C00400010004000140040704770B57B
:104970000446006801694FF00005C943890715D452
:10498000C168C943890711D4E91E0161012020775C
:10499000206880698007204602D0FFF7E7FF04E027
:1049A00000F098F8204600F096F825772068016915
:1049B000C943490717D4C168C943490713D46FF0E5
:1049C00004010161022020772068806910F4407F93
:1049D000204602D0FFF7CAFF04E000F07BF8204633
:1049E00000F079F8257720680169C943090716D4D2
:1049F000C168C943090712D46FF00801016104209E
:104A000020772068C0698007204602D0FFF7AEFFFC
:104A100004E000F05FF8204600F05DF8257720689C
:104A20000169C943C90617D4C168C943C90613D46B
:104A30006FF010010161082020772068C06910F430
:104A4000407F204602D0FFF791FF04E000F042F8DB
:104A5000204600F040F8257720680169C943C9075E
:104A600008D1C168C943C90704D1891E0161204624
:104A700000F032F820680169C943090609D4C16809
:104A8000C943090605D46FF0800101612046FFF794
:104A900021FB20680169C943490609D4C168C9439B
:104AA000490605D46FF040010161204600F024F86A
:104AB00020680169C94389060BD4C168C9438906C6
:104AC00007D46FF0200101612046BDE87040FFF778
:104AD00002BB70BD7047704710B5044600680549B9
:104AE000884201D1FEF76CFC2046BDE8104002F080
:104AF000A3BC0000002C01407047704710B504466D
:104B00000068406994F84110C0F3C010212911D108
:104B100080B12068143050E8001F21F0800140E887
:104B20000012002AF5D1A06B08B1FDF7EDFE20467A
:104B300002F0C1FA2068406994F84210C0F3801076
:104B4000222911D180B12068143050E8001F21F0D3
:104B5000400140E80012002AF5D1E06B08B1FDF7F2
:104B6000D3FE204602F080FA002010BD70470000FE
:104B7000F8B5016804460868CA684B6910F00F0F61
:104B80004FF000055AD003F0010602F49077374346
:104B900065D0C10705D0D10503D5616C41F0010195
:104BA0006164410705D5D90703D0616C41F002016A
:104BB0006164810705D5D90703D0616C41F0040118
:104BC0006164010707D502F02001314303D0616C15
:104BD00041F008016164616C00293BD0800604D576
:104BE000900602D5204602F074FA20684069616C94
:104BF000C0F3801001F00801014320462BD002F0E1
:104C000033FA20684069400621D52068143050E806
:104C1000001F21F0400140E80012002AF5D1E06BAE
:104C2000A8B16D494163E06BFDF792FE002811D0F9
:104C3000E06B416B01B0BDE8F040084783060ED53C
:104C400093060CD52046BDE8F84002F042BA204653
:104C5000FFF78CFFF8BDFFF789FF6564F8BD266B91
:104C60002023012E7CD1C6067AD5D60678D50868D1
:104C70004868009048694FF00206400640D5E16B55
:104C8000086840680004000CE8D0A28D8242E5D993
:104C9000E085886920282DD020680C3050E8001F5E
:104CA00021F4807140E80012002AF5D12168143106
:104CB00051E8000F20F0010041E80002002AF5D180
:104CC0002068143050E8001F21F0400140E8001235
:104CD000002AF5D184F84230256320680C3050E872
:104CE000001F21F0100140E80012002AF5D1E06B0E
:104CF000FDF70AFE6663A08DE18D401A81B22AE0BD
:104D0000A08DE18D401A81B2E08D0028A6D0002947
:104D1000A4D022680C3252E8000F20F4907042E8D0
:104D20000007002FF5D12068143050E8002F22F042
:104D3000010240E80027002FF5D184F842302563B6
:104D400020680C3050E8002F22F0100240E80023C9
:104D5000002BF5D166632046FFF7CFFEF8BDFFE7D5
:104D600005062BD5150629D594F841002128F5D143
:104D7000A068B0F5805F01D12069B0B1206A411C04
:104D80002162216800784860E08C401E0004000C1D
:104D9000E084E3D12068C16821F08001C16020680F
:104DA000C16841F04001C160D8E7206A0088C0F3C3
:104DB00008004860206A801C2062E5E74006CDD5E7
:104DC0005006CBD5CA68204622F04002CA6084F85B
:104DD000413000F04EF9C1E76B6F000870B5040078
:104DE00020D0A06934490028344A354B20681BD0B4
:104DF00088420AD0904208D0984206D04FF4B7714A
:104E000030A003F077F8A069F8B1A069B0F5807F11
:104E10001BD0B0F5007F18D0B0F5407F15D040F220
:104E20006F110FE0012070BD88420ED090420CD06F
:104E300098420AD03249884207D03249884204D089
:104E400040F273111FA003F055F8A06838B1B0F517
:104E5000805F04D040F275111AA003F04BF894F86B
:104E60004100002520B984F84050204600F04CF85D
:104E7000242084F841002068C16821F40051C160F9
:104E8000204602F087F92068016921F49041016110
:104E90002068416921F02A0141612068C16841F41C
:104EA0000051C1606564202084F8410084F842000C
:104EB0006563002070BD00000038014000440040E0
:104EC000004800402E2E2F447269766572732F536E
:104ED000544D3332463178785F48414C5F447269B3
:104EE0007665722F5372632F73746D333266317827
:104EF000785F68616C5F756172742E6300000000FA
:104F0000004C00400050004070B586B000250646B9
:104F100000950195029503950068224988423ED18B
:104F20002149886940F480408861886900F48040A4
:104F30000490886940F00400886188691B4C00F087
:104F40000400049048150090022001900320039073
:104F500069462046FDF7F6FF2015CDE900056946B4
:104F600020460295FDF7EEFF124C1148C4E90005FA
:104F70008020C4E9025025616561A5612046E56194
:104F8000FDF7A2FE08B1FDF759F9F46300220521EF
:104F900025206662FEF7CAFA2520FEF795FA06B0CC
:104FA00070BD0000003801400010024000080140C0
:104FB000580002402403002090F84230202B01D0FA
:104FC0000220704721B11AB10023036302F088B9AF
:104FD00001207047704770472DE9F843044690F868
:104FE00041001F4616460D46202802D00220BDE88B
:104FF000F8837DB176B100206064212084F84100FF
:10500000FEF7D8F9A6848046E684A068B0F5805FF4
:1050100002D003E00120EAE7206910B12E46002506
:105020000EE000260CE08021204602F0A1F9A0B994
:10503000AEB116F8010B21684860E08C401EE08498
:10504000E08C43464FF0000200970028EBD14FF070
:105050004001204602F08CF930B10320C7E735F853
:10506000020BC0F30800E6E7202084F8410000208E
:10507000BDE77047FEE70000034910B14FF4802000
:1050800000E00420086070471014014070B51C4611
:10509000154600F049F9044905FB04F04989BDE8CB
:1050A000704000F069B80000CC00002001B5009805
:1050B00001E0401E00900028FBD108BD2DE9F0471B
:1050C000184C203A1FFA82FCE768BA88FB8802FB7A
:1050D00003F5EE1705EB5675C5F3C7063D680CFBE7
:1050E000065700F021F92C2000F018FC00254FF0A5
:1050F0008008A14612E00024795D28FA04F00142FC
:1051000002D0B9F8080001E0B9F80A0000F018FC74
:10511000641CE4B2082CEFD36D1CEDB2B542EAD3A7
:10512000BDE8F087CC0000202DE9F0410F4606468F
:105130000025104C19E0E068638881882944994271
:1051400003D9C188002531448EB2C088A18830447B
:10515000884201D900252E4631462846FFF7AEFF8A
:10516000E0687F1C8088284485B23A78002AE2D122
:10517000BDE8F081CC00002070B505460E46002445
:105180002C2000F0CBFB03E0304600F0D9FB641C80
:10519000AC42F9D370BD00002B4810B5816986B0D0
:1051A00041F010018161816901F010010491816970
:1051B00041F020018161816901F020010491816940
:1051C00041F008018161816901F008010491816960
:1051D00041F001018161806900F0010004901B48E9
:1051E000416821F0E06141F00071416001200190CF
:1051F0000290032003904FF6FF7000906946144818
:10520000FDF7A0FE2020134C009069462046FDF7D4
:1052100099FE4020009069462046FDF793FE10203D
:10522000009069462046FDF78DFE8020009069467B
:105230002046FDF787FE0420009069460648FDF7EA
:1052400081FE06B010BD00000010024000000140C9
:10525000000C0140001001400014014070B50546EB
:1052600007284DD8274CEA074FF0F00025704FF47F
:10527000A07112D06180A080362000F04FFBE08842
:10528000A0F51341413904D0A0F50541523907D0AA
:1052900009E0082040EA451003E06080A180EBE7C8
:1052A000680100F04DFB2A2000F038FB002000F0E0
:1052B00047FB002000F044FB6088401EC0F307203D
:1052C00000F03EFBA078401EC0B200F039FB2B205E
:1052D00000F024FB002000F033FB002000F030FB46
:1052E000A088401EC0F3072000F02AFB2079401E52
:1052F000C0B200F025FBBDE870402C2000F00EBBD2
:1053000070BD0000CC00002010B5FFF745FF012064
:10531000FFF7B2FE00F034F802480078BDE8104014
:10532000FFF79CBFCC0000202DE9F04105461E464A
:1053300017460C462A2000F0F1FA280A00F000FB7C
:10534000E8B200F0FDFA3D446D1EC5F30F2000F0F9
:10535000F7FAE8B200F0F4FA2B2000F0DFFA200AA6
:1053600000F0EEFAE0B200F0EBFA3444641EC4F34D
:105370000F2000F0E5FAE0B2BDE8F04100F0E0BA3D
:1053800070B500F07BFAFE49FE4D4FF6FF74C88001
:10539000A0F5134141397DD0A0F5054152397AD1AC
:1053A0002046FFF783FECF2000F0B8FA002000F07F
:1053B000C7FAC12000F0C4FA302000F0C1FA20463C
:1053C000FFF774FEED2000F0A9FA642000F0B8FAAF
:1053D000032000F0B5FA122000F0B2FA812000F0AC
:1053E000AFFA2046FFF762FEE82000F097FA85202A
:1053F00000F0A6FA102000F0A3FA782000F0A0FA3E
:105400002046FFF753FECB2000F088FA392000F049
:1054100097FA2C2000F094FA002000F091FA342042
:1054200000F08EFA022000F08BFA2046FFF73EFED5
:10543000F72000F073FA202000F082FA2046FFF7F0
:1054400035FEEA2000F06AFA002000F079FA002028
:1054500000F076FA2046FFF729FEC02000F05EFA41
:10546000212000F06DFA2046FFF720FEC12000F059
:1054700055FA112000F064FAC52000F04FFA2D20F3
:1054800000F05EFA332000F05BFA2046FFF70EFED4
:10549000362001E0A9E0F0E100F040FA002000F041
:1054A0004FFA2046FFF702FE3A2000F037FA552067
:1054B00000F046FA2046FFF7F9FDB12000F02EFA81
:1054C000002000F03DFA172000F03AFA2046FFF7DE
:1054D000EDFDB62000F022FA0A2000F031FAA220F9
:1054E00000F02EFAF62000F019FA012000F028FA58
:1054F000302000F025FAF22000F010FA002000F031
:105500001FFA262000F00AFA012000F019FA2046BE
:10551000FFF7CCFDE02000F001FAD02000F010FAF7
:10552000002000F00DFA022000F00AFA072000F037
:1055300007FA0B2000F004FA1A2000F001FA3120DB
:1055400000F0FEF9542000F0FBF9402000F0F8F9DB
:10555000292000F0F5F9122000F0F2F9122000F0F5
:10556000EFF9122000F0ECF9172000F0E9F9E12042
:1055700000F0D4F9D02000F0E3F9002000F0E0F9C9
:10558000022000F0DDF9072000F0DAF9052000F034
:10559000D7F9252000F0D4F92D2000F0D1F94420CE
:1055A00000F0CEF9452000F0CBF91C2000F0C8F93E
:1055B000182000F0C5F9162000F0C2F91C2000F0F8
:1055C000BFF91D2000F0BCF9112000F0A7F9284612
:1055D000FFF76CFD2046FFF769FD292000F09EF9DA
:1055E0002C20BDE8704000F099B92046FFF75EFD21
:1055F000CF2000F093F9002000F0A2F9812000F004
:105600009FF9302000F09CF92046FFF74FFDED2078
:1056100000F084F9642000F093F9032000F090F981
:10562000122000F08DF9812000F08AF92046FFF762
:105630003DFDE82000F072F9852000F081F910208E
:1056400000F07EF9782000F07BF92046FFF72EFD70
:10565000CB2000F063F9392000F072F92C2000F023
:105660006FF9002000F06CF9342000F069F9062091
:1056700000F066F92046FFF719FDF72000F04EF91B
:10568000202000F05DF92046FFF710FDEA2000F031
:1056900045F9002000F054F9002000F051F92046AF
:1056A000FFF704FDB12000F039F9002000F048F9BF
:1056B0001B2000F045F92046FFF7F8FCB62000F06B
:1056C0002DF90A2000F03CF9A22000F039F920461B
:1056D000FFF7ECFCC02000F021F9352000F030F994
:1056E0002046FFF7E3FCC12000F018F9112000F07C
:1056F00027F9C52000F012F9452000F021F94520D6
:1057000000F01EF9C72000F009F9A22000F018F9F6
:10571000F22000F003F9002000F012F9262000F03A
:10572000FDF8012000F00CF92046FFF7BFFCE02057
:1057300000F0F4F80F2000F003F9262000F000F943
:10574000242000F0FDF80B2000F0FAF80E2000F005
:10575000F7F8092000F0F4F8542000F0F1F8A82040
:1057600000F0EEF8462000F0EBF80C2000F0E8F82E
:10577000172000F0E5F8092000F0E2F80F2003E020
:10578000CC000020FCBF020000F0DAF8072000F097
:10579000D7F8002000F0D4F8E12000F0BFF8002096
:1057A00000F0CEF8192000F0CBF81B2000F0C8F86C
:1057B000042000F0C5F8102000F0C2F8072000F027
:1057C000BFF82A2000F0BCF8472000F0B9F83920D3
:1057D00000F0B6F8032000F0B3F8062000F0B0F8AF
:1057E000062000F0ADF8302000F0AAF8382000F0D4
:1057F000A7F80F2000F0A4F82046FFF757FC36204A
:1058000000F08CF8C82000F09BF82046FFF74EFC13
:105810002A2000F083F8002000F092F8002000F029
:105820008FF8002000F08CF8EF2000F089F8204677
:10583000FFF73CFC2B2000F071F8002000F080F80E
:10584000002000F07DF8012000F07AF83F2000F001
:1058500077F82046FFF72AFC3A2000F05FF8552041
:1058600000F06EF8112000F059F82846FFF71EFCF2
:105870002046FFF71BFC2920B3E670BD70B504205D
:1058800000F04CF800F024F800F022F800F020F8C6
:105890004FF6FF7404EA002500F01AF82843A0F53B
:1058A0000541523912D0D32000F038F800F010F83A
:1058B00000F00EF800F00CF804EA002400F008F8FC
:1058C0002043A0F51341413900D0002070BD0000F5
:1058D00070B5104A4FF088301060131D18600D4CE1
:1058E00000200C3420600C498020086140200861B1
:1058F00010254D6120264E61181D00680E6180B292
:105900000D614FF03331116019604FF6FF71216066
:1059100070BD0000000C014000100140064910223B
:105920004A6180234B6120230B61044B18604020A7
:10593000486108610A617047001001400C0C014089
:10594000064910224A6180230B6120230B61044B1E
:1059500018604020486108610A61704700100140EA
:105960000C0C014008B5114E114C124F4FF0FF3591
:105970000095002301220321706805F0C9FD01286C
:105980000CD00228F4D1002301220421206806F063
:1059900035FA08213846FDF7A7FCE9E70023012284
:1059A0000221206806F02AFA0421F3E7C40000204F
:1059B0001400002000100140204D214F214C6E1496
:1059C00001212846FDF764FC217801F0010108431C
:1059D00007D10121606805F055FD207840F00100F5
:1059E000207031463846FDF753FC217801F0020162
:1059F000084307D10221606805F044FD207840F09B
:105A00000200207001212846FDF742FC012805D143
:105A10002078C10702D020F00100207031463846BE
:105A2000FDF736FC012805D12078810702D520F04A
:105A300002002070142005F0B1F9C1E70008014010
:105A400000100140C40000200148C06870470000F9
:105A5000CC000020014A108151817047CC00002009
:105A60000149C86070470000CC0000201CB500242C
:105A70000C4900940A48019408600846FCF790FD20
:105A800008B1FCF7DBFB2C20CDE9000400226946BD
:105A90000448FCF7DFFC002801D0FCF7CFFB1CBD5D
:105AA000007400400C010020114808B5416941F024
:105AB00001014161416901F001010091416941F039
:105AC000020141614069002200F0020000900521BE
:105AD0000F20FDF72BFD0F20FDF7F6FC002205211E
:105AE0003A20FDF723FDBDE808403A20FDF7ECBC65
:105AF0000010024010B515491548FCF7AFFB1349DB
:105B0000491E087020B1BDE81040481CFCF7CABB14
:105B100001220E490F4803F03FF9044600F0A4FAB1
:105B20000DA1164801F06CFC4CB1224614A113489B
:105B300001F066FC2046BDE8104000F095BABDE8D3
:105B4000104018A10D4801F05BBC0000FD000020D2
:105B5000E8000020746100200D0D0A2A2A2A2A2A52
:105B60002A20B9D2D4D8CEC4BCFECFB5CDB3202A1A
:105B70002A2A2A2A2A0D0D0A00000000DC02002031
:105B8000A3A1A3A15344BFA8B9D2D4D8CEC4BCFE0C
:105B9000CFB5CDB3CAA7B0DCA1A3282564290D0ACF
:105BA00000000000A1B7CEC4BCFECFB5CDB3B9D2C2
:105BB000D4D8B3C9B9A6A3ACBFC9D2D4BDF8D0D08C
:105BC000B6C1D0B4B2E2CAD40D0A000010B501F0DB
:105BD00005F90A4A00210A4803F0FCFF09498861D7
:105BE00005F042FC08490028086005D1BDE81040D6
:105BF000B52106A002F07EB910BD00009CC30008CC
:105C0000796C000800000020C80000202E2E2F43D1
:105C10006F72652F5372632F6672656572746F734E
:105C20002E6300002DE9F04385B00024284800943D
:105C3000019402940394816941F0100181618169AA
:105C400001F010010491816941F0200181618169B5
:105C500001F020010491816941F0040181618069B2
:105C6000DFF8708000F00400049000220C21404610
:105C7000FDF76AFBDFF860904FF480770022394629
:105C80004846FDF761FB7801CDE9000469464046CE
:105C90000294FDF757F90C2001250226CDE90005F5
:105CA000CDE9024669464046FDF74CF9CDE900547E
:105CB000694648460294FDF745F900970396CDE9F9
:105CC000015469464846FDF73DF905B0BDE8F0834B
:105CD000001002400010014000080140104810B5BB
:105CE0000E4901600821C1610021816041610A22E1
:105CF0000161C0E90A12C1604FF400720162826161
:105D000041624FF482714160FEF78EF8002803D0A3
:105D1000BDE81040FCF792BA10BD00000030014011
:105D20006401002010B586B0002416480094019448
:105D30000294039404944FF080410594016047213C
:105D4000C0E901140921C0E903148461FEF762FA75
:105D500008B1FCF773FA4FF4805000906946094887
:105D6000FEF734FC08B1FCF769FA049404A905486D
:105D70000594FEF7B1F9002801D0FCF75FFA06B0F0
:105D800010BD0000BC01002010B586B000241748EB
:105D90000094019402940394049413490594C0E977
:105DA00000144FF4CC61C0E902418021046181619B
:105DB000FEF730FA08B1FCF741FA4FF4805000903A
:105DC00069460A48FEF702FC08B1FCF737FA2020C2
:105DD000CDE9040404A90548FEF77EF9002801D0A6
:105DE000FCF72CFA06B010BD0008004004020020A9
:105DF0001CB500240E4800940C4901940160472111
:105E0000C0E901147C218461C160FEF703FA08B186
:105E1000FCF714FA0094694605480194FEF75CF912
:105E2000002801D0FCF70AFA1CBD00000010004059
:105E30004C0200201CB500240E4800940C4901942B
:105E400001604721C0E9011463218461C160FEF74C
:105E5000E1F908B1FCF7F2F90094694605480194AC
:105E6000FEF73AF9002801D0FCF7E8F91CBD000064
:105E700000140040940200200C4810B50A4901604B
:105E80004FF4E1314160002181600C22C160C0E922
:105E900004128161C161FEF7A1FF002803D0BDE8B3
:105EA0001040FCF7CBB910BD00380140DC020020E7
:105EB000FEE7000070B50646FFF7C6FD1C4CC18822
:105EC0001C4D94F90000C21C51438AB205EB8011AD
:105ED0001046FFF729F9022E02D0042E03D005E068
:105EE0002078401E01E02078401C207094F90010BA
:105EF0006078814201DB002002E0002901DA401EC7
:105F000020701F21C802FFF7A5FDFFF79DFD94F942
:105F10000010C088CA1C504380B205EB8111FFF706
:105F200003F9BDE870404FF6FF711F20FFF792BDE7
:105F3000E4000020745D00202DE9F0410024114EA2
:105F4000DFF8448017E000BFFFF77EFDC188E71C43
:105F5000794388B20DA1FFF7E7F8FFF775FDC08818
:105F60002946784380B2FFF7DFF898F80110491C02
:105F700088F80110641C06EB841528780028E3D10A
:105F8000BDE8F081745D0020E40000202020202086
:105F90002020202020202020202020202020202001
:105FA0002020202020200000FEE700001D4808B52A
:105FB000816941F004018161816901F0040100916E
:105FC000816941F008018161816901F00801009156
:105FD000816941F010018161816901F01001009136
:105FE000816941F020018161816901F02001009106
:105FF000816941F040018161816901F040010091B6
:10600000816941F080018161816901F08001009125
:10601000816941F480718161806900F48070009031
:1060200008BD0000001002400E48816921F0040103
:106030008161816921F008018161816921F010018C
:106040008161816921F020018161816921F0400134
:106050008161816921F080018161816921F4807110
:106060008161704700100240142833D2DFE800F04D
:106070000A0C0E1012141618181A1C1E20222426A0
:10608000282A2C2E14A122E017A120E01EA11EE038
:1060900022A11CE028A11AE02DA118E032A116E0EF
:1060A00037A114E03BA112E041A110E046A10EE0AF
:1060B0004BA10CE050A10AE055A108E060A106E068
:1060C00064A104E068A102E070A100E075A17A4833
:1060D00001F096B970470000A1B7B2D9D7F7B3C99C
:1060E000B9A6A1A30D0A0000A3A1A3A1D3B2BCFE2F
:1060F000CAE4C8EBCAE4B3F6C7FDB6AFB3F6B4ED75
:10610000A1A30D0A00000000A3A1A3A1B6CFD1D482
:10611000B4EDCEF3A1A30D0A00000000A3A1A3A13A
:10612000CEEFC0EDC9E8B1B8CEDEB7A8B9A4D7F7B5
:10613000A1A30D0A00000000A3A1A3A1CEDEB7A871
:10614000D5D2B5BDCEC4BCFEA1A30D0A000000008F
:10615000A3A1A3A1CEDEB7A8D5D2B5BDC2B7BEB6A6
:10616000A1A30D0A00000000A3A1A3A1CEDED0A729
:10617000B5C4C2B7BEB6C3FBA1A30D0A00000000A0
:10618000A3A1A3A1BEDCBEF8B7C3CECAA1A30D0ACA
:1061900000000000A3A1A3A1CEDED0A7B5C4CEC449
:1061A000BCFEBBF2C2B7BEB6A1A30D0A0000000040
:1061B000A3A1A3A1C2DFBCADC9E8B1B8D0B4B1A35B
:1061C000BBA4A1A30D0A0000A3A1A3A1CEDED0A76A
:1061D000B5C4C2DFBCADC9E8B1B8A1A30D0A0000C7
:1061E000A3A1A3A1CEDED0A7B5C4B9A4D7F7C7F8A1
:1061F000A1A30D0A00000000A3A1A3A1CEDED0A799
:10620000B5C4CEC4BCFECFB5CDB3A1A30D0A00006A
:10621000A3A1A3A1D2F2BAAFCAFDB2CECAFDCECA23
:10622000CCE2B5BCD6C2665F6D6B6673BAAFCAFD11
:10623000B2D9D7F7CAA7B0DCA1A30D0A00000000AD
:10624000A3A1A3A1B2D9D7F7B3ACCAB1A1A30D0A38
:1062500000000000A3A1A3A1CEC4BCFEB1BBB1A3AA
:10626000BBA4A1A30D0A0000A3A1A3A1B3A4CEC403
:10627000BCFEC3FBD6A7B3D6BBF1C8A1B6D1BFD570
:10628000BCE4CAA7B0DCA1A30D0A0000A3A1A3A18E
:10629000B4F2BFAACCABB6E0CEC4BCFEA1A30D0A3B
:1062A00000000000A3A1A3A1B2CECAFDCEDED0A7FC
:1062B000A1A30D0A00000000DC02002070B54FF021
:1062C000FF35ADF52C7D2946012004F0E1FA38496F
:1062D0003648384A91F9001000EB811336A18FA897
:1062E000FAF71AF98FAA36A1374801F089F89EAA61
:1062F0008FA901A801F044FB002805DA01A802F0EB
:10630000C1FB002004F070FD00248C948D944FF4A8
:1063100080608E94FAF720F88CAB4FF4007683E817
:1063200051009EAA8FA901A801F0CAFC002805DA35
:1063300001A802F0A7FB002004F056FD23A122488B
:1063400001F05EF800943346002123488C9AFCF754
:1063500001FA22A11C4801F053F82946012004F05B
:1063600097FA012803D920A1174801F049F88CAB0E
:106370009EAA8FA901A801F0AFFB23A1124801F04A
:106380003FF824A1104801F03BF88C98FAF713F875
:1063900001A802F077FB00210F48FCF771FA0020FA
:1063A00004F022FD0DF52C7D70BD0000745D002011
:1063B000E4000020FD00002025732573000000008C
:1063C00025730D0A00000000DC02002064616320D8
:1063D00073746172740D0A000C010020D1ADBBB75B
:1063E000BFAACABC0D0A00005B4552524F525D2045
:1063F000436F7265206F626C697465726174656465
:106400002044617461212100D1ADBBB7BDE1CAF860
:106410000D0A0000B9D8B1D5CEC4BCFE0D0A0000EB
:10642000FFB53D4F044600254FF08070FF263860D1
:10643000324629460A2000F073FB002000F03BFAA8
:1064400088B9FE2000F037FA30B96B4600F082FAC6
:1064500058556D1C102DF9D3FF2000F07DFBFF2057
:1064600000F07AFB00264FF480703860FF2000F0C7
:1064700073FB9DF8000020709DF801000002608011
:1064800060889DF80210084360809DF803000006B4
:10649000606060689DF8041040EA014060606068D8
:1064A0009DF8051040EA0120606060689DF80610C4
:1064B000084360609DF8070020729DF80800607234
:1064C0009DF809000006E060E0689DF80A1040EAC7
:1064D0000140E060E0689DF80B1040EA0120E060B8
:1064E000E0689DF80C100843E060217C9DF80D00E9
:1064F00041EA101121740007000D6082608A9DF846
:106500000E10084360829DF80F004008207501209E
:10651000607504B03046F0BD10080140FFB56F4F04
:10652000044600264FF08070FF2538602A46314629
:10653000092000F0F5FA002000F0BDF988B9FE202E
:1065400000F0B9F930B96B4600F004FA9855761CA2
:10655000102EF9D3FF2000F0FFFAFF2000F0FCFA24
:1065600000254FF480703860FF2000F0F5FA9DF8A8
:10657000000081092170C0F38301617000F0030005
:10658000A0709DF80100E0709DF8020020719DF858
:10659000030060719DF804000001E080E1889DF82F
:1065A000050041EA1011E18000F00F0020729DF813
:1065B0000600C1096172C0F38011A172C0F34011DD
:1065C000E172C0F300112173002161738007000D97
:1065D000206143480078012804D0022802D0042812
:1065E00023D032E020699DF8072040EA8200206134
:1065F00022699DF8080042EA90122261C0F3C202AB
:10660000227500F0070060759DF809004209A27527
:10661000C0F38202E2758007400F2076207E9DF84D
:106620000A2040EAD21020760FE09DF8070080068D
:10663000800A206120699DF8082040EA022020613C
:1066400020699DF80920104320619DF80A00C0F3DD
:10665000801204F8192F8006400E607062789DF851
:106660000B0042EAD012627000F07F00A0709DF82B
:106670000C00C209E270C0F341122271C0F3820221
:1066800062718007000FA071A2799DF80D0042EAA7
:106690009012A271C0F34012E271217200F0010069
:1066A00060729DF80E00C109A172C0F38011E17201
:1066B000C0F340112173C0F300116173C0F3810175
:1066C000A17300F00300E0739DF80F0040082074F0
:1066D0000120607404B02846F0BD0000100801409D
:1066E000B8000020F0B50446FFF718FF04F12C00B5
:1066F000FFF796FE0346184801780020012904D0D0
:10670000022902D004291AD024E02269257E012121
:10671000AD1C01FA05F5EE17521CA2FB057C00FB2F
:1067200005C502FB0652257AA940A7FB0156216543
:1067300002FB016107FB0010C4E912500AE0216965
:10674000C004491C40EA5130C904C4E912104FF496
:10675000007020651846F0BDB80000202DE9F8470C
:10676000464C4FF4807540F6FF762560FF2000F020
:10677000F3F92F04276087224FF4D571082000F029
:10678000CFF900E0761E00F0E5F8FF2807D0EEB361
:10679000DFF8EC80052805D0012814D067E0002E32
:1067A000F0D13CE02560FF2000F0D6F92760FF2201
:1067B0000021012000F0B4F9002000F07CF800284E
:1067C000F0D1012151E000234FEA0D0600F0C2F89C
:1067D000F0545B1C042BF9D32560FF2000F0BCF9BA
:1067E000B94627609DF80200012840D19DF80300BA
:1067F000AA283CD1C8274FF0804AFF220021372029
:1068000000F08EF9002000F056F800E007E030B10B
:10681000FF225146292000F083F97F1E02D2FF207B
:10682000BDE8F887002000F046F80028E5D14F4683
:106830002560FF2000F090F92760FF2200213A2018
:1068400000F06EF9002000F036F80028F0D10023A7
:1068500000F080F8F0545B1C042BF9D39DF8000085
:10686000400601D5042100E0022188F800102560CF
:10687000FF2000F071F90020D2E70000100801406D
:10688000B800002010B5002300F064F800F01F04E9
:10689000052C06D00B2C0AD00D2C0AD05B1C402BEB
:1068A000F2D900F057F80028FBD0204610BD0B208D
:1068B00010BD0D2010BD10B5044640F6FF7300E07A
:1068C0005B1E00F047F8A04202D0002BF8D102E096
:1068D0000BB1002010BDFF2010BD000010B50B4C07
:1068E0004FF08070206000219522084600F018F9D2
:1068F0000120FFF7E0FF08B1FF2010BD4FF48070CA
:106900002060FF2000F028F9002010BD1008014091
:1069100010B50024FBF7E4FC0B494FF480700860CD
:10692000FF2000F019F9641C092CF9D9FFF7D6FFF4
:10693000FFF714FF0548007820B1BDE81040044877
:10694000FFF7D0BEFF2010BD10080140B8000020A6
:10695000D0590020074801688A68D2439207FBD4C7
:10696000FF22CA6000688168C943C907FBD1C068BB
:10697000C0B27047285A00202DE9F0470546264846
:10698000DDE90876007814464FF000084FF0FF0A62
:10699000042803D1C701540A44EAC354DFF87C90A9
:1069A0004FF08071C9F800102AE000BF14EB080115
:1069B0004FF0FF024FF0110000F0B2F80020FFF797
:1069C0007AFF10B1FF20BDE8F087FE20FFF773FFCC
:1069D00008B1FF2010E0002305E000BFFFF7BAFF79
:1069E00005F8010B5B1CBB42F8D308F50078FFF7F4
:1069F000B1FFFFF7AFFF00208246FF2000F0ACF8A8
:106A0000761ED3D24FF48071C9F80010FF2000F039
:106A1000A3F85046D7E70000B80000201008014056
:106A2000F0B50546ADF5237D92A8909040200F4625
:106A300091902946684602F0E1FA040009D0034625
:106A40002A4622A1284800F0DBFC0DF5237D2046D4
:106A5000F0BD00252E468AA9684602F01AFC040003
:106A600022D19DF83102F8B19DF83002C00606D55A
:106A70001EA11D48909A00F0C3FC761CEBE71FA1F5
:106A80001948909B8A9A00F0BBFC909800780028E7
:106A9000E1D09098F9F7D0FE024607EB8510909967
:106AA000F9F7E9FE6D1CD6E7684602F006F82B46BA
:106AB000324615A10C4800F0A3FC1848012200231F
:106AC0001146006805F09AF9BFE700004661696C5D
:106AD000656420746F206F70656E20222573222EEE
:106AE00020282575290A0000DC0200202020203CF7
:106AF0004449523E20202025730A0000253130757C
:106B00002025730A00000000256420646972732C3C
:106B10002025642066696C65732E0A00140000202D
:106B20003CB540F040008DF80000080E8DF80100E3
:106B3000080C00248DF80200080A8DF804108DF866
:106B400003008DF805206D46285D00F005F8641CF3
:106B5000062CF9D33CBD0000074A11688B68DB4363
:106B60009B07FBD4C86010688168C943C907FBD183
:106B7000C068C0B270470000285A00202DE9F047D5
:106B800005462648DDE908760078FF2490464FF058
:106B90000009042804D1C7014FEA582040EAC3582D
:106BA000DFF87CA04FF08071CAF8001028E000BF29
:106BB00018EB09014FF0FF024FF01800FFF7B0FF8C
:106BC0000020FFF778FE00284FF0FF0022D1FFF7EA
:106BD000C3FFFE20FFF7C0FF002404E02878FFF782
:106BE000BBFF641C6D1CBC42F8D309F50079FFF7AC
:106BF000B1FEFFF7AFFEFFF745FE05280CD0FF24DE
:106C0000761ED5D24FF48071CAF80010FF20FFF72E
:106C1000A3FF2046BDE8F0870024F1E7B80000207C
:106C200010080140012080F31388BFF34F8F0548FF
:106C30000168054A01F4E06111430160BFF34F8F21
:106C400000BFFDE70CED00E00400FA0510B5502090
:106C500080F31188BFF34F8FBFF36F8F05F048F9B2
:106C600018B104494FF080500860002080F311886B
:106C700010BD000004ED00E01CB503F007FF214843
:106C80000224CDE90040002340221FA1224805F044
:106C90005DF81C480023001DCDE9004080221FA1A3
:106CA000224805F053F8174803240830CDE9004086
:106CB000002380221EA1224805F048F81149052032
:106CC0000C31CDE9000100234FF400621DA11F48E3
:106CD00005F03CF80B4800231030CDE900404FF49C
:106CE00080721BA11D4805F031F8012803D11CA1B9
:106CF000224800F085FB03F0E9FEBDE81C400020BF
:106D000004F072B8040000204B65795F5363616E34
:106D10005F5461736B000000B95900084B65795FDF
:106D200052756E5F5461736B000000006559000876
:106D300055617274315F5363616E5F5461736B00B0
:106D4000E17500085265616457617600BD62000814
:106D50004755495F5461736B000000001924000817
:106D60005379735F496E69745F5461736B207375F7
:106D7000636365737366756C0D0A0000DC020020A6
:106D800030B58FB028216846F9F7E4FD14210AA830
:106D9000F9F7E0FD01210804CDE900100024029478
:106DA00002250491CDE907504FF4E01009906846A0
:106DB000FCF7F2FD60B90F20CDE90A056802CDE9C4
:106DC0000C4002210AA80E94FCF740FC002801D0D8
:106DD000FBF734FA0FB030BD7047000010B500F07B
:106DE000ABFB0F48FDF77CFBFBF7E2FA00210D48F7
:106DF000FBF75AFC0C4801680A6842F002020A607C
:106E000001680A6842F008020A600068016841F0FF
:106E100004010160BDE8104004A1094800F0F0BA87
:106E2000BC0100200C01002020010020B3CCD0F2D6
:106E3000B3F5CABCBBAFCDEAB1CF0D0A000000006C
:106E4000DC0200200148FDF792BD0000680300202D
:106E50000148FDF78CBD0000BC0100200148FDF792
:106E600086BD00004C0200200148FDF780BD0000F7
:106E700094020020F0B502681C4B1D4D1D4E1E4FA4
:106E80001E4C4FF0804C984209D0A04207D060457C
:106E900005D0A84203D0B04201D0B84204D122F0BC
:106EA000700E4A6842EA0E02984209D0A04207D00A
:106EB000604505D0A84203D0B04201D0B84203D10A
:106EC00022F44075CA682A434D6922F080022A43A1
:106ED00002608A68C2620A688262984201D0A04257
:106EE00001D10969016301214161F0BD002C01401C
:106EF0000004004000080040000C00400034014045
:106F000010B5846842EA032224F47F440A432243F2
:106F1000826010BD826822F070020A4342F00701CD
:106F20008160704710B5036A046A24F001040462AA
:106F3000846924F0F00444EA021423F00A020A43AC
:106F40008461026210BD10B5036A046A24F0100463
:106F50000462846923F0A00324F4704444EA0232FA
:106F600043EA01118261016210BD10B5406A00213F
:106F7000C185C184FDF7FAFD10BD70B5446A206873
:106F8000406994F84110C0F3C0100025212904D1B4
:106F900018B1E584204600F08EF82068406994F826
:106FA0004210C0F38010222904D118B1E585204693
:106FB00000F05AF8606C40F0100060642046FDF765
:106FC000D5FD70BD10B50146406A096809684FF0EB
:106FD000000289062ED4C28501680C3151E8003FB9
:106FE00023F4807341E80034002CF5D1016814319A
:106FF00051E8003F23F0010341E80034002CF5D1B3
:107000000168143151E8003F23F0400341E80034A7
:10701000002CF5D1202180F84210016B012909D103
:1070200001680C3151E8003F23F0100341E80034BF
:10703000002CF5D14263016B012902D0FDF7CAFF94
:1070400010BD818DFDF759FD10BD10B5406A0121BD
:107050004163016B012902D0FDF7BDFF10BD818D99
:107060004908FDF74AFD10BD01680C3151E8002FB9
:1070700022F4907241E80023002BF5D1016814310D
:1070800051E8002F22F0010241E80023002BF5D146
:10709000016B012909D101680C3151E8002F22F060
:1070A000100241E80023002BF5D1202180F8421086
:1070B00000210163704701680C3151E8002F22F074
:1070C000C00241E80023002BF5D1202180F84110B7
:1070D000704708B590F84210222901D0022008BD5F
:1070E00082684FF480539A4201D1016921B1816ACB
:1070F0009A421BD04AB10AE00268816A5268C2F320
:1071000008020A80816A891C08E0026972B102687B
:10711000526802F07F020A70816A491C8162C18D47
:10712000491E0904090CC18503D01BE0026852689E
:10713000F1E70168CA6822F02002CA600168CA68E3
:1071400022F48072CA6001684A6922F001024A6131
:10715000202180F8421000214163026B012A03D0F4
:10716000FDF738FF002008BD016301680C3151E8CC
:10717000002F22F0100241E80023002BF5D1016816
:107180000A68D20602D50A6849680091818DFDF728
:10719000B4FCE7E770B5044640684049884204D92A
:1071A00040F666613EA000F0A5FEE06838B1B0F59B
:1071B000005F04D040F6676139A000F09BFE2069B3
:1071C00050B1B0F5806F07D0B0F5C06F04D040F675
:1071D000686133A000F08EFE60694FF6F3710842DB
:1071E00000D120B940F669612DA000F083FE20682F
:1071F0000169E26821F44051114301612169A068ED
:107200000843616908432168CA6841F20C639A43E4
:107210000243CA6020684169A26921F440711143A8
:1072200041612E492068884202D1FCF77FFB01E0D2
:10723000FCF76CFB00EBC00101EB001260686421FD
:107240008000B2FBF0F3B3FBF1F36FF01806734369
:10725000B2FBF0F5B2FBF0F605EB8305322303EB4E
:107260000515B5FBF1F5B6FBF1F605F0F00505EBFC
:107270000615B2FBF0F6B2FBF0F0B0FBF1F06FF0E8
:107280001802504306EB800003EB0010B0FBF1F056
:10729000216800F00F002844886070BD20AA4400D7
:1072A0002E2E2F447269766572732F53544D3332EC
:1072B000463178785F48414C5F4472697665722F39
:1072C0005372632F73746D3332663178785F6861FF
:1072D0006C5F756172742E6300000000003801401D
:1072E00038B58162044682850020134660642222FC
:1072F00084F84220E56B1B4AAA62E56B1A4AEA62EF
:10730000E56B1A4A2A63E26B50630A462168E06B18
:10731000091DFBF7B1FD20680168406800902069F5
:1073200048B120680C3050E8001F41F4807140E8FB
:107330000012002AF5D12068143050E8001F41F0F7
:10734000010140E80012002AF5D12068143050E80D
:10735000001F41F0400140E80012002AF5D1002052
:1073600038BD0000C56F00084B7000087B6F000837
:107370002DE9F041984617460E460446069D27E043
:10738000681C25D02DB1FCF715F8A0EB0800A84229
:107390001ED920680C3050E8001F21F4D07140E85D
:1073A0000012002AF5D12068143050E8001F21F0A7
:1073B000010140E80012002AF5D1202084F84100A4
:1073C00084F84200002084F840000320BDE8F081EA
:1073D0002068006836EA000004D00020B842CFD010
:1073E0000020F3E70120F9E710B50448FDF7C0FBE2
:1073F000BDE81040014800F0AFB80000DC020020FA
:107400000FB40B4810B504AA0399F9F773F80848AC
:10741000F9F712FA044603F039FBA2B21423044927
:107420000448FDF7D9FD03F051FB10BC5DF814FBD7
:10743000805A0020DC02002000680549884206D0FE
:107440000449884203D104480168491C016070471F
:1074500000100040001400400000002010B5084C4F
:107460000120207003F012FBFFF752FA18B92078C0
:1074700020F00100207003F029FB207810BD0000EF
:10748000E600002070B514460D4603F0FFFA95B1F2
:10749000012D0AD0022D02D0032D0CD103E04FF4B0
:1074A0000070208007E0012004E00549002307C99F
:1074B000F8F7A8FF2060002403F008FB204670BD09
:1074C000185A00202DE9FC411F4614460E4601259E
:1074D00003F0DCFA6802CDE90007E30D62023046F2
:1074E000FFF74AFA044603F0F1FA04B900252846EA
:1074F000BDE8FC810348017821F0010101700078AA
:1075000070470000E60000202DE9FC411F461446AC
:107510000E46012503F0BAFA6802CDE90007E30D33
:1075200062023046FFF72AFB044603F0CFFA04B9A3
:1075300000252846BDE8FC8105480068C16841F087
:107540001001C160802203490148FDF735BD0000EC
:10755000DC020020005B00207CB5194A01689142E2
:107560002DD10968C943C90629D4002400940168B3
:107570000A6849680191FDF7C1FA1248006840683D
:10758000114DC0F180008022286010491048FDF79D
:1075900013FD0E48296844540E4901202C600870E0
:1075A0000D486946006803F06BFD0098012806D17C
:1075B0000A4900070860BFF34F8FBFF36F8F7CBD90
:1075C0000038014024030020BC000020005B0020A4
:1075D000DC020020C00000200C00002004ED00E0D0
:1075E000304C4FF0FF352946012003F051F90128B6
:1075F00003D92DA13548FFF703FF354A35A133489C
:10760000FFF7FEFE37A1324800F0AEF80028EAD1BD
:1076100036A12F4800F0A8F818B1384803F068FCEC
:1076200007E037A12A4800F09FF838B1334803F04B
:10763000C1FC32492548FFF7E3FED4E735A12448D1
:1076400000F092F828B133A12048FFF7D9FEFFF7E8
:10765000E9FA33A11E4800F087F820B132493348D7
:10766000FFF7DEF9BFE732A1194800F07DF838B125
:107670003248002302221946006804F0BFFBB2E73B
:107680002FA1134800F070F80028ACD02068002823
:10769000A9D001F0C3F902462EA10C48FFF7B0FEB5
:1076A000A1E70000140000205B4552524F525D20BC
:1076B0005561727431206F626C69746572617465B2
:1076C000642044617461212100000000DC0200207C
:1076D000005B00205B44454255475D2025730D0A41
:1076E000000000005465737400000000517565725D
:1076F00079207461736B2074696D6500805B002074
:107700005175657279207461736B207265736F7542
:1077100072636500736F6674207265736574000030
:107720007364207265616400745D0020FD000020B8
:107730006D757369632073746172740010000020AA
:107740006D75736963207461736B207175657279EF
:1077500000000000475549205461736B2069732075
:1077600025640D0A0000000010B5F9F71BF908B1F7
:10777000002010BD012010BDFEE700002DE9F04102
:107780000D46044655F8040B0E46206004224FA116
:107790002046F9F701F818B14FF0FF30BDE8F0814D
:1077A0002A6862604BA14F48FFF72AFE6868A06014
:1077B00004224DA104F108000835F8F7EDFF10B1DF
:1077C0006FF00100EAE74AA14648FFF719FE55F8B5
:1077D000040BE060042249A104F10C00F8F7DCFF7F
:1077E00030B148A13F48FFF70BFE6FF00200D5E72C
:1077F0002A68226146A13B48FFF702FEA888A082C2
:1078000080B2AD1D01280CD003280AD0062808D06C
:10781000072806D0A0F57F41FE3902D06FF00300A3
:10782000BCE735F8020BE08282B23DA12D48FFF79C
:10783000E7FD2A68A2616868E0613DA12948FFF779
:10784000DFFD40A12748E269FFF7DAFD288920849F
:107850006889608441A123480C35FFF7D1FDC82217
:1078600041A1284602F059F950F8041B616205460F
:1078700004223DA104F12400F8F78EFF10B16FF04F
:1078800004008BE755F8042BA26239A11548FFF7D5
:10789000B7FDE562E08A628C01465043238CC7172E
:1078A00000EB5770B3EBE00F02D06FF0050075E707
:1078B000A0694843E1695043B1EBD00F02D06FF0AB
:1078C00006006BE7A81B606368E700005249464664
:1078D00000000000776176655F73697A653A256418
:1078E0000D0A0000DC020020574156450000000050
:1078F000776176655F706173730D0A00666D742041
:1079000000000000666D745F6572726F720D0A0090
:10791000666D745F73697A653A25640D0A0000002C
:107920006E4368616E6E656C733A25640D0A0000E3
:107930006E53616D706C65735065725365633A2563
:10794000640D0A006E417667427974657350657202
:107950005365633A25640D0A00000000666D745F8C
:10796000706173730D0A00006461746100000000AF
:10797000646174612073697A653A25640D0A0000B8
:107980002DE9F0418046C2B014460F460846F8F78C
:1079900053FF024627A1384602F0BFF84FF0FF36EA
:1079A000C0B14FF4807529466846F8F7D3FF01222D
:1079B0003946404601F032FA020011D01FA1224898
:1079C000FFF71EFD21A12048FFF71AFD304642B007
:1079D000BDE8F081224623A11B48FFF711FDF5E722
:1079E00025A11948FFF70CFD40AB2A4669464046E1
:1079F00001F066FB020006D024A11348FFF700FD4A
:107A00006FF00100E3E728A10F48409AFFF7F8FC68
:107A1000409858B169462046FFF7B0FE05462BA1B5
:107A20000948626BFFF7ECFC2846D0E76FF00200D4
:107A3000CDE700002E77617600000000665F72657A
:107A4000733A25640D0A0000DC020020A3A1A3A163
:107A5000B4F2BFAACEC4BCFECAA7B0DCA1A30D0A73
:107A600000000000B2BBD6A7B3D6B5C4CEC4BCFEDE
:107A7000C0E0D0CD00000000A1B7B4F2BFAACEC4D0
:107A8000BCFEB3C9B9A6A1A30D0A0000A3A1A3A17E
:107A9000CEC4BCFEB6C1C8A1CAA7B0DCA3BA282513
:107AA00064290D0A00000000A1B7CEC4BCFEB6C117
:107AB000C8A1B3C9B9A62CB6C1B5BDD7D6BDDACA5F
:107AC000FDBEDDA3BA25640D0A0000007761765F74
:107AD0006C656E3A25640A002DE9FF4F8146D18A14
:107AE0000026986883B01C46924601292CD040009D
:107AF0008046024645A14948FFF782FC4046F8F718
:107B00002BFC00274FF0FF3B0090484601AB42465C
:107B1000D9F80852009901F0D3FA020017D040A119
:107B20003E48FFF76DFC484600F0ACFF0122484696
:107B3000049901F073F900284AD040A13748FFF7B3
:107B40005FFC6FF001044FE020F00100D0E70198E6
:107B500088B1BAF81600012817D0616806F0010054
:107B6000F9B1A2682368504301EB400103EB4000E8
:107B70005308009A1DE035A12848FFF741FC002179
:107B80003648FAF77DFE5C462EE0A16806F001005B
:107B90004A082168504301EB40000099FAF737FB8F
:107BA00009E0A1682268484302EB40004B0800212D
:107BB000009A00F047F9761CF6B25946012002F00F
:107BC00067FE0128A1D926A11448FFF719FC9CE7FC
:107BD0002946484600F08AFF02000CD028A10F4831
:107BE000FFF70EFC6FF002040098F8F7E4FB07B013
:107BF0002046BDE8F08F29A10848FFF701FC2A467E
:107C00003B462AA10548FFF7FBFB7EE7746D7042F7
:107C10007566206C656E3A25640D0A00DC02002052
:107C2000A3A1A3A1CEC4BCFEB6C1C8A1CAA7B0DCA3
:107C3000A3BA282564290D0A00000000D6D8D0C2B6
:107C4000B4F2BFAACAA7B0DC0D0A0000CEC4BCFEC5
:107C5000B6C1C8A1CDEAB1CF0D0A00000C010020C9
:107C60005B4552524F525D20436F7265206F626CCC
:107C700069746572617465642044617461212100D6
:107C8000D6B8D5EBD2C6B6AFCAA7B0DC2C665F7249
:107C900065733A282564290D0A000000D6D8D0C2A1
:107CA000B4ABCAE4BFAACABC0D0A00006F6C642062
:107CB000706F696E7465723A25640D0A00000000E9
:107CC0002DE9F8431C4616465FEA000912D089B137
:107CD00086B17CB1002100F009FF02000DD039A16E
:107CE0003F48FFF78DFB484600F0CCFE6FF00100E7
:107CF000BDE8F8834FF0FF30FAE7F08A0128A0686A
:107D00001FD047003A4637A13548FFF779FB384680
:107D1000F8F722FB804600256B463A464146484626
:107D200001F0CEF902000FD032A12D48FFF768FB19
:107D3000484600F0A7FE4046F8F73DFB6FF0020012
:107D4000D6E720F00107DDE731A12548009AFFF7CB
:107D500057FB25B9706B41004046F8F7D9FDF08A12
:107D600001280CD06168A9B1A06823680246684365
:107D700003EB400C530801EB4001424613E0A068BE
:107D80002168420802FB05F001EB40004146FAF78A
:107D90003EFA0BE0A068226800FB05F102EB410C03
:107DA000430842460021604600F04CF86D1C022D4D
:107DB000B2DB20A10A48FFF723FB4046F8F7FBFAA5
:107DC000012095E7D6B8D5EBD2C6B6AFCAA7B0DCCE
:107DD000A3AC665F7265733A282564290D0A00001A
:107DE000DC020020746D70427566206C656E3A2569
:107DF000640D0A00A3A1A3A1CEC4BCFEB6C1C8A154
:107E0000CAA7B0DCA3BA282564290D0A0000000027
:107E1000A1B7CEC4BCFEB6C1C8A1B3C9B9A62CB621
:107E2000C1B5BDD7D6BDDACAFDBEDDA3BA25640D86
:107E30000A000000776176206D656D7365740D0A28
:107E40000000000030B518B112B171B1002421E07A
:107E50004FF0FF3030BD00BF32F8214004F5004440
:107E600044F30B1420F81140491C9942F4D313E059
:107E700032F8245005F5004545F30B1520F8145051
:107E800002EB84056D8805F5004545F30B1521F8D7
:107E90001450641C9C42EBD3184630BD490050EA94
:107EA000C12018BF04204A0D18BF40F0010040F265
:107EB000FF72B2EB515F08BF40F00200012808BF1B
:107EC000052070470907090E002804DB00F1E020B7
:107ED00080F80014704700F00F0000F1E02080F8F7
:107EE000141D704730380A2801D201207047002045
:107EF000704700000B46024601A10D48FFF780BA0B
:107F000057726F6E6720706172616D657465727310
:107F10002076616C75653A2066696C652025732052
:107F20006F6E206C696E652025640D0A00000000EC
:107F3000DC02002010B50446002084F80402401E34
:107F4000C4F83002204601F0CDFD08B1032010BD79
:107F5000B4F8FE01A0F52A41553901D0022010BD28
:107F600094F83600B4F8371040EA01210848B0EB25
:107F7000012F08D094F85210B4F8532041EA02219E
:107F8000B0EB012F01D1002010BD012010BD000079
:107F90000046415400E0401C02780AB18A42FAD1FE
:107FA000D0B27047F0B50022184B144602EB4206DF
:107FB00053F8265085B1D0F80072BD420DD103EBC5
:107FC0008605D0F808626F68B74206D12D89B0F8EF
:107FD0000662B54204D000E00124521C022AE5D317
:107FE000022A01D079B904E05CB9022909D0122033
:107FF000F0BD02EB420003EB80004089B0F5807FCA
:1080000001D00020F0BD1020F0BD0000A8630020CA
:1080100030B50021064A0C4601EB410352F82350CB
:10802000854201D142F82340491C0229F4D330BDD6
:10803000A8630020D0F82422D0F80002490A90F862
:108040000202B1FBF0F0121D02CA19B1884203D33B
:10805000401AF8E700207047116808447047D0F8CC
:108060001822891E921E8A4201D800207047D0F83B
:108070002C2290F8020201FB0020704710B5034843
:10808000FCF72EFA02490020086010BD940200207F
:10809000000000202DE9F0410F00054606D001F058
:1080A000ABFB02280BD20120BDE8F081D5F81062AD
:1080B0001EB1D5F81802B04208D8012606E0411CCE
:1080C000F2D0D5F818128142EED83E463446D5F8A3
:1080D0001802641CA04202D80224022E0AD32146B0
:1080E000284601F089FB38B1411CDDD00128DBD0E6
:1080F000B442ECD10020D7E76FF070422146284609
:1081000002F0E8F930B957B122463946284602F064
:10811000E1F920B1012812D001242046C4E7C5F8B6
:108120001042D5F81402411CF7D0401EC5F81402C5
:1081300095F8050240F0010085F80502EDE74FF0E3
:10814000FF34EAE72DE9F84F884682460D6800E0E3
:108150006D1C28782F28FBD05C28F9D00024DAF891
:1081600020722646A85D761C202817D32F2815D00C
:108170005C2813D0FF2C32D2012101F03BF95FEAD9
:1081800000092CD0B9F1800F04D2014668A0FFF796
:1081900001FF20BB27F81490641CE3E7AA19C8F874
:1081A0000020202801D2042517E0002515E000BF9B
:1081B00007EB440030F8020C20280DD02E280BD0FD
:1081C0006CB1002027F814000B222021DAF81802E5
:1081D00001F081FC002606E0641E002CE8D1062098
:1081E000BDE8F88F761C37F816002028FAD02E2824
:1081F000F8D01EB145F0030500E0641E2CB107EB7A
:10820000440030F8020C2E28F7D1002081464FF0B0
:10821000080B009037F8160006F101065FEA000827
:1082200024D0B8F1200F04D0B8F12E0F04D1A6420B
:1082300002D045F00305EDE70098584501D2A6426B
:108240001AD1BBF10B0F0FD0A64201D045F00305A8
:108250000CD84FF0080000904FEA896026464FF096
:108260000B0B4FEA1069D5E745F00305DAF8180261
:108270000178E52938D039E04046B8F1800F10D3B5
:10828000002101F0B7F85FEA000805D02B4901EBA7
:10829000080010F8800C804645F00205B8F1000F88
:1082A00004D0014626A0FFF775FE20B14FF05F080D
:1082B00045F003050FE0A8F14100192802D849F064
:1082C000020908E0A8F16100192804D8413049F0FA
:1082D00001091FFA80F8DAF81822009902F80180E3
:1082E0000098401C009095E705210170BBF1080F34
:1082F00003D14FEA89604FEA1069C9F3810003286E
:1083000003D06FEA0901890701D145F00205A907E9
:1083100009D409F00301012901D145F01005012814
:1083200001D145F00805DAF81802C572002057E7B8
:10833000222A3A3C3E3F7C7F00000000DAC9000858
:108340002B2C3B3D5B5D0000401E022815D20C4BE0
:1083500000EB400203EB82014889B0F5807F05D035
:1083600008B1401E80B2488110B104E00020FAE755
:10837000002043F8220000207047022070470000D0
:10838000A86300202DE9FC5F0546002100F098FA63
:1083900000286ED1FF204FF6FF7A00908146A5F8A5
:1083A00024A200BFD5F81012D5F8000201F09AFB04
:1083B00006000ED1D5F81442207848B1E17AE528BC
:1083C00001F03F0170D00A0704D50F296CD107E0F6
:1083D000042674E00F2903D0B9F1000F4DD052E00C
:1083E000D5F8201291B3420608D5627B009220F0A6
:1083F0004000B5F806228146A5F82422484534D12C
:10840000627B0098824230D101912078A04620F012
:108410004000401E00EB80010027DFF8A8B001EB10
:10842000C00601241BF8071001EB0800008874B196
:1084300001F01EF80446FF2E17D2019830F81600FE
:10844000761C01F015F8A0420FD102E030E0504553
:108450000BD17F1C0D2FE5D398F80000400609D5FD
:1084600044B1019830F8160020B1FF2000F0FF0958
:108470001EE025E0A9F10100F8E7204602F06FF9BF
:10848000009988421BD0D5F81802C17AC9070BD1D0
:108490000A2101E0491E06D314F8012B10F8013B14
:1084A000D21AF7D000E052B14FF0FF09A5F824A28C
:1084B0000021284600F008F806003FF473AF30466C
:1084C000BDE8FC9F5ACA00082DE9F041B0F80662E9
:1084D0000446761C30040F46000C37D0D4F8100246
:1084E00098B3310773D1401CC4F81002D4F80C12B1
:1084F000D4F8000231B190F80222521E12EA161F7F
:1085000005D064E0B0F80802B0421FD95FE001F086
:1085100073F9054601281ED9681C3AD0D4F8000228
:10852000D0F81812A94249D87FB1D4F80C12FFF73D
:10853000B1FD05000DD0012D0DD0681C29D0D4F857
:10854000000202F074F920BB07E0FFE70420BDE859
:10855000F0810720FBE70220F9E74FF400720021C9
:10856000D4F8000201F0B7FA2946D4F80002FFF768
:1085700076FDD4F8001200274FF00108C1F8300250
:1085800011E000BF80F80482D4F8000202F04FF935
:1085900008B10120DBE7D4F80002D0F83012491C02
:1085A0007F1CC0F83012D4F8000290F80212B942D1
:1085B000E8D8D0F83012C91BC0F83012C4F80C52F9
:1085C0002946D4F80002FFF74AFDC4F81002A4F8C7
:1085D0000662D4F8000206F00F0100EB4110C4F867
:1085E00014020020B3E700002DE9F05FFF248B4662
:1085F0000546274604264FF6FF784FF000096AE04B
:10860000D5F8000201F06EFA060069D1D5F814021F
:10861000017879B1C27AE52902F03F0208D02E290B
:1086200006D022F02003082B06D0B446DC4506D045
:10863000FF2442E0042653E04FF0010CF6E70F2A36
:1086400001D0BCBB40E04A0607D5477B21F0400182
:10865000B5F806220C46A5F82422A1422BD1417B75
:10866000B94228D10178DFF884A001F03F01491E0A
:1086700001EB810202EBC1010022D5F820C20123E7
:108680001AF802600644368833B1FF2913D22CF859
:1086900011603346491C01E046450CD1521C0D2A9D
:1086A000EED30078400603D5FF2904D22CF81190B0
:1086B000641E01E00CE0FF24E4B200212846FFF72D
:1086C00003FF060007D00BE002F049F8B84209D0DA
:1086D000A5F8248206E0D5F81012002990D10EB139
:1086E000C5F810923046BDE8F09F00005ACA000855
:1086F0002DE9FF5FD0F818720446D0F820620C22F2
:108700003946684601F0DEF99DF80B00C0071AD023
:108710000020F8720125C4F820022B463246694633
:10872000384601F023F82046FFF72CFE10B96D1CE7
:10873000642DF2D3642D0CD004280BD19DF80B00CE
:10874000F872C4F820629DF80B0080070FD5002056
:1087500004E0072004B0BDE8F09F401C36F810107C
:108760000029FAD10D211930B0FBF1F600E0012605
:108770000021204600F0A4F8A0B90027D4F8101278
:10878000D4F8000201F0AEF960B9D4F81402007810
:10879000E5280AD048B1002701212046FFF794FEC2
:1087A0000028EBD0042812D012E07F1C3046B742DC
:1087B000F2D1461E5FEA060A5FD0B4F806122046E0
:1087C000A1EB0A0100F07CF8050003D074E007205B
:1087D000054671E0D4F8180201F0C1FFCDF80C0095
:1087E000D4F81012D4F8000201F07CF9050063D12E
:1087F000D4F81412D4F82092039848730F20C8724A
:108800000020087388760AF0FF0BC876ABF10100F0
:1088100000EB800202EBC00500234FF6FF7E274EDF
:108820004A1C01E0604503D039F81500F4466D1C80
:10883000F75CC85516F80380070A08F8027000B9FB
:1088400060465B1C0D2BEDD3704502D039F8150046
:1088500008B94BF0400B81F800B0D4F800120120A9
:1088600081F8040200212046FFF72EFE050023D1E7
:10887000AAF101005FEA000AB2D1D4F81012D4F8CC
:10888000000201F02FF9050016D1D4F814022022BD
:10889000002104F5007401F01EF9D4E905010B2252
:1088A00001F010F9A0696169C07A00F0180008733E
:1088B0002168012081F8040228464BE75ACA0008C3
:1088C00070B5A0F80612D0F808320D460446012B08
:1088D00040D0D4F80002D0F8181299423AD933B9EE
:1088E00090F80012032906D1D0F828321BB190F875
:1088F0000202060114E0B0F80812A9422AD9D0F801
:10890000280214E000F078FF0346401C20D0022B20
:1089100020D3D4F80002D0F8180298421AD9AD1B1F
:10892000D4F80002B5421946ECD2FFF798FBC4F820
:108930000C3278B100EB1510C4F81002D4F8000224
:1089400005F00F0100EB4110C4F81402002070BDC7
:10895000012070BD022070BD084910B50B5C0022DB
:1089600053B901220A540A1801EB8000127A4068B8
:108970000168104688470246104610BDC0630020BB
:1089800030B4054C231804EB80001B7A406804695E
:108990001846A44630BC6047C063002030B4054D83
:1089A0002C1805EB8000247A406885682046AC4688
:1089B00030BC6047C0630020044A111802EB8000FD
:1089C000097A40684268084610470000C0630020EA
:1089D00030B4054D2C1805EB8000247A4068C5683A
:1089E0002046AC4630BC6047C063002009490120E6
:1089F000096809B10020704707494A6A002AF9D17D
:108A0000044A283212680969491E8A42F3D10220B9
:108A100070470000B80400202C00002070B504004E
:108A200005D0164E3068844209D1002070BD502018
:108A300080F31188BFF34F8FBFF36F8FFEE702F013
:108A400025F8656902F042F87068854202D0B06886
:108A5000854201D1022070BD0948854204D1A06A37
:108A60000028F7D1032070BD05481438854202D094
:108A70000DB1012070BD042070BD00002C0000204D
:108A8000E004002070B5054600F04AFC040012D155
:108A9000284602F0C9FC04000DD1D5F80062D5F8D3
:108AA0002802FFF751FC040001D1C5F800020021A3
:108AB000304601F021FF204670BD70B5054602F03A
:108AC000B3FC04000FD1D5F80062D5F81C0218B130
:108AD000FFF73AFC040002D10020C5F80002002193
:108AE000304601F009FF204670BD00002DE9FC5F13
:108AF0000D46044602F098FC5FEA000979D194F82B
:108B0000071239B1D4F8000201F0F6FE94F807021A
:108B1000BDE8FC9FD4F8240201274FF0020A002888
:108B20007DD0691C33D0D4F80C02A84200D205468F
:108B3000C4F80852002D5CD02046691EFFF77AFA6F
:108B40000146C4F81402D4F80002FFF788FA00289E
:108B500066D0D4F800126D1E91F80222521E02EA6D
:108B600055221518B4F80802C005E4D0D4F818222C
:108B7000AA42E0D094F80602400644D591F80102DA
:108B800001232146FFF724FF002873D135E002C8F6
:108B90000091D4F810128346022509B30026AD1CBB
:108BA00001918846761CD4F8000200F025FE0146AB
:108BB000012835D9481C5DD008F101008142F0D070
:108BC0000098854206D8CBF800600BF10400019AAA
:108BD00004C08346D4F80002D0F818028842DDD8D9
:108BE000D4F8240205600098854203D80021CBF810
:108BF0000010CAE04FF01109C7E094F8060220F017
:108C0000400084F80602D4F8000201232A4690F8B6
:108C100001022146FFF7C2FE00282BD101E003E04C
:108C200083E0C4F81852B0E0D4F80C02A84204D291
:108C300094F80612890700D405464FF00008D4F8CE
:108C40000802C4F808823DB3D4F8002292F8021258
:108C50004E0280B1691E401EB1FBF6F1B0FBF6F387
:108C6000994208D3711E8843C4F808022D1AD4F81B
:108C7000141210E072E0D4F8101251B9002110461D
:108C8000FFF708FA014601284FD0481C66D0C4F807
:108C90001012C4F8141211BB31E000BF94F80602A0
:108CA0008007D4F8000205D5FFF7F4F9010004D1DC
:108CB000354616E000F0A0FD0146481C4ED00129C3
:108CC00033D9D4F80002D0F8180288422DD9C4F85C
:108CD0001412D4F80802AD1B3044C4F80802B5429F
:108CE000DCD8D4F808022844C4F80802E80506D005
:108CF000D4F80002FFF7B3F9B8B100EB5528B4F887
:108D00000802C00535D0D4F81822424531D094F875
:108D10000602400618D5D4F800020123214690F837
:108D20000102FFF755FEC8B908E084F807A2022146
:108D3000D4F8000201F0E0FD0220E9E694F8060212
:108D400020F0400084F80602D4F8000201234246D5
:108D500090F801022146FFF721FE40B184F8077226
:108D60000121D4F8000201F0C7FD0120D0E6C4F8CB
:108D70001882D4E98201884207D9C4F80C0294F819
:108D8000060240F0200084F806024946D4F80002AA
:108D900001F0B2FD4846BBE62DE9F74181B09046AF
:108DA00002980090684600F0ECFD040003D50B200B
:108DB00004B0BDE8F081184E002756F824504DB19C
:108DC0002846FFF725F9D5F80C0200F039FBA0B1D1
:108DD00085F80072019939B181F80072E0B201F5AD
:108DE000037100F023FB40B1019846F8240010B154
:108DF000B8F1010F03D00020DAE70220D8E7002203
:108E000002A901A800F046FB04460146019801F0C2
:108E100073FD2046CCE70000080100202DE9F74F44
:108E2000ADF50E7D06000ED04FF0000902F01F07D1
:108E300027F001028FA980A8C6F8009200F02AFB53
:108E4000040005D0CDE009200DF5117DBDE8F08FBF
:108E50004FF4007000F0F9FA5FEA00080BD08AA81E
:108E60008690CDF8208268468F9900F045FC859D5C
:108E7000040006D011E01121809801F03DFD112081
:108E8000E2E71DB1780803D0012102E0062404E0E6
:108E900000216846FFF786F8044617F01C0F5FD0E4
:108EA0004FF0010BD4B1042C13D10020524902E041
:108EB000401C022805D200EB400251F82220002A73
:108EC000F6D1022804D06846FFF712FC044600E001
:108ED0001224859D47F0080754B146E0E87A10F067
:108EE000110F01D0072440E0780701D508243CE0A9
:108EF000380749D500F0E1FCA873010AE973010CB9
:108F00002974000E687485F80B9085F81C9085F81C
:108F10001D9085F81E9085F81F902946809800F0D6
:108F20009FFD82460021284601F011FC8099BAF18C
:108F3000000F81F804B225D080985146D0F830B2A5
:108F400001F0CEFB040010D18099AAF10100C1F814
:108F500010025946809800F0C5FD040010D004E0CE
:108F60001CB9E87AC10605D50424404600F06FFA22
:108F7000ECB136E0B90703D5C00701D0072437E0CC
:108F8000380701D547F020078098D0F83002C6E9AD
:108F90008705780801D0012100E00021684600F033
:108FA0000FFDC6F8280210B3404600F050FA86F8CC
:108FB000067286F807924F46294606F50076809895
:108FC00000F04EFD3061287FD5F81D1040EA0120E9
:108FD000C6E90270B761776280983060B0F8060227
:108FE000B0802146809801F087FC20462CE70224BF
:108FF000404600F02CFAF4E7A8630020F3B585B0F2
:10900000040009D0002206A9684600F043FA0500D2
:109010004FF0000703D04AE0092007B0F0BD0098E8
:10902000C4F800024FF4007000F00FFA06000ED0F2
:1090300001A8C4F82062C4F818022046069900F07E
:109040005BFB0546304600F002FA3DB11CE0112101
:10905000D4F8000201F050FC1120DEE7D4F814121D
:1090600039B1C87AC00621D5009800F0F9FCC4F8DF
:10907000080200980021B0F80602A4F80402204675
:10908000FFF71EFC050002D0042D0FD00FE0D4F82E
:10909000080240B10021204600F092FCC4F81C02F6
:1090A00038B9122503E0C4F81C7202E00525C4F8A3
:1090B00000722946009801F01FFC2846ADE7000029
:1090C0002DE9F84F88460021994615460446196057
:1090D00002F0AAF9060007D03146D4F8000201F0E8
:1090E0000BFC3046BDE8F88F94F8071231B1D4F884
:1090F000000201F001FC94F80702F3E794F806027D
:10910000C00709D0D4E98210401A01274FF0020AA3
:10911000854200D90546B2E00721D4F8000201F0EB
:10912000EBFB0720DEE700BFD4F80812C8057CD1AE
:10913000D4F8000290F80222521E02EA512212F0E4
:10914000FF0614D131B1D4F8242232B12046FEF703
:1091500071FF06E0D4F8100203E0D4F8141200F016
:109160004BFB022823D3411C63D0C4F81402D4F86B
:109170001412D4F80002FEF772FFC0B13044009020
:10918000680A5FEA000B2FD0D4F8001206EB0B023E
:1091900091F80202824201D9A0EB060B91F801027C
:1091A0005B464146009AFFF7F9FBE8BB08E084F80C
:1091B00007A20221D4F8000201F09EFB022091E7F1
:1091C00094F8060240060CD5D4F818120098081A34
:1091D000584506D208EB40204FF40072214600F0BB
:1091E00071FC4FEA4B263EE0D4F8182200988242E8
:1091F00028D094F8060240060ED5D4F800020123C8
:10920000214690F80102FFF7E3FB68B994F80602E3
:1092100020F0400084F80602D4F800020123214621
:1092200090F80102009A01E003E00EE0FFF7B6FBC0
:1092300040B184F807720121D4F8000201F05CFB10
:1092400001204FE70098C4F81802B4F80802C0F3F0
:109250000800C0F50076AE4200D92E46011932460C
:10926000404600F02FFCD4F80802B0443044C4F863
:109270000802D9F800008119AD1BC9F80010002DB3
:109280007FF452AF0021D4F8000201F035FB00203A
:1092900028E72DE9FE438846054602F0C5F804009C
:1092A00037D1B8F1000F13D04FF4007000F0CDF8B3
:1092B000060013D0C5F82062C5F818D20021284650
:1092C000FFF792F90027044604280FD084B11DE06F
:1092D00000212846FFF7F4FA04461AE01121D5F8D8
:1092E000000201F009FB1120BDE8FE83C5F81072F1
:1092F0004146284600F0E3FA00212846FFF7E4F84B
:109300000446042802D10024C5F81072304600F04B
:109310009EF82146D5F8000201F0EEFA2046E3E778
:1093200070B5044602F080F805005BD194F806029F
:10933000810657D5400617D5D4F8000201232146EF
:1093400090F80102D4F81822FFF742FB30B1012156
:10935000D4F8000201F0D0FA012070BD94F80602A2
:1093600020F0400084F80602D4F81C12D4F8000261
:1093700000F0B8FB050035D1D4F82052E87A40F06F
:109380002000E87294F80C022877B4F80C02000A66
:109390006877D4F80C02000CA877D4F80C02000E01
:1093A000E877D4F81012284604F5007401F0CFF9DC
:1093B00000F083FAA875010AE975010C2976000E00
:1093C00068760020A874E874A07920F02000A071CD
:1093D0002168012081F804022068A4F5007401F0DE
:1093E000CBF905462946D4F8000201F085FA284653
:1093F00070BD0000802804D30B4A51B1FF2801D969
:109400000020704702EB4000A0F58050B0F8000F3C
:10941000704732F81130834203D0491C89B2802949
:10942000F7D38031C8B2704794CA000810B50C4613
:10943000012002F045F92060002800D0012010BD75
:1094400010B501F05DFC012010BDF6F785BFF6F701
:10945000B2BF00231A46194602F0D8B910B54FF42E
:109460007A7102F07DFB012800D0002010BD0000C1
:109470000021064B00E0491C33F81120002A04D0DB
:109480008242F8D1024830F81100704794CB0008AE
:1094900074CD00082DE9FF474FF000090746C0F8DA
:1094A00000901646084600F06CFA050003D50B2024
:1094B00004B0BDE8F0878D4850F82540C4B120467F
:1094C00000F0D8FAB0B13C6094F8000228B194F8EA
:1094D0000102FFF771FAC1070ED084F80092E8B2DA
:1094E00084F80102FFF738FAC1070AD00320DFE74A
:1094F0000C20DDE70F20DBE70EB1400704D400208D
:10950000D6E71EB1400701D50A20D1E7002529463C
:109510002046FEF70FFD012823D100204FEA0D075A
:1095200004EB001191F8C22101F5DF712AB10A7A2A
:10953000D1F8091042EA012100E0002147F820108B
:10954000401C0428ECD3002657F826502DB129469C
:109550002046FEF7EFFC08B909E00220761C042E35
:10956000F2D3032801D0E0BB01E00120A0E7B4F86A
:109570000B00B0F5007F60D1E28A2AB994F824008C
:10958000D4F8251040EA0122C4F81C22217C84F87A
:109590000312012901D002294FD1607B514384F885
:1095A0000202F0B1431E184247D1B4F81130A4F8BA
:1095B00008321E0741D1B4F813602EB994F8206028
:1095C000D4F8217046EA0726B4F80EC0BCF1000FAB
:1095D00033D00CEB010707EB1317BE422DD3F61B5C
:1095E00000E02AE0B6FBF0F038B3012640F6F6784A
:1095F000404500D302264FF6F678404500D30326B7
:10960000801C2F44C4F82C72AC44C4F81802C4E97E
:10961000885C032E13D083B16144C4F82812022E53
:1096200019D000F0010100EB400001EB500000BF39
:1096300000F2FF10B2EB502F0FD20D2038E7002BB5
:10964000FBD194F82C10D4F82D30800041EA03218E
:10965000C4F82812ECE74000EAE74FF0FF30C4F806
:109660001402C4F81002802084F80502032E30D1C1
:10967000208E01282DD12046691C00F033FA40BB12
:1096800084F80592B4F8FE01A0F52A41553920D19D
:109690002078D4F8011040EA01201549884218D1F9
:1096A00094F8E401D4F8E51140EA01201149884218
:1096B0000FD194F8E801D4F8E91140EA0120C4F888
:1096C000140294F8EC01D4F8ED1140EA0120C4F83A
:1096D0001002064984F80062091F0888401C0880AF
:1096E000A4F806022046FEF793FC08E708010020D4
:1096F000525261417272416173B50446019801781A
:109700002F2901D05C2901D1401C01900025C4F80B
:10971000085201980078202806D200212046FFF741
:10972000CFF8C4F814527CBD01A92046FEF70AFD0B
:109730000028F8D12046FEF725FED4F81812C97A81
:1097400028B10428EFD14907EDD405207CBD490795
:10975000FCD4D4F81412C87AC006F6D5D4F80002A6
:1097600000F07EF9C4F80802DEE700007CB516467A
:109770001C4605460B2200F0A5F9052C11D91A4A02
:109780000CE00021B61C2346044663F35F04400846
:10979000E30300D55440491C1029F4D33088002835
:1097A000EFD107214FEA0D0204F00F0030303928C5
:1097B00000D9C01D5054491E2409F5D17E205054B3
:1097C000002000E0401C884202D22B5C202BF9D103
:1097D000082902D2535C491C00E020232B54401C72
:1097E0000828F5D37CBD0000211001000148006865
:1097F00070470000000000202DE9F0410D460446AE
:1098000002290DD3D4F81802A84209D994F800020D
:109810004FF0FF36012807D002282AD0032836D07F
:1098200001263046BDE8F081D4F8240205EB550747
:1098300000EB5721204600F055F90028F1D1C7F37D
:1098400008007F1C14F80080D4F8240200EB572194
:10985000204600F047F90028E3D1C7F30800215C57
:1098600048EA0120E90701D00609DAE7C0F30B0650
:10987000D7E7D4F8240200EB1521204600F032F996
:109880000028CED1E8B204EB40000688C9E7D4F83E
:10989000240200EBD511204600F024F90028C0D1A5
:1098A00040F2FF1000EA850020440178D0F8010062
:1098B00041EA002020F07046B3E7002070472DE910
:1098C000F0410C4601F10902D0F8101279B30025DD
:1098D000D0F814322E26595D6D1C202919D0052987
:1098E00000D1E521092D01D102F8016BA1F1410759
:1098F000192F0CD81F7B092D02D34FF0100C01E05B
:109900004FF0080C17EA0C0F01D02031C9B202F851
:10991000011B0B2DDFD3D97A2172197FD3F81D508B
:1099200041EA05212160198BA180D98AE1804FF09D
:10993000000882F80080A669002E20D0D0F810120E
:109940000025D1B1E169C1B1B0F82412A1F57F427F
:10995000FF3A12D0D0F820720BE00021FFF74AFD49
:1099600018B1E169491EA94201D8002505E07055EA
:109970006D1C37F8020B0028EFD106F80580BDE812
:10998000F08110B504464FF0FF302268002A13D052
:10999000114600E0491C0B78202B0ED33A2BF9D14D
:1099A00012F8013B303B0A2B06D28A4204D1002B2D
:1099B00002D1491C1846216010BD002010BD0000D6
:1099C000F0B50346254AD3F80042002000EB4005DD
:1099D00052F82560A6420BD102EB8505D3F8086248
:1099E0006F68B74204D12D89B3F80662B54202D040
:1099F000401C0228EAD302281AD1002002E0401CB1
:109A0000022805D200EB400552F82550002DF6D172
:109A1000022815D000EB400542F8254002EB8504F2
:109A2000D3F808626660B3F80632238100236381AD
:109A3000002900EB400102EB8101498902D019B1F4
:109A40000020F0BD491C01E04FF4807100EB4003A1
:109A500002EB8302401C5181F0BD0000A86300208E
:109A60000246488B92F80022032A02D1898A40EAF2
:109A700001407047D0F80C02FFF7F0BCF9F7A8FCE2
:109A8000FDF77EF9FCF7CEF8FCF70EF8FCF7F4F9D9
:109A9000FCF7AEF9FCF7CEF9FBF7E8FFFCF742F96B
:109AA000FCF772F9FCF71AF9FCF724F80448FAF706
:109AB000A7FC00F053F8FCF789F800F06BF8FEE71C
:109AC0000402002004E000BF11F8013B00F8013B54
:109AD000521EF9D27047C9B201E000F8011B521EB4
:109AE000FBD2704770B50546D0F830020C46002610
:109AF000A04210D0284600F09AFE06000BD195F83F
:109B00000102012322462946FEF748FF08B1741ED0
:109B10000126C5F83042304670BD2DE9F0411746A8
:109B20000E46C8B1C6B1BFB1317800290ED0044687
:109B300035462846F6F780FE0CE021782A789142D7
:109B400006D115F8011F641C21B9201ABDE8F08167
:109B50003546641C7F1EF0D20020F7E7EFF3058046
:109B600058B9EFF3108040B909490868022801D0BC
:109B700030B109E0EFF3118030B16FF005007047AC
:109B800001200860002070474FF0FF307047000050
:109B90008400002010B5EFF3058060B9EFF310806A
:109BA00048B90B490868022802D0012806D00BE00A
:109BB000EFF3118040B16FF0050010BD0220086086
:109BC00001F092FB002010BD4FF0FF3010BD0000EF
:109BD00084000020F0B585B00B464FF00004EFF391
:109BE00005810394A1BBEFF3108189BB214909686A
:109BF000022902D1EFF3118151BB48B3402618214D
:109C00008DF8104004AD42B3176807B13D4697691F
:109C10001FB139467F1E382F02D21779FF0702D0B5
:109C2000002005B0F0BD576907B1BE08D2F808C0E2
:109C3000BCF1000F0DD0D468602C18D312693AB172
:109C400037B18DE806103246294602F0ACF8039091
:109C50000DE0D7685FB912694AB903AACDE90012CD
:109C6000B2B2294602F072F8012800D0039403989A
:109C7000D7E70000840000202DE9F041134C0F4687
:109C8000054666692068001D00F045FE681C07D186
:109C900037B12168BDE8F0410D48091D00F0EABE6A
:109CA00020683544B5424560216805D2A068BDE80A
:109CB000F041091D00F0C6BE6068091D00F0C2FE3B
:109CC000206B854200D22563BDE8F0812C00002086
:109CD000E00400202DE9F041054600F0D7FE2E4CAF
:109CE0002069401C206120682C4F10B1E06940B30E
:109CF0002DE025602069012829D1002606EB860089
:109D000007EB800000F090FE761C082EF6D3234867
:109D1000A03000F089FE2148B43000F085FE1F48D5
:109D2000C83000F081FE1D48DC3000F07DFE1B488D
:109D3000F03000F079FE1948A03060601430A06067
:109D400005E02068E96AC06A884200D82560E06AB8
:109D5000401CE0626864E86AA169884200D9A06199
:109D600000EB800007EB8000291D00F083FE00F06F
:109D7000ADFEE06900280CD02068E96AC06A88421C
:109D800007D207494FF080500860BFF34F8FBFF3F1
:109D90006F8FBDE8F08100002C000020F003002050
:109DA00004ED00E038B500F071FE104CA068C8B9B1
:109DB0000F4800F039FE0E48143000F035FE0C4814
:109DC0002060143060600A4B00202833009003F1BB
:109DD000500210210A2001F0A2FCA06010B105A1E0
:109DE00000F07AFFBDE8384000F070BE700000203F
:109DF000F4040020546D72510000000030B4026C75
:109E00000B46002A0BD0C1681144C1604468A142CE
:109E100001D30168C16030BC1846F6F72CBD30BCD8
:109E200070472DE9F041856B174604460026026C09
:109E300082B1C7B1E068F6F71EFDE168206C091A2F
:109E4000E1602268914202D26168081AE060022F44
:109E500016D017E02068A8B9606802F0F3F806464B
:109E6000002060600EE0A068F6F705FD216CA06898
:109E70000844A0606168884204D32068A06001E0C3
:109E800005B16D1E6D1CA5633046BDE8F08110B5AF
:109E9000044690F85D0058B101280CD002280FD07C
:109EA000502080F31188BFF34F8FBFF36F8FFEE711
:109EB000206B00F01FFE2046BDE8104000F01ABEE7
:109EC00010BD000009480021826902B10121026829
:109ED000D26A0AB100207047054A1268012AF9D8EF
:109EE0000029F7D1016B4069081A70472C00002047
:109EF000F003002010484FF4A041420706D0C01DD7
:109F00000D4920F00700411AC1F5A0410B4A00237A
:109F10000144C2E900030839103A21F00701116039
:109F20004B600B600B1AC0E9001393604FF00040C8
:109F30005360D06070470000CC09002098000020DA
:109F4000204C214E12E000BF00F0A0FDF068C56873
:109F5000281D00F0E0FC2069401E2061E068401EE2
:109F6000E06000F0B3FD2846FFF791FFE0680028AD
:109F7000EAD11548DC380068012807D913494FF0A9
:109F800080500860BFF34F8FBFF36F8FFFF79AFFCA
:109F90000228D6D301F002FA206B6169884207D209
:109FA000502080F31188BFF34F8FBFF36F8FFEE710
:109FB000FFF788FF022801D300F0EEFD02F0F8F869
:109FC000BFE700002C000020CC04002004ED00E0DE
:109FD000002807D00021416001600B460A46C1609D
:109FE00001F014BC7047000070B51D46049C51B1CF
:109FF000C4F80020C4E90F010121204601F0C2FB92
:10A0000084F84C5070BD2460F4E72DE9F0470E460B
:10A01000DDE909841746824691009946089DA522EC
:10A02000206BF6F76DFC6FF00301206B01EB8701ED
:10A03000084420F00707780707D0502080F31188E4
:10A04000BFF34F8FBFF36F8FFEE72218315C82F8AA
:10A050003410315C11B1401C1028F6D3002684F86E
:10A060004360082D00D30725E562C4E91356201D7F
:10A0700000F0E5FC04F1180000F0E1FC2461C5F1FA
:10A0800008006462A0616665A66584F85C604A4663
:10A090005146384600F012FB2060B8F1000F01D0A5
:10A0A000C8F80040BDE8F08730B5114900E011461E
:10A0B0000A688242FBD34B685C18844203D1406833
:10A0C00018444860084643681C18944209D1084C5B
:10A0D000103C2468A24209D052681A4442600A68BF
:10A0E00012680260814200D0086030BD0460F9E768
:10A0F0009800002070B5002441600B4D0061914232
:10A1000006D8D11A8269914206D2011D686807E01B
:10A110009A4203D2994201D3012403E0011D286829
:10A1200000F090FC204670BD7000002010B5044681
:10A1300000F0ACFCA06B28B15FF0000400F0C6FC9E
:10A14000204610BD0124F9E72DE9F0478146086853
:10A1500092460C46002600B3606804F1080540688A
:10A160006060A84201D1416861606068D0F80C80ED
:10A17000606840686060A84201D1416861606068C1
:10A1800006EBC60109EB8101C76853460122384638
:10A1900000F072FE761C4745EAD13046BDE8F087F4
:10A1A00030B589B0304D55E00498002806DADDE975
:10A1B0000601059A9047049800284BDB069C6069CD
:10A1C00010B1201D00F0A7FB02A800F0B9F802466C
:10A1D00004980A283ED2DFE800F00505053D263741
:10A1E00005053D260598A169034601442046FFF771
:10A1F00081FF00B3616A20468847E069012829D1C0
:10A20000002000900598A1690023421819462046B5
:10A2100002F060F878B9502080F31188BFF34F8FB7
:10A22000BFF36F8FFEE70598A06128B18118134630
:10A230002046FFF75FFF0DE0502080F31188BFF349
:10A240004F8FBFF36F8FFEE794F82C0010B92046B4
:10A2500000F050FC002204A9A86801F0E5FB0028EA
:10A26000A2D109B030BD0000700000202DE9FC41F2
:10A270000F46054601F092F801A800F061F8044687
:10A28000019818B101F094FFBDE8FC81224EAFB1F6
:10A2900070680068A8B30027291B3A46B06800F030
:10A2A0005BFD01F085FF0028EED11C494FF0805086
:10A2B0000860BFF34F8FBFF36F8FE5E7A542EBD880
:10A2C00001F076FF30682746C068C468201D00F0A2
:10A2D00022FBE069012810D1A0692B4641193A46BA
:10A2E0002046FFF707FF40B10020034601460090DB
:10A2F0002A46204601F0EEFF20B1616A20468847D9
:10A30000C2E707E0502080F31188BFF34F8FBFF3FF
:10A310006F8FFEE70127BFE77000002004ED00E02B
:10A3200006484168096829B14168C968C96849682F
:10A33000016370474FF0FF31FAE700002C00002066
:10A3400070B5054601F0CEFD064E044630698442E4
:10A3500003D200F009F8012000E000202860204628
:10A36000346170BD70000020F8B5194D1FE0C06861
:10A37000C4680668201D00F0CEFA616A204688474E
:10A38000E069012813D1A0693044B04206D92461A4
:10A390006060211D286800F055FB08E0002003469E
:10A3A000014600903246204601F094FF38B12868FB
:10A3B00001680029DBD16968C5E90010F8BD5020AB
:10A3C00080F31188BFF34F8FBFF36F8FFEE700005C
:10A3D00070000020002101E0401C491C0278A52AE1
:10A3E000FAD0C1F38F00704708484068401C4FF016
:10A3F000500080F3118804D0BFF34F8FBFF36F8FED
:10A40000FEE7BFF34F8FBFF36F8FFEE7A000002082
:10A410000346002012B1994302D070470B42FCD092
:10A4200001207047074C2068016841B1C0680021D5
:10A43000D0F80000FFF71AFFFFF7B2FEF3E70121A3
:10A440000020F7E7700000202DE9F041044600F0FD
:10A450001DFB94F9455004F1240609E0606A48B1F7
:10A46000304601F06BFE08B100F004FE6D1E6DB2C7
:10A47000002DF3DC4FF0FF3684F8456000F026FB3A
:10A4800000F004FB94F9445004F1100709E020693E
:10A4900048B1384601F052FE08B100F0EBFD6D1EE8
:10A4A0006DB2002DF3DC84F84460BDE8F04100F0AB
:10A4B0000DBB10B50446F6F79BF92046F6F7BCF93C
:10A4C000202101E02154401C0F28FBD300212154FE
:10A4D000204410BD2DE9F04717460D4604460229D9
:10A4E00003D3D4F81802A84202D80220BDE8F087AE
:10A4F00094F8001207F0FF084FF00109012920D05D
:10A50000022950D00329F0D1D4F8240200EBD51150
:10A510002046FFF7E7FA0028E8D140F2FF1101EAF0
:10A5200085010A194FF07043D2F8011003EA0121A6
:10A53000394311700B0A53700B0C9370090ED170D4
:10A5400041E0D4F8240205EB550600EB56212046E5
:10A55000FFF7C8FA0028C9D1C6F30800761C2044CA
:10A56000E90703D0017868F31F1100E03946017054
:10A5700084F80492D4F8240200EB56212046FFF719
:10A58000B1FA0028B2D1C6F308012144EA0702D08B
:10A59000C7F3071205E00A78C7F3032302F0F002BD
:10A5A0001A430A700FE0D4F8240200EB152120466C
:10A5B000FFF798FA002899D1E9B204EB41013A0A71
:10A5C00081F800804A7084F804928FE72DE9F04109
:10A5D0000546002700F0E2FE314E306808B9FFF76B
:10A5E00089FCF06805424BD1C5B3083568070ED029
:10A5F00005F00700C0F108000544680707D05020A7
:10A6000080F31188BFF34F8FBFF36F8FFEE72DB339
:10A610007068854234D82248103001460C6801E049
:10A6200020460C466168A94202D221680029F7D170
:10A6300031688C4224D0076821680160606808375F
:10A64000411B10290FD96019420708D0502080F310
:10A650001188BFF34F8FBFF36F8FFEE710E04160AB
:10A660006560FFF721FD61687068401A7060B2682C
:10A67000904200D2B060F06801430020C4E90001BC
:10A6800001F096FD780707D0502080F31188BFF3C2
:10A690004F8FBFF36F8FFEE73846BDE8F0810000B3
:10A6A000880000200449086818B10868026D521C2F
:10A6B00002650868704700002C00002010B5031FD9
:10A6C0004FF080741C601B1F21F001011960191FDD
:10A6D000024B0B60143940380A6010BDE9A3000832
:10A6E0002DE9F0410F460646022917D3D6F8180285
:10A6F000B84213D9002523E039463046FFF77CF8ED
:10A70000040021D0012C09D0601C09D00022394658
:10A710003046FFF7DFFE050016D103E0022513E007
:10A72000012511E0D6F81402411C08D0401CC6F8DF
:10A73000140296F8050240F0010086F8050227464B
:10A74000D6F81802B842D7D82846BDE8F0818176FD
:10A750000A0AC2760A0C0275090E41757047014655
:10A7600000200B22430803EBC01011F8013B521EDE
:10A770001844C0B2F6D1704770B5044600F057F8DF
:10A78000050052D194F80002032846D194F805023E
:10A79000012842D1420200212046FFF79CF95520B2
:10A7A00084F8FE01AA2084F8FF0152202070607016
:10A7B0006120A0704121E170722284F8E42184F8C4
:10A7C000E52184F8E61184F8E701D4F8140284F84E
:10A7D000E801010A84F8E911010C84F8EA11000E7D
:10A7E00084F8EB01D4F8100284F8EC01010A84F833
:10A7F000ED11010C84F8EE11000E84F8EF01D4F88D
:10A8000020220123521CC4F8302294F80102214670
:10A81000FEF7DEF8002084F80502002294F8010219
:10A820001146FEF7ADF800B10125284670BD2DE9AF
:10A83000F041044690F80402002728B3D4F83052BF
:10A8400094F8010201232A462146FEF7C1F808B117
:10A85000012719E0002084F80402D4F82402D4F877
:10A860001C12281A88420FD294F803620AE0D4F826
:10A870001C020123054494F801022A462146FEF7F2
:10A88000A7F8761E022EF2D23846BDE8F08100000D
:10A8900070B50C46064600F0F9F8154D2868806D35
:10A8A00080B92968012081F85C005CB10121204653
:10A8B000FFF7E2F90F494FF080500860BFF34F8F68
:10A8C000BFF36F8F00F002F900F0E0F82868846DA4
:10A8D000002034B116B12968886502E02A68611E3B
:10A8E0009165296881F85C0000F0F0F8204670BDA1
:10A8F0002C00002004ED00E000280BD00C2909D02A
:10A900000B2907D0092905D00F2903D0D0F80C0254
:10A91000FEF79FBD7047D0E9013201699A60D0E926
:10A9200001235A604A68824201D182684A6000224B
:10A9300002610868401E0860086870472DE9F0470A
:10A9400017460A4605460024082600F027FDDFF8D2
:10A950009080D8F8100082423CD3DFF88890761EB1
:10A9600006EB860104EBC40009EB810105EB8000D6
:10A970000122FFF7E9FB0444002EF0D104EBC400F0
:10A9800005EB800002224646D8F80410FFF7DCFBF6
:10A99000044404EBC40005EB80000222B168FFF719
:10A9A000D3FB04440F4904EBC40005EB80000422F0
:10A9B000DC31FFF7C9FB04440A4904EBC40005EB92
:10A9C00080000322F031FFF7BFFB044417B1FEF70C
:10A9D0000DFF386001F0ECFB2046BDE8F087000079
:10A9E0002C000020F0030020044908680A688069F0
:10A9F000D26A0968C2F108028A6170472C000020FF
:10AA0000034B036003F16000086040201060704752
:10AA10000C060020034B036003F1600008608020F7
:10AA2000106070476C07002000F108014FF0FF3202
:10AA3000C0E90112C160016100210160704700217D
:10AA40000161704730B50B685A1C02D000F1080252
:10AA500002E0026904E02246546825689D42FAD962
:10AA600053684B6099608A60516008610168491CB5
:10AA7000016030BD42684A6093688B60936859609A
:10AA8000916008610168491C01607047502080F3A3
:10AA90001188BFF34F8FBFF36F8F0A494868401C7E
:10AAA000486001280CD10848006810F0FF0F07D05B
:10AAB000502080F31188BFF34F8FBFF36F8FFEE7F5
:10AAC00070470000A000002004ED00E0084948683D
:10AAD00028B1401E486001D180F311887047502092
:10AAE00080F31188BFF34F8FBFF36F8FFEE7000035
:10AAF000A000002070B5002827D0144DA0F1080454
:10AB00006168E868014207D1502080F31188BFF3E3
:10AB10004F8FBFF36F8FFEE722683AB1502080F36A
:10AB20001188BFF34F8FBFF36F8FFEE781436160E2
:10AB300000F034FC60686968084468602046FFF7EC
:10AB4000B3FABDE8704001F033BB70BD880000204F
:10AB50000F4810B501684FF47A72B1FBF2F30D485B
:10AB60006FF07F448360B4FBF3F3C360B1FBF1F398
:10AB70002D24B4FBF3F303614FF0E02000230361C5
:10AB80008361B1FBF2F1491E41610721016110BDF2
:10AB900028000020A0000020F1B5394D82B00299B4
:10ABA000E868814200D902904FF0E024206920F04B
:10ABB00001002061A1690298AA68401E02FB0016EC
:10ABC0002869864200D9361A72B6BFF34F8FBFF399
:10ABD0006F8FFDF70BFF98B366610027A7612069AF
:10ABE00040F001002061029800906846FBF71CFAD3
:10ABF000009820B1BFF34F8F30BFBFF36F8F02A813
:10AC0000FBF7D4F962B6BFF34F8FBFF36F8F72B605
:10AC1000BFF34F8FBFF36F8F062020612069C00301
:10AC200016D5A0692A69311AA868411A491E9142AD
:10AC300001D3814200D9411E61610298401E12E099
:10AC4000FFE7A0696061206940F00100206111E028
:10AC50000298AA68A1695043411AB1FBF2F0431C63
:10AC60005343591A6161A761216941F001012161D2
:10AC700000F080FBA868401E606162B6FEBD000067
:10AC8000A000002010B5F5F743FB114910280ED3A2
:10AC900000F1E02090F8F0030A78904207D25020AB
:10ACA00080F31188BFF34F8FBFF36F8FFEE7094822
:10ACB0000068496900F4E060884207D9502080F3B9
:10ACC0001188BFF34F8FBFF36F8FFEE710BD0000F9
:10ACD000A00000200CED00E010B5084B002200BFE2
:10ACE00053F832401CB1521C082AF9D310BD43F866
:10ACF000321003EBC201486010BD0000B003002019
:10AD000010B504000AD000F013F894F846000028AB
:10AD10000CD12046BDE81040FFF7ECBE502080F378
:10AD20001188BFF34F8FBFF36F8FFEE710BD000098
:10AD3000084A002102EBC1035B68834206D1002070
:10AD400042F8310002EBC10148607047491C0829F4
:10AD5000F0D37047B003002070B515460E46044688
:10AD6000FFF794FE94F944100020491C01D184F8A7
:10AD7000440094F94510491C01D184F84500FFF7BF
:10AD8000A5FEA06B28B92A46314604F1240000F044
:10AD9000E7F92046BDE87040FFF756BB10B502004A
:10ADA00014D00F48806B38B1502080F31188BFF366
:10ADB0004F8FBFF36F8FFEE700F0F0FA00211046CF
:10ADC000FEF75AFF01F0F4F9002807D105494FF0CA
:10ADD00080500860BFF34F8FBFF36F8F10BD00002E
:10ADE0002C00002004ED00E070B50546FFF74EFE94
:10ADF0001E4C05B92568281DFFF78DFDA86A18B1FE
:10AE000005F11800FFF787FDE06A401CE06220684A
:10AE1000854207D1291D1648FFF72CFEE068401C2B
:10AE2000E06007E02069401E20612846FFF72FF808
:10AE3000FFF776FAFFF74AFEE069002814D0206891
:10AE4000854211D1A06B38B1502080F31188BFF337
:10AE50004F8FBFF36F8FFEE706494FF080500860B9
:10AE6000BFF34F8FBFF36F8F70BD00002C00002029
:10AE7000CC04002004ED00E02DE9F0410C461B4914
:10AE80001646B8B14FEA000505F13400C4E9005098
:10AE9000E86A2061286BE061686CA060E86C606122
:10AEA000686D0027A061052B12D00868854203D188
:10AEB000277311E00D68E7E72373032B0CD100F033
:10AEC0006DFAA86A08B10220207301F071F903E05D
:10AED0002846FDF7A3FD20732EB1286BFFF77AFA01
:10AEE0002084BDE8F0812784FBE700002C000020CF
:10AEF00070B586B0002506460570234801690091AB
:10AF0000006900EBC0008000FFF760FB040038D050
:10AF100003AA0099FFF712FD009003986421B0FB8B
:10AF2000F1F0039050B32846019524E000EBC000F7
:10AF300004EB8000039A8169B1FBF2F54168304669
:10AF4000FFF7B7FA0646019800EBC00004EB80005B
:10AF500082692DB12B460DA13046F5F7DDFA03E0ED
:10AF60000DA13046F5F7D8FA3046F5F765FC0644F2
:10AF70000198401C019000998842D7D32046FFF7E2
:10AF8000B9FD06B070BD00002C0000200925750930
:10AF900009257525250D0A0009257509093C312566
:10AFA000250D0A0002498A6A0260496941607047BA
:10AFB0002C00002070B586B0002406460470284896
:10AFC00001690291006900EBC0008000FFF7FEFA02
:10AFD000050042D000220299FFF7B0FC02900494D1
:10AFE000204631E000EBC00005EB8000017B052925
:10AFF0000ED2DFE801F0030507090B00582408E032
:10B00000522406E0422404E0532402E0442400E0F9
:10B01000002441683046FFF74CFA0646049800EBDE
:10B02000C00005EB80008268018CCDE90012036945
:10B0300022460CA13046F5F76FFA3046F5F7FCFBD7
:10B0400006440498401C049002998842CAD306B072
:10B050002846BDE87040FFF74DBD06B070BD00004A
:10B060002C0000200925630925750925750925751A
:10B070000D0A000001490120486270472C000020A1
:10B080002DE9F0410E46040015D0FFF7FBFD5020DE
:10B09000EFF3118580F31188BFF34F8FBFF36F8FEC
:10B0A00094F85C00022184F85C10A16D491CA16534
:10B0B000012808D033E0502080F31188BFF34F8F70
:10B0C000BFF36F8FFEE7A06A38B1502080F311887C
:10B0D000BFF34F8FBFF36F8FFEE7134FB86B18B1FD
:10B0E00004F1180111480EE0201DFFF714FCE06A7E
:10B0F000B969884200D9B8610C4900EB8000C839B1
:10B1000001EB8000211DFFF7B5FCE06A3968C96AD0
:10B11000884204D901200EB1306000E0786285F3E6
:10B120001188BDE8F08100002C000020B804002048
:10B1300010B50C4650B1094909681831FFF782FC77
:10B140002046BDE810400121FEF796BD502080F357
:10B150001188BFF34F8FBFF36F8FFEE72C000020E5
:10B1600070B514460D4668B10A4909681831FFF7F1
:10B1700081FC0CB14FF0FF3521462846BDE87040F8
:10B18000FEF77ABD502080F31188BFF34F8FBFF3D5
:10B190006F8FFEE72C00002010B51446030011D07D
:10B1A0001048826BB2B1026841F0004191610168C0
:10B1B00018461831FFF75EFC2046BDE8104001211B
:10B1C000FEF75ABD502080F31188BFF34F8FBFF3B5
:10B1D0006F8FFEE7502080F31188BFF34F8FBFF3CE
:10B1E0006F8FFEE72C00002070B504003ED0226D6A
:10B1F000A2B1E06C884200D30146E06A884235D0B3
:10B20000012A33D11A4D2A6894420FD1502080F37D
:10B210001188BFF34F8FBFF36F8FFEE7502080F38D
:10B220001188BFF34F8FBFF36F8FFEE7E162A26912
:10B23000002A02DBC1F10801A1610E4E00EB800083
:10B24000616906EB8000814210D1201DFFF763FB8E
:10B25000E06AA969884200D9A86100EB800006EB8A
:10B260008000211DBDE87040FFF704BC70BD0000E8
:10B270002C000020F003002070B5194DAA6BF2B12C
:10B2800041F000410160C4680CB3FFF744FB201D8E
:10B29000FFF741FBE06AA969884200D9A86111491A
:10B2A00000EB800001EB8000211DFFF7E3FBE06A6B
:10B2B0002968C96A884201D90120686270BD50209E
:10B2C00080F31188BFF34F8FBFF36F8FFEE75020DD
:10B2D00080F31188BFF34F8FBFF36F8FFEE700003D
:10B2E0002C000020F003002030B587B00024039428
:10B2F00005AA04A903A80494FFF782FBDDE9030172
:10B300000094CDE90110002316A11848059A00F019
:10B310004AFD174D0028686321D000F0ABFF0128DB
:10B3200009D0401C1BD1502080F31188BFF34F8FF0
:10B33000BFF36F8FFEE7502080F31188BFF34F8F6C
:10B34000BFF36F8F4FF0FF3028630120E8616C611D
:10B35000FCF794FE07B0BDE8304000F05DB907B0DF
:10B3600030BD000049444C4500000000419F0008EA
:10B370002C00002008494A690B6B02449A4207D905
:10B38000502080F31188BFF34F8FBFF36F8FFEE71C
:10B390004A691044486170472C0000200248816BC4
:10B3A000491C8163704700002C00002010B51C4C24
:10B3B000A06B10B10120606210BD00206062FEF73A
:10B3C00015FA2064E26B904204D92168821A4B6D11
:10B3D0001A444A65E063A069124901E0B8B1401E11
:10B3E00000EB800251F82220002AF7D000EB800207
:10B3F00001EB820101F108034A6852684A609A42EF
:10B4000001D152684A60D1682160A06110BD50200E
:10B4100080F31188BFF34F8FBFF36F8FFEE70000FB
:10B420002C000020F003002010B5040011D0D4F847
:10B43000000270B190F8001259B1B0F80612B4F8D9
:10B440000422914205D190F80102FDF7B5FAC00738
:10B4500001D0092010BDD4F80002FEF70BFB08B1A3
:10B46000002010BD0F2010BD70B52020FFF7AEF8F2
:10B47000040005D00025201D2560FFF7D5FA2577AB
:10B48000204670BD2DE9F0410027884604000AD00F
:10B490005FEA18600FD0502080F31188BFF34F8F00
:10B4A000BFF36F8FFEE7502080F31188BFF34F8FFB
:10B4B000BFF36F8FFEE7261D04F10C05FFF76EFF4B
:10B4C0002168F06841EA0801216017E0D0E9001620
:10B4D00001F07F425301236821F07F4102D40B42E7
:10B4E00003D10AE031EA030307D1D20100D50F43AB
:10B4F000216841F00071FFF7BFFE3046A842E5D158
:10B500002068B843206000F053FE2068BDE8F08159
:10B510002DE9F0479A46DDF8209090460D4604004C
:10B520004FF0000709D0280E0FD0502080F311886B
:10B53000BFF34F8FBFF36F8FFEE7502080F311886A
:10B54000BFF34F8FBFF36F8FFEE71DB100F0BCFC60
:10B5500040B112E0502080F31188BFF34F8FBFF34A
:10B560006F8FFEE7B9F1000F07D0502080F31188EC
:10B57000BFF34F8FBFF36F8FFEE7FFF70FFF266814
:10B58000524629463046FEF743FF30B1B8F1000F6E
:10B590001AD02068A843206016E0B9F1000F13D03C
:10B5A000B8F1000F01D04FF08077BAF1000F01D051
:10B5B00047F0806745EA07014A46201DFFF7ECFD8A
:10B5C00000F0F6FD18B10AE000F0F2FD1FE01149AD
:10B5D0004FF080500860BFF34F8FBFF36F8FFFF7BE
:10B5E00003FA0646800110D4FFF750FA2668524647
:10B5F00029463046FEF70CFF28B1B8F1000F02D003
:10B600002068A8432060FFF761FA26F07F463046A5
:10B61000BDE8F08704ED00E01CB5264908780190EC
:10B62000FF20087008788DF800009DF800009DF854
:10B63000002000F0F000904207D0502080F31188E5
:10B64000BFF34F8FBFF36F8FFEE79DF800001A4CDA
:10B6500000F0500020700720606105E09DF8002098
:10B6600052008DF80020401E9DF800201206F5D4EF
:10B670006061032807D0502080F31188BFF34F8FFB
:10B68000BFF36F8FFEE74FF4407060610198087060
:10B690000A48016841F470010160016841F070419D
:10B6A0000160FFF755FA00206060F4F7FBFD002011
:10B6B0001CBD000000E400E0A000002020ED00E040
:10B6C00010B502460021012000F005F80446FEF7FF
:10B6D0007FFC204610BDF8B517460E46050014D075
:10B6E000DEB105FB06F05030FEF770FF04000AD013
:10B6F000002084F8460004F150023B4631462846BB
:10B700000094FEF771FC2046F8BD502080F31188AC
:10B71000BFF34F8FBFF36F8FFEE70020E3E738B52D
:10B72000049D18B153B1CAB181B120E0502080F31B
:10B730001188BFF34F8FBFF36F8FFEE7502080F368
:10B740001188BFF34F8FBFF36F8FFEE7502080F358
:10B750001188BFF34F8FBFF36F8FFEE739B15020D1
:10B7600080F31188BFF34F8FBFF36F8FFEE7502434
:10B770001C46012384F846302B460094FEF734FC27
:10B78000204638BD70B50D46040025D0FFF77EF980
:10B79000D4E90F20216802FB001161600021A16340
:10B7A0002168A1600A46D4E90F01401E00FB012177
:10B7B000E16021464FF0FF3001F8440F487004F17A
:10B7C00010008DB1FFF730F904F12400FFF72CF9D8
:10B7D000FFF77CF9012070BD502080F31188BFF382
:10B7E0004F8FBFF36F8FFEE721690029F0D000F083
:10B7F000A5FC0028ECD004494FF080500860BFF34E
:10B800004F8FBFF36F8FE3E704ED00E02DE9FF47B3
:10B8100082B01D468A464FF00008040003D0BAF1FA
:10B82000000F08D011E0502080F31188BFF34F8F34
:10B83000BFF36F8FFEE7206C38B1502080F3118882
:10B84000BFF34F8FBFF36F8FFEE7022D0AD1E06B7E
:10B85000012807D0502080F31188BFF34F8FBFF32A
:10B860006F8FFEE700F030FB3F4F4FF000094FF0C5
:10B87000805648B9049838B1502080F31188BFF33E
:10B880004F8FBFF36F8FFEE7FFF700F9A06BE16BFF
:10B89000884207D3022D05D00498D0B1B8F1000F2B
:10B8A0001AD01EE02A4651462046FEF7BAFA616ACF
:10B8B00019B104F1240000F041FC20B13E60BFF357
:10B8C0004F8FBFF36F8FFFF701F9012006B0BDE87E
:10B8D000F087FFF7FBF822E06846FFF763FB4FF0C5
:10B8E0000108FFF7F3F8FFF759FDFFF7CFF894F9D8
:10B8F0004400401C01D184F8449094F94500401C58
:10B9000001D184F84590FFF7E1F804A9684600F0FA
:10B91000E3F930B12046FEF797FD00F049FC002026
:10B92000D4E7FFF7B3F8A06BE16B884213D1FFF7C0
:10B93000CDF804F110000499FFF7FAFB2046FEF75A
:10B9400083FD00F035FC00289ED13E60BFF34F8F91
:10B95000BFF36F8F98E7FFF7B9F82046FEF774FD45
:10B9600000F026FC90E7000004ED00E02DE9F04730
:10B970001F4690468946040003D0B9F1000F08D055
:10B9800011E0502080F31188BFF34F8FBFF36F8F0A
:10B99000FEE7206C38B1502080F31188BFF34F8F41
:10B9A000BFF36F8FFEE7022F0AD1E06B012807D0AB
:10B9B000502080F31188BFF34F8FBFF36F8FFEE7E6
:10B9C000FFF760F95020EFF3118680F31188BFF381
:10B9D0004F8FBFF36F8FA06BE16B884206D3022FAE
:10B9E00004D0002086F31188BDE8F08794F9455013
:10B9F0003A4649462046FEF714FA681C04D06D1CEE
:10BA000084F845500120EDE7606A0028FAD004F17F
:10BA1000240000F093FB0028F4D0B8F1000FF1D01F
:10BA20000121C8F80010EDE72DE9F747002683B0A3
:10BA30008A46040003D0BAF1000F08D011E050206C
:10BA400080F31188BFF34F8FBFF36F8FFEE7206C39
:10BA500038B1502080F31188BFF34F8FBFF36F8F41
:10BA6000FEE700F031FADFF8F4804FF000094FF004
:10BA7000805748B9059838B1502080F31188BFF33A
:10BA80004F8FBFF36F8FFEE7FFF700F8A56BC5B1CF
:10BA900051462046FEF7B2F96D1EA563206950B1EC
:10BAA00004F1100000F04AFB28B1C8F80070BFF3A1
:10BAB0004F8FBFF36F8FFFF709F8012006B0BDE885
:10BAC000F087059808B11EB106E0FEF7FFFF27E0FA
:10BAD0006846FFF767FA0126FEF7F8FFFFF75EFCFE
:10BAE000FEF7D4FF94F94400401C01D184F844903F
:10BAF00094F94500401C01D184F84590FEF7E6FF1B
:10BB000005A9684600F0E8F8002820460AD0FEF7AC
:10BB10009BFC00F04DFB2046FEF708FB0028B3D04D
:10BB20000020CBE7FEF702FB90B104F12400059959
:10BB3000FFF7FEFA2046FEF787FC00F039FB0028ED
:10BB4000A2D1C8F80070BFF34F8FBFF36F8F9BE790
:10BB50002046FEF779FC00F02BFB95E704ED00E0B2
:10BB60002DE9F343002683B00400354609D0206C4C
:10BB700078B1502080F31188BFF34F8FBFF36F8FE0
:10BB8000FEE7502080F31188BFF34F8FBFF36F8F14
:10BB9000FEE700F099F9DFF83C814FF000094FF023
:10BBA000805748B9049838B1502080F31188BFF30A
:10BBB0004F8FBFF36F8FFEE7FEF768FFA06BC8B132
:10BBC000401EA063206810B9FEF76CFD606020691C
:10BBD00050B104F1100000F0B1FA28B1C8F80070BB
:10BBE000BFF34F8FBFF36F8FFEF770FF012005B0DB
:10BBF000BDE8F083049808B166B10FE03DB1502074
:10BC000080F31188BFF34F8FBFF36F8FFEE7FEF70E
:10BC10005DFF5DE06846FFF7C5F90126FEF756FFB8
:10BC2000FFF7BCFBFEF732FF94F94400401C01D142
:10BC300084F8449094F94500401C01D184F8459063
:10BC4000FEF744FF04A9684600F046F800282046A5
:10BC500012D0FEF7F9FB00F0ABFA2046FEF766FAC9
:10BC60000028A9D09DB3FEF711FF606A50B3206B86
:10BC70000068C0F1080126E0FEF758FAE0B120683C
:10BC800038B9FEF703FF606800F01CFA0546FEF7BE
:10BC90001DFF04F124000499FFF74AFA2046FEF73D
:10BCA000D3FB00F085FA002886D1C8F80070BFF3F6
:10BCB0004F8FBFF36F8F7FE72046FEF7C5FB00F085
:10BCC00077FA79E700216068FFF78EFA9FE7FFE7D0
:10BCD00000208CE704ED00E02DE9F0410C46050062
:10BCE00011D0C4B1FEF7D2FE174B5A696E682068B6
:10BCF000911B471C17D02F689B6A9F4219D0964210
:10BD000017D8012410E0502080F31188BFF34F8F23
:10BD1000BFF36F8FFEE7502080F31188BFF34F8F82
:10BD2000BFF36F8FFEE70024FEF7D0FE2046BDE88C
:10BD3000F081884205D9401A20602846FFF732F981
:10BD4000F1E700202060DCE72C0000202DE9FF5FF8
:10BD50008346DDE90E87994616468A469000FEF72F
:10BD600035FC05001CD06020FEF730FC040014D028
:10BD70000020256384F85D00CDE90240CDE900870D
:10BD80004B46324651465846FEF73FF92046FDF7EE
:10BD9000A1FF012004B0BDE8F09F2846FEF7AAFEEF
:10BDA0004FF0FF30F6E7F0B585B0DDE90B640A9D92
:10BDB000A6B1DCB1602700972663022684F85D6097
:10BDC000002604AFCDE90246CDE90057FEF71DF984
:10BDD0002046FDF77FFF049805B0F0BD502080F3AA
:10BDE0001188BFF34F8FBFF36F8FFEE7502080F3B2
:10BDF0001188BFF34F8FBFF36F8FFEE72DE9F0413E
:10BE00001F4690460D46012690B10446FEF73EFEC1
:10BE10000FB1A06D386094F85C00022184F85C10CA
:10BE2000B8F1050F16D2DFE808F0150B0E1412005A
:10BE3000502080F31188BFF34F8FBFF36F8FFEE761
:10BE4000A16D294301E0A16D491CA16502E0022812
:10BE500003D0A565012802D02BE0002629E0201D93
:10BE6000FEF759FD154DE06AA969884200D9A8611D
:10BE7000134900EB800001EB8000211DFEF7FAFD65
:10BE8000A06A38B1502080F31188BFF34F8FBFF301
:10BE90006F8FFEE7FEF744FAE06A2968C96A8842B4
:10BEA00007D908494FF080500860BFF34F8FBFF3A8
:10BEB0006F8FFEF70BFE3046BDE8F0812C000020AE
:10BEC000F003002004ED00E00548C16919B1806B62
:10BED00018B1002070470120704702207047000011
:10BEE0002C00002001484069704700002C00002011
:10BEF0002DE9F0412E4C0027A06B40B1206A401C78
:10BF00002062606A00B101273846BDE8F0816669A9
:10BF1000761C666113D16068006838B1502080F3E8
:10BF20001188BFF34F8FBFF36F8FFEE76068A16882
:10BF30006160A060A06A401CA062FEF7F1F9206B6E
:10BF4000DFF87080864209D36068006880B160685D
:10BF5000C068C568686886420DD220632068C06AE0
:10BF600000EB800158F821000128CAD90127C8E751
:10BF70004FF0FF30F1E7281DFEF7CDFCA86A18B19D
:10BF800005F11800FEF7C7FCE86AA169884200D9EC
:10BF9000A06100EB800108EB8100291DFEF76AFD1E
:10BFA000E86A2168C96A8842CED30127CCE700003D
:10BFB0002C000020F00300202DE9F0411E4615461C
:10BFC00088460746FEF762FD1C4C206890F85C002E
:10BFD000022814D02068816DB94381652168012051
:10BFE00081F85C005EB101213046FDF745FE144941
:10BFF0004FF080500860BFF34F8FBFF36F8FFEF795
:10C0000065FDFEF743FD15B12068806D286020684E
:10C0100090F85C00022801D0002505E02068816DC1
:10C0200021EA0801816501252168002081F85C0072
:10C03000FEF74CFD2846BDE8F08100002C000020F2
:10C0400004ED00E070B504004FF0000133D01B4D4B
:10C050002868844207D0502080F31188BFF34F8FA7
:10C06000BFF36F8FFEE7206D38B1401E2065E36C93
:10C07000E26A9A421FD040B11DE0502080F311883F
:10C08000BFF34F8FBFF36F8FFEE7201DFEF743FC1A
:10C09000E06CE062C0F10800A061E06AA969884232
:10C0A00000D9A861064900EB800001EB8000211D4A
:10C0B000FEF7E0FC0121084670BD00002C000020C6
:10C0C000F003002070B504004FF000002BD0194D94
:10C0D000E16A2A68D26A914226D2A069002804DB6C
:10C0E0002868C06AC0F10800A061134E01EB81010D
:10C0F000606906EB8101884211D1201DFEF70BFC1F
:10C100002868C06AE062A969884200D9A86100EB8A
:10C11000800006EB8000211DFEF7ACFC02E02868E1
:10C12000C06AE062012070BDE16C2A68D26A914267
:10C13000F8D370BD2C000020F003002070B5C0685B
:10C14000C46854B104F118000646FEF7E4FB164D2E
:10C15000A86B50B13146154816E0502080F3118885
:10C16000BFF34F8FBFF36F8FFEE7201DFEF7D3FBAA
:10C17000E06AA969884200D9A8610C4900EB8000F7
:10C18000C83901EB8000211DFEF774FCE06A2968C4
:10C19000C96A884202D901246C6200E00024FEF7DB
:10C1A000BFF8204670BD00002C000020B80400201D
:10C1B0002DE9F0472C4D00242746A86B38B1FEF737
:10C1C00065FCA86B401EA863A86B40B146E05020F8
:10C1D00080F31188BFF34F8FBFF36F8FFEE729699C
:10C1E000224E0120D1B3A6F1C80980463068E0B1E3
:10C1F000F068C46804F11800FEF78DFB201DFEF7FF
:10C200008AFBE06AA969884200D9A86100EB800135
:10C2100009EB8100211DFEF72DFCE06A2968C96A3F
:10C220008842E3D3C5F82480E0E70CB1FEF778F844
:10C230002C6A4CB14FEA0806FFF75AFE00B16E6255
:10C24000641EF9D100202862686A38B108490127C4
:10C2500038070860BFF34F8FBFF36F8FFEF736FCD0
:10C260003846BDE8F08700002C000020B80400200C
:10C2700004ED00E010B586B0FDF794FD114CA06808
:10C28000B8B100200390049005AA04A903A8FEF702
:10C29000C1FBDDE9032102208DE8070000230AA18C
:10C2A0000B48059AFFF77FFDE06010B106B0012052
:10C2B00010BD502080F31188BFF34F8FBFF36F8FF5
:10C2C000FEE7000070000020546D7220537663007A
:10C2D00025A400082DE9FF411E46134602000A9DD1
:10C2E0004FF0000016D0144CA768002F0FD0CDE9F6
:10C2F00000130292062917DAFFF7E6FD02284FF035
:10C3000000030FD000226946A068FFF77FFA04B04F
:10C31000BDE8F081502080F31188BFF34F8FBFF349
:10C320006F8FFEE72A46EEE700233246694638461D
:10C33000FFF71CFBEBE700007000002010B50029A0
:10C340000AD00878002807D005487844F4F72AFB7B
:10C35000002801D0002010BD0248784410BD000024
:10C36000360D00002E0D000010B500290AD0087807
:10C37000002807D005487844F4F714FB002801D0C2
:10C38000002010BD0248784410BD0000260D0000BA
:10C390001E0D0000F4F700BFF5F734B854D00008C4
:10C3A000000000000000000000000000000000008D
:10C3B0000002000018000000000000000000000063
:10C3C000010202030405060708090A0B0C0D0E0FF3
:10C3D0001010000000000000000001020304060726
:10C3E0000809000000000102030400000000000032
:10C3F00000000000000000000000000000181818F5
:10C400001818180800081800000000000034242440
:10C4100024000000000000000000000000001624BE
:10C420007F2424247E2424000000000000083E68AD
:10C4300048681C1612127C10100000000061D29691
:10C44000740810162949C6000000000000003C6472
:10C450006438724ACE467F000000000000181818A9
:10C460001800000000000000000000000004081890
:10C4700010303030301010180C040000002010086C
:10C48000080C0404040C08181020000000080A34EA
:10C490001C6A08000000000000000000000000000E
:10C4A0001818187F1818180000000000000000007D
:10C4B0000000000000181808300000000000000014
:10C4C0000000003C00000000000000000000000030
:10C4D0000000000000181800000000000002060420
:10C4E0000C080810102020400000000000003C66EE
:10C4F00042475B7342663C00000000000000187871
:10C500004808080808087E000000000000003C46BB
:10C510000606040810207E000000000000007C06D3
:10C5200006043C0202067C000000000000000C1C17
:10C5300014246444FF0404000000000000007E6036
:10C5400060607E0202067C000000000000001E30D9
:10C550006048764242623C000000000000007E021B
:10C5600006040C08181030000000000000003C62B7
:10C5700042361C6642423C000000000000003C665F
:10C580004242661A02047800000000000000000029
:10C59000181800000018180000000000000000003B
:10C5A00018180000001818083000000000000000F3
:10C5B00004183060100C06000000000000000000AD
:10C5C00000007E007E00000000000000000000006F
:10C5D000301804060C1020000000000000301C067B
:10C5E000060618100010100000000000001C224178
:10C5F00041DDB5A5A5AF94C0403C00000000181C6B
:10C60000342426627E43C1000000000000007C4606
:10C6100042467C4242427C000000000000001E2096
:10C620004040404040603E000000000000007C466A
:10C6300042434343424678000000000000007E6011
:10C6400060607E6060607E000000000000007E6030
:10C6500060607E60606060000000000000001E609E
:10C660004040CE4242623E000000000000004242D4
:10C6700042427E42424242000000000000007E181A
:10C680001818181818187E000000000000007C041C
:10C690000404040404447800000000000000424444
:10C6A000485070584C444200000000000000202018
:10C6B0002020202020203E000000000000006266B4
:10C6C000675F5B5BC1C1C1000000000000006262E7
:10C6D00072525A4A4E4646000000000000003C627A
:10C6E00043C3C3C343623C000000000000007C461B
:10C6F00042424678404040000000000000003C629A
:10C7000043C3C3C343623C180F00000000007C66B3
:10C7100062667C6C646662000000000000003E609F
:10C7200040601C0602027C000000000000007F1830
:10C7300018181818181818000000000000004242CD
:10C740004242424242623C00000000000000C143FD
:10C7500042622624341C1800000000000000C1C101
:10C7600041495B5B7666660000000000000043669E
:10C770003418181C2466C300000000000000C142E9
:10C7800066341C18181818000000000000007E0213
:10C79000040C181020607E0000000000001C101027
:10C7A0001010101010101010101C0000004020205D
:10C7B000101008080C04060200000000003C0C0CDD
:10C7C0000C0C0C0C0C0C0C0C0C3C00000000181C8D
:10C7D00024620000000000000000000000000000D3
:10C7E000000000000000000000FF0000002010001A
:10C7F0000000000000000000000000000000000039
:10C800003C06023E42467A000000000000404040E4
:10C810005C62424242427C000000000000000000D6
:10C820001E20604060203E00000000000002020266
:10C830003E62424242663A000000000000000000F2
:10C840003C62427E40603E0000000000000F181075
:10C85000107E1010101010000000000000000000FA
:10C860003F66426658403E43423C00000040404024
:10C870005C62424242424200000000000018180080
:10C880007808080808087E000000000000040C007A
:10C890007C040404040404040C780000006060605C
:10C8A000626C78706864620000000000007808081C
:10C8B0000808080808087E000000000000000000CA
:10C8C000764B4B4B4B4B4B00000000000000000030
:10C8D0005C62424242424200000000000000000050
:10C8E0003C62424342623C00000000000000000045
:10C8F0005C62424242427C40404000000000000036
:10C900003E62424242663A0202020000000000001B
:10C910006E72636060606000000000000000000054
:10C920003E20203C06027C000000000000001010A9
:10C93000FE10101010101E0000000000000000008B
:10C940004242424242663A000000000000000000FD
:10C950004342662434181800000000000000000064
:10C96000C1C15B5A5E666600000000000000000066
:10C9700062261C181C266200000000000000000057
:10C9800043426624341C181830E000000000000008
:10C990007E060C1810207E0000000000000E18100B
:10C9A0001010307010101010180E00000808080841
:10C9B00008080808080808080808000000301808D7
:10C9C00008080C0E080808081830000000000000D5
:10C9D0000000714B060000000000809A90B68EB7F0
:10C9E0008F80D2D3D4D8D7DE8E8F909292E299E303
:10C9F000EAEB59999A9D9C9D9E9FB5D6E0E9A5A525
:10CA0000A6A7A8A9AAABAC21AEAFB0B1B2B3B4B5DA
:10CA1000B6B7B8B9BABBBCBDBEBFC0C1C2C3C4C53E
:10CA2000C7C7C8C9CACBCCCDCECFD0D1D2D3D4D52D
:10CA3000D6D7D8D9DADBDCDDDEDFE0E1E2E3E5E51D
:10CA4000E6E7E7E9EAEBEDEDEEEFF0F1F2F3F4F50E
:10CA5000F6F7F8F9FAFBFCFDFEFF01030507090EE6
:10CA600010121416181C1E000004000200018000A1
:10CA700040002000100008000400020000000080B8
:10CA800000400020001000080040002000100008B6
:10CA900000040002C700FC00E900E200E400E0003E
:10CAA000E500E700EA00EB00E800EF00EE00EC0034
:10CAB000C400C500C900E600C600F400F600F2009C
:10CAC000FB00F900FF00D600DC00F800A300D8004E
:10CAD000D7009201E100ED00F300FA00F100D1006F
:10CAE000AA00BA00BF00AE00AC00BD00BC00A100AF
:10CAF000AB00BB0091259225932502252425C1007A
:10CB0000C200C000A9006325512557255D25A2005C
:10CB1000A5001025142534252C251C2500253C2591
:10CB2000E300C3005A255425692566256025502554
:10CB30006C25A400F000D000CA00CB00C800310171
:10CB4000CD00CE00CF0018250C2588258425A60011
:10CB5000CC008025D300DF00D400D200F500D50042
:10CB6000B500FE00DE00DA00DB00D900FD00DD00CC
:10CB7000AF00B400AD00B1001720BE00B600A700A2
:10CB8000F700B800B000A800B700B900B300B200C9
:10CB9000A025A000610062006300640065006600DB
:10CBA0006700680069006A006B006C006D006E0031
:10CBB0006F007000710072007300740075007600E1
:10CBC0007700780079007A00A100A200A300A500F8
:10CBD000AC00AF00E000E100E200E300E400E500AB
:10CBE000E600E700E800E900EA00EB00EC00ED00F9
:10CBF000EE00EF00F000F100F200F300F400F500A9
:10CC0000F600F800F900FA00FB00FC00FD00FE0051
:10CC1000FF00010103010501070109010B010D01DD
:10CC20000F01110113011501170119011B011D014C
:10CC30001F01210123012501270129012B012D01BC
:10CC40002F0131013301350137013A013C013E0129
:10CC5000400142014401460148014B014D014F0191
:10CC6000510153015501570159015B015D015F01FC
:10CC7000610163016501670169016B016D016F016C
:10CC800071017301750177017A017C017E019201C6
:10CC9000B103B203B303B403B503B603B703B803D8
:10CCA000B903BA03BB03BC03BD03BE03BF03C00388
:10CCB000C103C303C403C503C603C703C803C90331
:10CCC000CA03300431043204330434043504360416
:10CCD0003704380439043A043B043C043D043E0460
:10CCE0003F04400441044204430444044504460410
:10CCF0004704480449044A044B044C044D044E04C0
:10CD00004F04510452045304540455045604570468
:10CD1000580459045A045B045C045E045F047021E7
:10CD20007121722173217421752176217721782157
:10CD300079217A217B217C217D217E217F2141FF68
:10CD400042FF43FF44FF45FF46FF47FF48FF49FFBF
:10CD50004AFF4BFF4CFF4DFF4EFF4FFF50FF51FF6F
:10CD600052FF53FF54FF55FF56FF57FF58FF59FF1F
:10CD70005AFF0000410042004300440045004600C5
:10CD80004700480049004A004B004C004D004E004F
:10CD90004F005000510052005300540055005600FF
:10CDA0005700580059005A002100E0FFE1FFE5FF5D
:10CDB000E2FFE3FFC000C100C200C300C400C50021
:10CDC000C600C700C800C900CA00CB00CC00CD0017
:10CDD000CE00CF00D000D100D200D300D400D500C7
:10CDE000D600D800D900DA00DB00DC00DD00DE0070
:10CDF0007801000102010401060108010A010C0189
:10CE00000E01100112011401160118011A011C0172
:10CE10001E01200122012401260128012A012C01E2
:10CE20002E01300132013401360139013B013D014F
:10CE30003F0141014301450147014A014C014E01B7
:10CE4000500152015401560158015A015C015E0122
:10CE5000600162016401660168016A016C016E0192
:10CE6000700172017401760179017B017D019101EC
:10CE700091039203930394039503960397039803F6
:10CE800099039A039B039C039D039E039F03A003A6
:10CE9000A103A303A403A503A603A703A803A9034F
:10CEA000AA03100411041204130414041504160434
:10CEB0001704180419041A041B041C041D041E047E
:10CEC0001F0420042104220423042404250426042E
:10CED0002704280429042A042B042C042D042E04DE
:10CEE0002F040104020403040404050406040704D7
:10CEF000080409040A040B040C040E040F04602146
:10CF000061216221632164216521662167216821F5
:10CF100069216A216B216C216D216E216F2121FF16
:10CF200022FF23FF24FF25FF26FF27FF28FF29FFDD
:10CF30002AFF2BFF2CFF2DFF2EFF2FFF30FF31FF8D
:10CF400032FF33FF34FF35FF36FF37FF38FF39FF3D
:10CF50003AFF00000400000800000000000000028A
:10CF600000010000100000000000000000000000B0
:10CF7000303132333435363738394142434445460F
:10CF80004030580030313233343536373839616209
:10CF9000636465664030780030313233343536377B
:10CFA00038396162636465667870003031323334D9
:10CFB0003536373839414243444546585000000021
:10CFC00002400000000000A000000000054000003A
:10CFD000000000C8000000000C4000000000409C61
:10CFE00000000000194000000020BCBE000000004E
:10CFF00034400000BFC91B8E00000004B540000093
:10D00000504BCFD06607E2CF010000006C4100001A
:10D010003E8251AADFEEA73401000000D942000091
:10D02000DCB5A0E23A301F97FFFFFFFFB4450000D8
:10D03000FD25A0C8E9A3C14FFFFFFFFFFF3F000090
:10D040000000008000000000FF3F000000000080A2
:10D0500000000000537973496E69745461736B006A
:10D06000ACD10008000000200C0100006C01000899
:10D07000B8D200080C0100202493000088010008A9
:10D080001C00000043000000F8FFFFFF0C00000040
:10D090000E0000000F0000002E0000001001000034
:10D0A00043000000F8FFFFFF004040404040404088
:10D0B000404041414141414040404040404040406B
:10D0C000404040404040404040050202020202020F
:10D0D000020202020202020202202020202020205E
:10D0E0002020200202020202020290909090909072
:10D0F0001010101010101010101010101010101030
:10D1000010101010020202020202888888888888A3
:10D11000080808080808080808080808080808088F
:10D120000808080802020202400000000000000097
:10D1300000000000000000000000000000000000EF
:10D1400000000000000000000000000000000000DF
:10D1500000000000000000000000000000000000CF
:10D1600000000000000000000000000000000000BF
:10D1700000000000000000000000000000000000AF
:10D18000000000000000000000000000000000009F
:10D19000000000000000000000000000000000008F
:10D1A000000000000000000000000000000000007F
:10D1B000000000000000000000000000000000006F
:10D1C000000000000000000001000000100000004E
:10D1D000000000000024F400000000000000000037
:10D1E000000000000000000000000000000000003F
:10D1F000000000000000000000000000000000002F
:10D20000000000000000000000000000000000001E
:10D21000000000000000000000000000000000000E
:10D2200000000000000000000000000000000000FE
:10D2300000000000000000000000000000000000EE
:10D2400000000000000000000000000000000000DE
:10D25000AAAAAAAA00000000000000000000000026
:10D2600000000000000000000000000000000000BE
:10D2700000000000000000000600F0004001000077
:10D280000000FFFFDC000020EAC3000808001000D7
:10D29000000001005D740008F5740008C574000802
:10D2A00009750008857400080000000000000000F7
:08D2B000000000000000000076
:0400000508000131BD
:00000001FF
